{
"type": "FeatureCollection",
"name": "perindustrian_selangor",
"crs": { "type": "name", "properties": { "name": "urn:ogc:def:crs:OGC:1.3:CRS84" } },
"features": [
{ "type": "Feature", "properties": { "NAMA": "Sepang Industrial Area", "LOKASI": "Sepang", "DAERAH": "Sepang", "PBT": "MPSP", "KATEGORI": "Industrial Area", "MIP": "No", "ALAMAT": "Sepang Industrial Area, Sepang, Selangor, Malaysia", "AREA_HA": 12.297 }, "geometry": { "type": "Polygon", "coordinates": [ [ [ 101.734807650171419, 2.679634038789072, 0.0 ], [ 101.737123496453862, 2.680440078062831, 0.0 ], [ 101.737813049123744, 2.68064108228694, 0.0 ], [ 101.738817317637597, 2.679837537135052, 0.0 ], [ 101.738717980776826, 2.679726086731921, 0.0 ], [ 101.738587591077319, 2.679442310145334, 0.0 ], [ 101.737350142440093, 2.676353013812977, 0.0 ], [ 101.735696671613908, 2.677047373233233, 0.0 ], [ 101.735899878384814, 2.677479874758406, 0.0 ], [ 101.735760142843148, 2.677543264913435, 0.0 ], [ 101.735650884500899, 2.677716322010689, 0.0 ], [ 101.734807650171419, 2.679634038789072, 0.0 ] ] ] } },
{ "type": "Feature", "properties": { "NAMA": "Port Klang Free Zone", "LOKASI": "Pulau Indah, Klang", "DAERAH": "Klang", "PBT": "MBDK", "KATEGORI": "Free Industrial Zone / FTZ", "MIP": "No", "ALAMAT": "Port Klang Free Zone, Klang, Selangor, Malaysia", "AREA_HA": 405.246 }, "geometry": { "type": "Polygon", "coordinates": [ [ [ 101.284812182622062, 2.901283466461613, 0.0 ], [ 101.288148402588106, 2.905331201777955, 0.0 ], [ 101.288791549099713, 2.906866297736403, 0.0 ], [ 101.290866807892016, 2.909913564060295, 0.0 ], [ 101.292066374361241, 2.913141111121373, 0.0 ], [ 101.29203467111364, 2.913787924657256, 0.0 ], [ 101.292740661517783, 2.916815149243337, 0.0 ], [ 101.293961097890417, 2.921325547874243, 0.0 ], [ 101.303668423052315, 2.910970278727576, 0.0 ], [ 101.311005845825619, 2.917983207959508, 0.0 ], [ 101.313886264957191, 2.91741124230673, 0.0 ], [ 101.314723717971034, 2.918215227662246, 0.0 ], [ 101.316995925674036, 2.918047651962982, 0.0 ], [ 101.318839425652712, 2.916951594212533, 0.0 ], [ 101.319245707121539, 2.916800158074901, 0.0 ], [ 101.310372042168254, 2.912423291283183, 0.0 ], [ 101.303956897620367, 2.90514322261966, 0.0 ], [ 101.29777898343778, 2.898106116627801, 0.0 ], [ 101.291144346101646, 2.894689138647811, 0.0 ], [ 101.284812182622062, 2.901283466461613, 0.0 ] ] ] } },
{ "type": "Feature", "properties": { "NAMA": "Costa Lagenda Industrial Park", "LOKASI": "Pulau Indah, Klang", "DAERAH": "Klang", "PBT": "MBDK", "KATEGORI": "Industrial Park", "MIP": "No", "ALAMAT": "Costa Lagenda Industrial Park, Pulau Indah / Pelabuhan Klang, Selangor, Malaysia", "AREA_HA": 58.771 }, "geometry": { "type": "Polygon", "coordinates": [ [ [ 101.377542537606644, 2.981605565697118, 0.0 ], [ 101.373753355555664, 2.97733437862621, 0.0 ], [ 101.371279538164003, 2.975068126020768, 0.0 ], [ 101.368599606777764, 2.971220126583252, 0.0 ], [ 101.366050281065554, 2.967267864891458, 0.0 ], [ 101.364350452238668, 2.963333802036526, 0.0 ], [ 101.363049130922334, 2.964377352833022, 0.0 ], [ 101.364758475621983, 2.966532414626385, 0.0 ], [ 101.363049296661117, 2.96790281366451, 0.0 ], [ 101.371967959786375, 2.979289587506615, 0.0 ], [ 101.376906114208538, 2.982147300265433, 0.0 ], [ 101.377542537606644, 2.981605565697118, 0.0 ] ] ] } },
{ "type": "Feature", "properties": { "NAMA": "Pulau Indah Industrial Park Phase 3", "LOKASI": "Pulau Indah, Klang", "DAERAH": "Klang", "PBT": "MBDK", "KATEGORI": "Industrial Area", "MIP": "No", "ALAMAT": "Pulau Indah Industrial Area, Pulau Indah, Selangor, Malaysia", "AREA_HA": 123.135 }, "geometry": { "type": "Polygon", "coordinates": [ [ [ 101.353214505796615, 2.980438849184103, 0.0 ], [ 101.353381516868552, 2.980687798141044, 0.0 ], [ 101.358063684053903, 2.9867374319095, 0.0 ], [ 101.360176673921856, 2.98811983135138, 0.0 ], [ 101.361524682776334, 2.988805900265181, 0.0 ], [ 101.362571151851398, 2.98708154972344, 0.0 ], [ 101.363859466396733, 2.98492857051326, 0.0 ], [ 101.364111023172569, 2.984477454751534, 0.0 ], [ 101.364798996737946, 2.983377167508996, 0.0 ], [ 101.366842303818316, 2.98177533231895, 0.0 ], [ 101.360817638138869, 2.974510583871635, 0.0 ], [ 101.353214505796615, 2.980438849184103, 0.0 ] ] ] } },
{ "type": "Feature", "properties": { "NAMA": "Pulau Indah Industrial Park", "LOKASI": "Pulau Indah", "DAERAH": "Klang", "PBT": "MBDK", "KATEGORI": "Industrial Park", "MIP": "No", "ALAMAT": "SBB Industrial Park, Pulau Indah, Selangor, Malaysia", "AREA_HA": 474.453 }, "geometry": { "type": "Polygon", "coordinates": [ [ [ 101.335903166337403, 2.96152093220038, 0.0 ], [ 101.334462969453995, 2.961483720351405, 0.0 ], [ 101.333825327843385, 2.961352309885557, 0.0 ], [ 101.33258678178187, 2.960860876797901, 0.0 ], [ 101.329698547049802, 2.959185215648298, 0.0 ], [ 101.327521047934013, 2.957902238052316, 0.0 ], [ 101.325568333894893, 2.956979540243698, 0.0 ], [ 101.323782232137688, 2.956376273407675, 0.0 ], [ 101.322471593662357, 2.956199256485208, 0.0 ], [ 101.320280397069325, 2.956222220948814, 0.0 ], [ 101.320202125848851, 2.956308934585322, 0.0 ], [ 101.320425814549324, 2.958634673357559, 0.0 ], [ 101.320632567481837, 2.95937381701395, 0.0 ], [ 101.321373323407997, 2.960923709546031, 0.0 ], [ 101.321681405432571, 2.96330972227029, 0.0 ], [ 101.321969769626364, 2.966022773560082, 0.0 ], [ 101.322900408332757, 2.968067975234093, 0.0 ], [ 101.323597893294746, 2.969150614135431, 0.0 ], [ 101.325185226553614, 2.970808085262679, 0.0 ], [ 101.327013176554871, 2.972672200548603, 0.0 ], [ 101.327260322823676, 2.972426116113679, 0.0 ], [ 101.328370354555886, 2.973095644390544, 0.0 ], [ 101.328269678673706, 2.973276893882879, 0.0 ], [ 101.329015014090345, 2.973424268905859, 0.0 ], [ 101.329118162682335, 2.973192276705901, 0.0 ], [ 101.330089148266083, 2.973920934381051, 0.0 ], [ 101.33304121589056, 2.976387126362098, 0.0 ], [ 101.333603303742066, 2.977054112663466, 0.0 ], [ 101.333911945093988, 2.977010897848727, 0.0 ], [ 101.337107404457456, 2.979300943057888, 0.0 ], [ 101.337449805400468, 2.979064635917323, 0.0 ], [ 101.33937084842924, 2.978831267266871, 0.0 ], [ 101.337479028554895, 2.97909557944342, 0.0 ], [ 101.338710753111016, 2.979869767470996, 0.0 ], [ 101.339959465319993, 2.978428049250289, 0.0 ], [ 101.342227114942645, 2.976793126818589, 0.0 ], [ 101.343429034716607, 2.975948940975727, 0.0 ], [ 101.344066037948508, 2.975775003930181, 0.0 ], [ 101.344891992111158, 2.975178052416257, 0.0 ], [ 101.345356748762555, 2.974629287506819, 0.0 ], [ 101.345862016154328, 2.973998979215928, 0.0 ], [ 101.345862031281854, 2.97361058303028, 0.0 ], [ 101.346230302965736, 2.97333438705472, 0.0 ], [ 101.346827702832215, 2.972880585568695, 0.0 ], [ 101.3472453342346, 2.972626204841471, 0.0 ], [ 101.347587030960483, 2.972418012305904, 0.0 ], [ 101.34706531903133, 2.972131047478948, 0.0 ], [ 101.346235157454061, 2.971801683778223, 0.0 ], [ 101.34673103932623, 2.97107587675346, 0.0 ], [ 101.347166155143924, 2.968620173011549, 0.0 ], [ 101.347584494097688, 2.967028738103532, 0.0 ], [ 101.347694047450389, 2.965702743776851, 0.0 ], [ 101.347914411957191, 2.965039056002, 0.0 ], [ 101.347689211990357, 2.963976987561491, 0.0 ], [ 101.346678330678373, 2.963376957832278, 0.0 ], [ 101.344649266271304, 2.962788813101046, 0.0 ], [ 101.344213373531687, 2.962706332745422, 0.0 ], [ 101.344588436044731, 2.960896466109175, 0.0 ], [ 101.343399853057676, 2.960281582305662, 0.0 ], [ 101.335903166337403, 2.96152093220038, 0.0 ] ] ] } },
{ "type": "Feature", "properties": { "NAMA": "Telok Gong Industrial Area", "LOKASI": "Telok Gong, Pelabuhan Klang", "DAERAH": "Klang", "PBT": "MBDK", "KATEGORI": "Industrial Area", "MIP": "No", "ALAMAT": "Telok Gong Industrial Area, Klang, Selangor, Malaysia", "AREA_HA": 76.023 }, "geometry": { "type": "Polygon", "coordinates": [ [ [ 101.395327070131302, 2.975789906890939, 0.0 ], [ 101.398174353211999, 2.976295276646647, 0.0 ], [ 101.399340809521931, 2.976723508102948, 0.0 ], [ 101.401834747387909, 2.977508873054773, 0.0 ], [ 101.403600078190394, 2.978061251272667, 0.0 ], [ 101.403681533574655, 2.977929830787262, 0.0 ], [ 101.404279780932612, 2.978101657257334, 0.0 ], [ 101.405719059265721, 2.978518503241868, 0.0 ], [ 101.405626951588118, 2.979954330330797, 0.0 ], [ 101.408881108008046, 2.980945430305711, 0.0 ], [ 101.407915782148336, 2.977049467064609, 0.0 ], [ 101.40772984633368, 2.976763998382741, 0.0 ], [ 101.405897970468743, 2.97458335198402, 0.0 ], [ 101.402268799766958, 2.970372432772753, 0.0 ], [ 101.398272181688625, 2.973380470591239, 0.0 ], [ 101.396717137563343, 2.972683473896168, 0.0 ], [ 101.395764453678538, 2.971284892359295, 0.0 ], [ 101.395327070131302, 2.975789906890939, 0.0 ] ] ] } },
{ "type": "Feature", "properties": { "NAMA": "Sobena Jaya Industrial Park", "LOKASI": null, "DAERAH": "Klang", "PBT": "MBDK", "KATEGORI": "Industrial Park", "MIP": "No", "ALAMAT": "Sobena Jaya Industrial Park, Klang, Selangor, Malaysia", "AREA_HA": 14.296 }, "geometry": { "type": "Polygon", "coordinates": [ [ [ 101.413789767930098, 2.989684715044783, 0.0 ], [ 101.413789974822734, 2.989684733127007, 0.0 ], [ 101.413972591832987, 2.989464452324488, 0.0 ], [ 101.415254501426475, 2.989397554254176, 0.0 ], [ 101.415365977001159, 2.98944687001859, 0.0 ], [ 101.416292499637166, 2.989449931178085, 0.0 ], [ 101.416457284776811, 2.989450487760069, 0.0 ], [ 101.417407189837704, 2.989453703840591, 0.0 ], [ 101.418561731774489, 2.989416104141868, 0.0 ], [ 101.418782800223013, 2.989537386153275, 0.0 ], [ 101.418782806980474, 2.989788883496636, 0.0 ], [ 101.418739088592844, 2.990483280292775, 0.0 ], [ 101.419945543637098, 2.990448641250219, 0.0 ], [ 101.419949668410254, 2.989239660767235, 0.0 ], [ 101.419119824654615, 2.988435108319869, 0.0 ], [ 101.418858141388725, 2.988669810097419, 0.0 ], [ 101.418623233947415, 2.988721284529573, 0.0 ], [ 101.418325855243936, 2.988306600746599, 0.0 ], [ 101.416545117053346, 2.986562174993777, 0.0 ], [ 101.416276276829606, 2.986496008992062, 0.0 ], [ 101.416001462641049, 2.986531472426841, 0.0 ], [ 101.413955145451808, 2.988185846772071, 0.0 ], [ 101.414430377355998, 2.988822747756332, 0.0 ], [ 101.413777103215082, 2.989353027923584, 0.0 ], [ 101.413789767930098, 2.989684715044783, 0.0 ] ] ] } },
{ "type": "Feature", "properties": { "NAMA": "Kawasan Perindustrian Pandamaran", "LOKASI": null, "DAERAH": "Klang", "PBT": "MBDK", "KATEGORI": "Industrial Area", "MIP": "No", "ALAMAT": "Kawasan Perindustrian Pandamaran, Klang, Selangor, Malaysia", "AREA_HA": 17.993 }, "geometry": { "type": "Polygon", "coordinates": [ [ [ 101.41985190154945, 2.99216385735008, 0.0 ], [ 101.419820392740476, 2.991001836905611, 0.0 ], [ 101.419642312435656, 2.991007003897707, 0.0 ], [ 101.419532406737616, 2.991009981354216, 0.0 ], [ 101.41897035947602, 2.991026031800497, 0.0 ], [ 101.418706768662261, 2.991029690719238, 0.0 ], [ 101.417593593496804, 2.991026644642964, 0.0 ], [ 101.417483434931199, 2.991026064208157, 0.0 ], [ 101.417174561529691, 2.99102516241829, 0.0 ], [ 101.417154775696829, 2.991177970040673, 0.0 ], [ 101.417612918525549, 2.991598371721206, 0.0 ], [ 101.417617065505652, 2.991707996268878, 0.0 ], [ 101.417660702273906, 2.992940902615473, 0.0 ], [ 101.417832910657538, 2.997592831179088, 0.0 ], [ 101.419843377096356, 2.997599956829283, 0.0 ], [ 101.420065200828219, 2.996717526439594, 0.0 ], [ 101.420109233130205, 2.995916669323248, 0.0 ], [ 101.420035966007319, 2.995344086560432, 0.0 ], [ 101.419866809853261, 2.994756521504585, 0.0 ], [ 101.419820979945356, 2.994161911722879, 0.0 ], [ 101.419837254657963, 2.993108081240716, 0.0 ], [ 101.41985190154945, 2.99216385735008, 0.0 ] ] ] } },
{ "type": "Feature", "properties": { "NAMA": "Kawasan Perindustrian MIEL, Pandamaran", "LOKASI": null, "DAERAH": "Klang", "PBT": "MBDK", "KATEGORI": "Industrial Area", "MIP": "No", "ALAMAT": "Kawasan Perindustrian MIEL, Pandamaran, Klang, Selangor, Malaysia", "AREA_HA": 14.598 }, "geometry": { "type": "Polygon", "coordinates": [ [ [ 101.418476173056703, 3.016936506649692, 0.0 ], [ 101.41847838626957, 3.017015123039853, 0.0 ], [ 101.41886068216283, 3.017409525141198, 0.0 ], [ 101.421306942054784, 3.016915582851833, 0.0 ], [ 101.421342307435268, 3.016865576088296, 0.0 ], [ 101.421226822146537, 3.015833774347543, 0.0 ], [ 101.421198047722442, 3.015573628834663, 0.0 ], [ 101.4212061175743, 3.01532696057475, 0.0 ], [ 101.42108697734362, 3.014436542262187, 0.0 ], [ 101.420832261862486, 3.01247124150484, 0.0 ], [ 101.418753564692707, 3.012477856817906, 0.0 ], [ 101.41862788713064, 3.014061152720408, 0.0 ], [ 101.418545888652474, 3.01506990844796, 0.0 ], [ 101.418476173056703, 3.016936506649692, 0.0 ] ] ] } },
{ "type": "Feature", "properties": { "NAMA": "Taman Klang Jaya Industrial Area", "LOKASI": null, "DAERAH": "Klang", "PBT": "MBDK", "KATEGORI": "Industrial Area", "MIP": "No", "ALAMAT": "Taman Klang Jaya Industrial Area, Klang, Selangor, Malaysia", "AREA_HA": 17.994 }, "geometry": { "type": "MultiPolygon", "coordinates": [ [ [ [ 101.453288615124038, 3.009366570316173, 0.0 ], [ 101.453289180060764, 3.009366927498605, 0.0 ], [ 101.453755766777164, 3.009328268051329, 0.0 ], [ 101.454245554460869, 3.009287461004374, 0.0 ], [ 101.454491546187541, 3.009267071349517, 0.0 ], [ 101.455142179288288, 3.009213002849656, 0.0 ], [ 101.455107802369568, 3.009006685220879, 0.0 ], [ 101.454419137421894, 3.007170845484575, 0.0 ], [ 101.453905695393829, 3.005764301302567, 0.0 ], [ 101.453377282426544, 3.004337373785217, 0.0 ], [ 101.452905408700289, 3.003062062230737, 0.0 ], [ 101.452671699908251, 3.002431036424682, 0.0 ], [ 101.451972827828186, 3.002477457214671, 0.0 ], [ 101.451713334979033, 3.002489592195094, 0.0 ], [ 101.450689175681845, 3.002564731997234, 0.0 ], [ 101.450361854254282, 3.002570001095621, 0.0 ], [ 101.453288615124038, 3.009366570316173, 0.0 ] ] ], [ [ [ 101.453233561679696, 3.009331724678153, 0.0 ], [ 101.453288783362225, 3.009366960078433, 0.0 ], [ 101.453288615124038, 3.009366570316173, 0.0 ], [ 101.453233561679696, 3.009331724678153, 0.0 ] ] ] ] } },
{ "type": "Feature", "properties": { "NAMA": "Bukit Kemuning (Seksyen 32)", "LOKASI": "Bukit Kemuning, Shah Alam", "DAERAH": "Petaling", "PBT": "MBSA", "KATEGORI": "Other Industrial Cluster", "MIP": "No", "ALAMAT": "Bukit Kemuning Industrial Area, Seksyen 32/34, Shah Alam, Selangor, Malaysia", "AREA_HA": 13.026 }, "geometry": { "type": "Polygon", "coordinates": [ [ [ 101.497232783704007, 3.00759856229477, 0.0 ], [ 101.500119375716153, 3.00761801249561, 0.0 ], [ 101.500055985821277, 3.003863188403204, 0.0 ], [ 101.497306849746337, 3.003832191503014, 0.0 ], [ 101.497232783704007, 3.00759856229477, 0.0 ] ] ] } },
{ "type": "Feature", "properties": { "NAMA": "Alphine Industrial Park (Seksyen 34)", "LOKASI": "Seksyen 34, Bukit Kemuning, Shah Alam", "DAERAH": "Petaling", "PBT": "MBSA", "KATEGORI": "Industrial Park", "MIP": "No", "ALAMAT": "Alpine Industrial Park, Shah Alam, Selangor, Malaysia", "AREA_HA": 7.499 }, "geometry": { "type": "Polygon", "coordinates": [ [ [ 101.500213568109587, 3.007186760444405, 0.0 ], [ 101.500254753515165, 3.007228274608474, 0.0 ], [ 101.503279521995168, 3.00723691391748, 0.0 ], [ 101.503321004754682, 3.007195662487111, 0.0 ], [ 101.503321295230307, 3.006961419613865, 0.0 ], [ 101.503321880077422, 3.006616837856632, 0.0 ], [ 101.503322158401986, 3.006352209067506, 0.0 ], [ 101.503322754729197, 3.006117966158489, 0.0 ], [ 101.503322743265144, 3.006007717740709, 0.0 ], [ 101.503323339585435, 3.005773384395956, 0.0 ], [ 101.503323617888, 3.005508475256522, 0.0 ], [ 101.503323899380831, 3.005274232376988, 0.0 ], [ 101.502274265996064, 3.005271448258393, 0.0 ], [ 101.501363954040968, 3.005268920050546, 0.0 ], [ 101.500212132470296, 3.005266325356792, 0.0 ], [ 101.500212497682043, 3.005764392121665, 0.0 ], [ 101.500213568109587, 3.007186760444405, 0.0 ] ] ] } },
{ "type": "Feature", "properties": { "NAMA": "Selat Klang Utara Industrial Area", "LOKASI": null, "DAERAH": "Klang", "PBT": "MBDK", "KATEGORI": "Industrial Area", "MIP": "No", "ALAMAT": "Selat Klang Utara Industrial Area, Klang, Selangor, Malaysia", "AREA_HA": 249.047 }, "geometry": { "type": "Polygon", "coordinates": [ [ [ 101.36463611558338, 3.016355147125242, 0.0 ], [ 101.365865284065123, 3.015928666536043, 0.0 ], [ 101.36676474969066, 3.015345021619452, 0.0 ], [ 101.36744542093578, 3.015007916548478, 0.0 ], [ 101.36839242549118, 3.01464379621707, 0.0 ], [ 101.369454511393599, 3.01433264787012, 0.0 ], [ 101.370776909947764, 3.014012677645755, 0.0 ], [ 101.371312141104752, 3.013882410936389, 0.0 ], [ 101.37214675366549, 3.013736463725525, 0.0 ], [ 101.373263917799719, 3.013788664887715, 0.0 ], [ 101.373877065262334, 3.013974727211248, 0.0 ], [ 101.374329492792441, 3.014212705922827, 0.0 ], [ 101.374702839968791, 3.014309461820198, 0.0 ], [ 101.376207542708357, 3.015249553952887, 0.0 ], [ 101.380193278307971, 3.011987865888336, 0.0 ], [ 101.383697247287884, 3.009279438382331, 0.0 ], [ 101.384563559898794, 3.008602437036578, 0.0 ], [ 101.385641746652141, 3.007634884331468, 0.0 ], [ 101.385800393592604, 3.007362884847714, 0.0 ], [ 101.386082618768555, 3.003582104416861, 0.0 ], [ 101.386019853725728, 3.003454250544892, 0.0 ], [ 101.385149105497717, 3.003372256248602, 0.0 ], [ 101.380308973314342, 3.003209790704537, 0.0 ], [ 101.375748608186342, 3.003357852355138, 0.0 ], [ 101.37499520291253, 3.003302623581317, 0.0 ], [ 101.373097943080893, 3.002895518138861, 0.0 ], [ 101.37273984201147, 3.004784600761207, 0.0 ], [ 101.372697780031388, 3.00500010028245, 0.0 ], [ 101.372428687926529, 3.00494725348093, 0.0 ], [ 101.367141426883961, 3.003908484080106, 0.0 ], [ 101.366009335587179, 3.009210641737269, 0.0 ], [ 101.363840656547495, 3.008785106563503, 0.0 ], [ 101.36367900280888, 3.008893461568253, 0.0 ], [ 101.363192626773596, 3.011434895646894, 0.0 ], [ 101.36294945003371, 3.011858457012918, 0.0 ], [ 101.362644409462519, 3.011952088211665, 0.0 ], [ 101.362168662852355, 3.011868353059918, 0.0 ], [ 101.360194971069689, 3.011486639005989, 0.0 ], [ 101.359740322991811, 3.013147129175821, 0.0 ], [ 101.365026078826133, 3.013869895754991, 0.0 ], [ 101.36463611558338, 3.016355147125242, 0.0 ] ] ] } },
{ "type": "Feature", "properties": { "NAMA": "Kawasan Industri Bandar Sultan Suleiman", "LOKASI": "Bandar Sultan Suleiman, Klang", "DAERAH": "Klang", "PBT": "MBDK", "KATEGORI": "Industrial Area", "MIP": "No", "ALAMAT": "Kawasan Industri Bandar Sultan Suleiman, Klang, Selangor, Malaysia", "AREA_HA": 121.291 }, "geometry": { "type": "Polygon", "coordinates": [ [ [ 101.37391006616447, 3.059016086257921, 0.0 ], [ 101.376066226820669, 3.057912479153618, 0.0 ], [ 101.376396962469471, 3.057797125972676, 0.0 ], [ 101.375956797198796, 3.056967328400978, 0.0 ], [ 101.375902252220044, 3.056626411884447, 0.0 ], [ 101.375991963035631, 3.056293326950026, 0.0 ], [ 101.376208706249116, 3.056025939590062, 0.0 ], [ 101.376515573054718, 3.055870701809733, 0.0 ], [ 101.383948311923035, 3.053964228881656, 0.0 ], [ 101.383717849666056, 3.052609414157516, 0.0 ], [ 101.3833844315009, 3.05129473810217, 0.0 ], [ 101.383312405275746, 3.051011671792534, 0.0 ], [ 101.382653071322594, 3.048413823890271, 0.0 ], [ 101.382581263177414, 3.04813069330996, 0.0 ], [ 101.381945459656464, 3.045624562630916, 0.0 ], [ 101.381882377885887, 3.045595193641832, 0.0 ], [ 101.381435089379181, 3.045812551384453, 0.0 ], [ 101.380556696093976, 3.046594359923019, 0.0 ], [ 101.379466877889186, 3.047087259654079, 0.0 ], [ 101.378716901132293, 3.047166138557821, 0.0 ], [ 101.377893851091358, 3.047109106866971, 0.0 ], [ 101.377266332919305, 3.047026598644054, 0.0 ], [ 101.376681415234088, 3.046948311121176, 0.0 ], [ 101.376679488198704, 3.046960363288644, 0.0 ], [ 101.376250892025013, 3.046891662471556, 0.0 ], [ 101.37524367311147, 3.046789412950997, 0.0 ], [ 101.374611451432557, 3.046774056067425, 0.0 ], [ 101.373989527229668, 3.047146662441296, 0.0 ], [ 101.373982272834411, 3.047289357840165, 0.0 ], [ 101.373965701049983, 3.047335404078565, 0.0 ], [ 101.373910219927097, 3.048076294165603, 0.0 ], [ 101.374506366854334, 3.050201718271043, 0.0 ], [ 101.374466720503221, 3.050268814608868, 0.0 ], [ 101.371889479823338, 3.050929881378542, 0.0 ], [ 101.372004655973612, 3.051385750226674, 0.0 ], [ 101.370586831742486, 3.051749486229507, 0.0 ], [ 101.37117005724653, 3.05348026978979, 0.0 ], [ 101.37156324175028, 3.054382390761328, 0.0 ], [ 101.37391006616447, 3.059016086257921, 0.0 ] ] ] } },
{ "type": "Feature", "properties": { "NAMA": "AXIS Industrial Park (Seksyen 25)", "LOKASI": "Seksyen 25, Shah Alam", "DAERAH": "Petaling", "PBT": "MBSA", "KATEGORI": "Industrial Park", "MIP": "No", "ALAMAT": "Axis Industrial Park, Seksyen 25, Shah Alam, Selangor, Malaysia", "AREA_HA": 17.071 }, "geometry": { "type": "Polygon", "coordinates": [ [ [ 101.546374491565089, 3.029129701490208, 0.0 ], [ 101.546374240260945, 3.028510128661083, 0.0 ], [ 101.546150624047598, 3.028116112851654, 0.0 ], [ 101.54494849862914, 3.027273369198424, 0.0 ], [ 101.544211831577229, 3.026911078824171, 0.0 ], [ 101.541909382340805, 3.026893501296581, 0.0 ], [ 101.541827344897115, 3.026976350537752, 0.0 ], [ 101.541846689227626, 3.028030809322814, 0.0 ], [ 101.541829765741426, 3.028782101976216, 0.0 ], [ 101.541885096848588, 3.02922394606178, 0.0 ], [ 101.542029752163316, 3.029583346803187, 0.0 ], [ 101.542206594970509, 3.029885660952212, 0.0 ], [ 101.542605130665663, 3.030153045012011, 0.0 ], [ 101.54281879533572, 3.030281168712025, 0.0 ], [ 101.543375853222727, 3.030425430983443, 0.0 ], [ 101.543812141975224, 3.030487415285066, 0.0 ], [ 101.544387331412125, 3.030484257830034, 0.0 ], [ 101.545120036893209, 3.03048415204279, 0.0 ], [ 101.545522552369846, 3.030394826243374, 0.0 ], [ 101.545957457165869, 3.030221879339119, 0.0 ], [ 101.546308038102126, 3.029984195578642, 0.0 ], [ 101.546374582824612, 3.029762152147098, 0.0 ], [ 101.546374491565089, 3.029129701490208, 0.0 ] ] ] } },
{ "type": "Feature", "properties": { "NAMA": "Hicom Industrial Estate (Seksyen 26, 27 & 28)", "LOKASI": "Seksyen 26, Shah Alam", "DAERAH": "Petaling", "PBT": "MBSA", "KATEGORI": "Industrial Estate", "MIP": "No", "ALAMAT": "HICOM Industrial Estate, Seksyen 26, 40400 Shah Alam, Selangor, Malaysia", "AREA_HA": 146.354 }, "geometry": { "type": "Polygon", "coordinates": [ [ [ 101.556012813093005, 3.035634510630849, 0.0 ], [ 101.560989376006475, 3.034744905863758, 0.0 ], [ 101.562667392080911, 3.034445037882744, 0.0 ], [ 101.565881636498744, 3.033875368724513, 0.0 ], [ 101.56622225698267, 3.03381503851232, 0.0 ], [ 101.568141933838149, 3.033374542796962, 0.0 ], [ 101.568603834068114, 3.032880027277711, 0.0 ], [ 101.569803062480759, 3.029776097169117, 0.0 ], [ 101.569409985421345, 3.02888523469254, 0.0 ], [ 101.566306937134357, 3.027644443086053, 0.0 ], [ 101.565893848329679, 3.027418226930315, 0.0 ], [ 101.565374800584024, 3.027082620879839, 0.0 ], [ 101.564519205085631, 3.026464693687537, 0.0 ], [ 101.563459292054262, 3.025906702247148, 0.0 ], [ 101.562888683017462, 3.025514862325117, 0.0 ], [ 101.562252575202876, 3.024768911099923, 0.0 ], [ 101.562132110817359, 3.024628386915436, 0.0 ], [ 101.561478684595528, 3.024034656463017, 0.0 ], [ 101.561056513899018, 3.023536435040884, 0.0 ], [ 101.560019562627971, 3.023227692327284, 0.0 ], [ 101.559492613881915, 3.023483097913753, 0.0 ], [ 101.559072093372563, 3.023685312218003, 0.0 ], [ 101.55879448239385, 3.024109237303562, 0.0 ], [ 101.558835883731518, 3.02442173460855, 0.0 ], [ 101.55832879578081, 3.025021075229357, 0.0 ], [ 101.557157877475731, 3.026562271988627, 0.0 ], [ 101.556391578448739, 3.027569595497902, 0.0 ], [ 101.553781972202799, 3.031726574942223, 0.0 ], [ 101.553781370450793, 3.031726955761455, 0.0 ], [ 101.556012813093005, 3.035634510630849, 0.0 ] ] ] } },
{ "type": "Feature", "properties": { "NAMA": "Zon IKS Sabak Bernam", "LOKASI": null, "DAERAH": "Sabak Bernam", "PBT": "MDSB", "KATEGORI": "SME / IKS Zone", "MIP": "No", "ALAMAT": "Zon IKS Sabak Bernam, Sabak Bernam, Selangor, Malaysia", "AREA_HA": 0.998 }, "geometry": { "type": "Polygon", "coordinates": [ [ [ 100.967104794510277, 3.727863691942876, 0.0 ], [ 100.967555941840146, 3.727628673382446, 0.0 ], [ 100.9676090427796, 3.727646700930483, 0.0 ], [ 100.967591005734789, 3.727700676658774, 0.0 ], [ 100.967788211733478, 3.727601687415641, 0.0 ], [ 100.967736011000326, 3.72758365940641, 0.0 ], [ 100.967195636761204, 3.726515631493505, 0.0 ], [ 100.966580608403007, 3.726823977210129, 0.0 ], [ 100.967104794510277, 3.727863691942876, 0.0 ] ] ] } },
{ "type": "Feature", "properties": { "NAMA": "Kawasan Perindustrian Sg. Besar", "LOKASI": null, "DAERAH": "Sabak Bernam", "PBT": "MDSB", "KATEGORI": "Industrial Area", "MIP": "No", "ALAMAT": "Kawasan Perindustrian Sg. Besar, Sabak Bernam, Selangor, Malaysia", "AREA_HA": 29.851 }, "geometry": { "type": "Polygon", "coordinates": [ [ [ 100.984029887503382, 3.673622086111813, 0.0 ], [ 100.986564921370729, 3.676377963054076, 0.0 ], [ 100.991558583519549, 3.672368329886468, 0.0 ], [ 100.989174839832572, 3.669488212532511, 0.0 ], [ 100.984029887503382, 3.673622086111813, 0.0 ] ] ] } },
{ "type": "Feature", "properties": { "NAMA": "Taman Perindustrian Pertaman, Sekinchan", "LOKASI": null, "DAERAH": "Sabak Bernam", "PBT": "MDSB", "KATEGORI": "Industrial Area", "MIP": "No", "ALAMAT": "Kawasan Perindustrian Sekinchan, Sekinchan, Selangor, Malaysia", "AREA_HA": 10.639 }, "geometry": { "type": "Polygon", "coordinates": [ [ [ 101.104779762053056, 3.496843946466659, 0.0 ], [ 101.104857919234476, 3.497174868020378, 0.0 ], [ 101.105790325463033, 3.497112328563099, 0.0 ], [ 101.107143022824232, 3.497734528653146, 0.0 ], [ 101.107739322607927, 3.49811002123158, 0.0 ], [ 101.107897711860701, 3.497980829139188, 0.0 ], [ 101.107702465420758, 3.49786345593212, 0.0 ], [ 101.107824966674897, 3.497617624987211, 0.0 ], [ 101.107887071863928, 3.497601735698531, 0.0 ], [ 101.109084743894925, 3.495946628181636, 0.0 ], [ 101.109361067817474, 3.495874401067717, 0.0 ], [ 101.110077150492074, 3.494878042532581, 0.0 ], [ 101.111872558979897, 3.492404977556097, 0.0 ], [ 101.111242278226186, 3.493118125052113, 0.0 ], [ 101.110138553223038, 3.493961021009493, 0.0 ], [ 101.104779762053056, 3.496843946466659, 0.0 ] ] ] } },
{ "type": "Feature", "properties": { "NAMA": "Kawasan Perindustrian Ringan Kalumpang", "LOKASI": null, "DAERAH": "Hulu Selangor", "PBT": "MPHS", "KATEGORI": "Industrial Area", "MIP": "No", "ALAMAT": "Kawasan Perindustrian Kalumpang, Kalumpang, Selangor, Malaysia", "AREA_HA": 12.968 }, "geometry": { "type": "Polygon", "coordinates": [ [ [ 101.562020254715833, 3.64291003634826, 0.0 ], [ 101.56349299995351, 3.645522894838, 0.0 ], [ 101.566569749765335, 3.643864656406297, 0.0 ], [ 101.565261729952653, 3.641253662723984, 0.0 ], [ 101.562020254715833, 3.64291003634826, 0.0 ] ] ] } },
{ "type": "Feature", "properties": { "NAMA": "Pusat Perindustrian Zurah, Rasa", "LOKASI": null, "DAERAH": "Hulu Selangor", "PBT": "MPHS", "KATEGORI": "Industrial Park", "MIP": "No", "ALAMAT": "Taman Industri Zurah, Rasah, Hulu Selangor, Selangor, Malaysia", "AREA_HA": 173.745 }, "geometry": { "type": "Polygon", "coordinates": [ [ [ 101.628995290181578, 3.511098803626884, 0.0 ], [ 101.624416623257318, 3.499288490946207, 0.0 ], [ 101.622956692747508, 3.499846342360781, 0.0 ], [ 101.622071078292436, 3.498625311868754, 0.0 ], [ 101.620919765443404, 3.498376689091673, 0.0 ], [ 101.620226593569825, 3.499081828115544, 0.0 ], [ 101.618610359704959, 3.501117371448651, 0.0 ], [ 101.615062967258154, 3.499167872958675, 0.0 ], [ 101.614850607377335, 3.499712550787465, 0.0 ], [ 101.615036009902994, 3.500474448932672, 0.0 ], [ 101.615283598314861, 3.501593768716574, 0.0 ], [ 101.616153429661594, 3.50275996409082, 0.0 ], [ 101.61675110816401, 3.503098987783984, 0.0 ], [ 101.617460891972939, 3.502954888694591, 0.0 ], [ 101.617990892808521, 3.502955837720271, 0.0 ], [ 101.617880273681067, 3.504389681977368, 0.0 ], [ 101.616529491313244, 3.503293418176905, 0.0 ], [ 101.616481175339942, 3.507809467875212, 0.0 ], [ 101.618539610429337, 3.508831626578774, 0.0 ], [ 101.617578673043269, 3.510985159638707, 0.0 ], [ 101.617490574621186, 3.511774654373773, 0.0 ], [ 101.617734662139284, 3.512910928961208, 0.0 ], [ 101.618231563668189, 3.51334203834289, 0.0 ], [ 101.619956945960254, 3.513719261980202, 0.0 ], [ 101.619995762343393, 3.514101928699976, 0.0 ], [ 101.620009279903371, 3.515725493447996, 0.0 ], [ 101.624218351574328, 3.514854793767662, 0.0 ], [ 101.62426139609785, 3.512091345348139, 0.0 ], [ 101.628995290181578, 3.511098803626884, 0.0 ] ] ] } },
{ "type": "Feature", "properties": { "NAMA": "Kawasan Perindustrian Ringan MIEL Batang Kali", "LOKASI": null, "DAERAH": "Hulu Selangor", "PBT": "MPHS", "KATEGORI": "Industrial Area", "MIP": "No", "ALAMAT": "Kawasan Perindustrian MIEL, Batang Kali, Batang Kali, Selangor, Malaysia", "AREA_HA": 36.645 }, "geometry": { "type": "Polygon", "coordinates": [ [ [ 101.6393234200211, 3.483174495984408, 0.0 ], [ 101.639563290178629, 3.481581369867646, 0.0 ], [ 101.639420200735444, 3.481624274046868, 0.0 ], [ 101.639369822770419, 3.480994601614598, 0.0 ], [ 101.639554210246501, 3.480943544777031, 0.0 ], [ 101.63887764737234, 3.475927418734929, 0.0 ], [ 101.638054132210101, 3.476477830881624, 0.0 ], [ 101.637406350668229, 3.47647800216122, 0.0 ], [ 101.636759276113253, 3.476776874036486, 0.0 ], [ 101.636011484980543, 3.47707671878099, 0.0 ], [ 101.635801121197645, 3.477946969652852, 0.0 ], [ 101.635228875627575, 3.478445218858077, 0.0 ], [ 101.634540746934121, 3.479786295307109, 0.0 ], [ 101.634355234437862, 3.481768584005881, 0.0 ], [ 101.633794918233605, 3.482460673855707, 0.0 ], [ 101.633883007138309, 3.482726391207438, 0.0 ], [ 101.635331639156632, 3.483268061760994, 0.0 ], [ 101.636905179349071, 3.483417538975063, 0.0 ], [ 101.638784215046243, 3.483052278668978, 0.0 ], [ 101.6393234200211, 3.483174495984408, 0.0 ] ] ] } },
{ "type": "Feature", "properties": { "NAMA": "Kawasan Perindustrian Batu 29, Hulu Yam", "LOKASI": "Batang Kali", "DAERAH": "Hulu Selangor", "PBT": "MPHS", "KATEGORI": "Industrial Area", "MIP": "No", "ALAMAT": "Kawasan Perindustrian Batu 30, Hulu Yam Bharu, Hulu Yam, Selangor, Malaysia", "AREA_HA": 105.233 }, "geometry": { "type": "Polygon", "coordinates": [ [ [ 101.630569139681825, 3.437902220862175, 0.0 ], [ 101.627431969998526, 3.431241547258175, 0.0 ], [ 101.626020532163054, 3.427916312600211, 0.0 ], [ 101.625587064919728, 3.427388829049317, 0.0 ], [ 101.626228281072343, 3.427371768827168, 0.0 ], [ 101.626330978317654, 3.426706517765794, 0.0 ], [ 101.626195033746029, 3.426099382159463, 0.0 ], [ 101.62570500263989, 3.426020015973224, 0.0 ], [ 101.625386916265612, 3.4257649328457, 0.0 ], [ 101.624913053700652, 3.425510983250065, 0.0 ], [ 101.624266961366104, 3.425358944048055, 0.0 ], [ 101.623697005912803, 3.42517202468352, 0.0 ], [ 101.622542114684393, 3.425417972622798, 0.0 ], [ 101.621707951853637, 3.425657053174869, 0.0 ], [ 101.621200869821436, 3.425361053007285, 0.0 ], [ 101.621081742646354, 3.423949779675559, 0.0 ], [ 101.620652231373569, 3.424002382095592, 0.0 ], [ 101.620754973408253, 3.425743830260695, 0.0 ], [ 101.620710868009894, 3.433194653202761, 0.0 ], [ 101.62056230267973, 3.434191372604761, 0.0 ], [ 101.620598791853212, 3.437526919722838, 0.0 ], [ 101.623142717633343, 3.437257164999574, 0.0 ], [ 101.630569139681825, 3.437902220862175, 0.0 ] ] ] } },
{ "type": "Feature", "properties": { "NAMA": "Kawasan Perindustrian Tengas, Hulu Yam Bharu", "LOKASI": null, "DAERAH": "Hulu Selangor", "PBT": "MPHS", "KATEGORI": "Industrial Area", "MIP": "No", "ALAMAT": "Kawasan Perindustrian Tengas, Hulu Yam Bharu, Hulu Yam, Selangor, Malaysia", "AREA_HA": 54.304 }, "geometry": { "type": "Polygon", "coordinates": [ [ [ 101.6475502528059, 3.434200364256905, 0.0 ], [ 101.649576926164883, 3.436063090060979, 0.0 ], [ 101.650176190673079, 3.437218390414994, 0.0 ], [ 101.650834186679205, 3.437964279652474, 0.0 ], [ 101.651726399233183, 3.438641663270052, 0.0 ], [ 101.652210335714699, 3.438179267186409, 0.0 ], [ 101.653847091471903, 3.439959085715505, 0.0 ], [ 101.654378586995435, 3.439455029246686, 0.0 ], [ 101.654427858245825, 3.437991085334149, 0.0 ], [ 101.655079168389065, 3.436473539255024, 0.0 ], [ 101.655987234766954, 3.436004888712907, 0.0 ], [ 101.65583609057785, 3.43517990718606, 0.0 ], [ 101.655027970373254, 3.433892958416088, 0.0 ], [ 101.654406055204163, 3.433322049315505, 0.0 ], [ 101.65386603691654, 3.43212306711098, 0.0 ], [ 101.654103290753142, 3.430941228957422, 0.0 ], [ 101.652779717910519, 3.429390038962031, 0.0 ], [ 101.6475502528059, 3.434200364256905, 0.0 ] ] ] } },
{ "type": "Feature", "properties": { "NAMA": "Laman Gapimas Industrial Area", "LOKASI": null, "DAERAH": "Hulu Selangor", "PBT": "MPHS", "KATEGORI": "Industrial Area", "MIP": "No", "ALAMAT": "Laman Gapimas Industrial Area, Hulu Selangor, Selangor, Malaysia", "AREA_HA": 0.88 }, "geometry": { "type": "Polygon", "coordinates": [ [ [ 101.626310547281463, 3.422494471933253, 0.0 ], [ 101.626345325609549, 3.422541438748145, 0.0 ], [ 101.626453847700205, 3.422557459020171, 0.0 ], [ 101.626515854720523, 3.422511104073749, 0.0 ], [ 101.626579424345138, 3.422076382200891, 0.0 ], [ 101.626580351047537, 3.421784842519676, 0.0 ], [ 101.626523083991472, 3.420939965531499, 0.0 ], [ 101.626519360555832, 3.420885036679871, 0.0 ], [ 101.626460506894603, 3.420016746629048, 0.0 ], [ 101.626138564955369, 3.419142358040236, 0.0 ], [ 101.626065919556268, 3.419102296012394, 0.0 ], [ 101.62595688081457, 3.419125957975201, 0.0 ], [ 101.625930915375577, 3.419173456897049, 0.0 ], [ 101.626257502224448, 3.420060487586908, 0.0 ], [ 101.626314327226495, 3.420899007195527, 0.0 ], [ 101.626318050659506, 3.420954008395163, 0.0 ], [ 101.626376228121117, 3.421812405098274, 0.0 ], [ 101.626371608386677, 3.422076977969366, 0.0 ], [ 101.626310547281463, 3.422494471933253, 0.0 ] ] ] } },
{ "type": "Feature", "properties": { "NAMA": "Kawasan Perindustrian Kampong Perabot, Hulu Yam Bharu", "LOKASI": null, "DAERAH": "Hulu Selangor", "PBT": "MPHS", "KATEGORI": "Industrial Area", "MIP": "No", "ALAMAT": "Kawasan Perindustrian Kampong Perabot, Hulu Yam Bharu, Hulu Yam, Selangor, Malaysia", "AREA_HA": 20.824 }, "geometry": { "type": "Polygon", "coordinates": [ [ [ 101.666348626405465, 3.403585405823049, 0.0 ], [ 101.666277591920689, 3.40387721001879, 0.0 ], [ 101.668325143672348, 3.404092479065524, 0.0 ], [ 101.669295609777876, 3.404331520662462, 0.0 ], [ 101.669641408425377, 3.404420113919078, 0.0 ], [ 101.670668966995535, 3.4012468482305, 0.0 ], [ 101.671218555721751, 3.399171669934347, 0.0 ], [ 101.670790203795605, 3.39888941076022, 0.0 ], [ 101.669882048036285, 3.398793298853665, 0.0 ], [ 101.668838792801637, 3.398807763677443, 0.0 ], [ 101.668099551080743, 3.400961957174343, 0.0 ], [ 101.667050084280248, 3.400704053902115, 0.0 ], [ 101.666348626405465, 3.403585405823049, 0.0 ] ] ] } },
{ "type": "Feature", "properties": { "NAMA": "Kawasan Perindustrian Bukit Sentosa", "LOKASI": null, "DAERAH": "Hulu Selangor", "PBT": "MPHS", "KATEGORI": "Industrial Area", "MIP": "No", "ALAMAT": "Kawasan Perindustrian Bukit Sentosa, Bukit Sentosa, Selangor, Malaysia", "AREA_HA": 415.229 }, "geometry": { "type": "Polygon", "coordinates": [ [ [ 101.577021749133223, 3.386665201746416, 0.0 ], [ 101.576898352987982, 3.395566754841622, 0.0 ], [ 101.577883914715272, 3.396539984882808, 0.0 ], [ 101.591184141060239, 3.39743976740447, 0.0 ], [ 101.592501034049974, 3.394159477123156, 0.0 ], [ 101.592120316641825, 3.384613640752857, 0.0 ], [ 101.591840428288847, 3.377387455602369, 0.0 ], [ 101.588327742431844, 3.374495899994875, 0.0 ], [ 101.576786704761787, 3.374340822132583, 0.0 ], [ 101.576569240873397, 3.377782177419023, 0.0 ], [ 101.577021749133223, 3.386665201746416, 0.0 ] ] ] } },
{ "type": "Feature", "properties": { "NAMA": "Kawasan Perindustrian Anugerah Suria, Sg. Choh", "LOKASI": null, "DAERAH": "Hulu Selangor", "PBT": "MPHS", "KATEGORI": "Industrial Area", "MIP": "No", "ALAMAT": "Kawasan Perindustrian Anugerah Suria, Sg. Choh, Hulu Selangor, Selangor, Malaysia", "AREA_HA": 30.285 }, "geometry": { "type": "Polygon", "coordinates": [ [ [ 101.563507684267051, 3.365861563488423, 0.0 ], [ 101.56431141129994, 3.366042130549497, 0.0 ], [ 101.56479410173057, 3.36600743857665, 0.0 ], [ 101.564903857299115, 3.366006952716416, 0.0 ], [ 101.565214262999589, 3.366005577586461, 0.0 ], [ 101.566022857685098, 3.365573345624433, 0.0 ], [ 101.567175686167658, 3.365488610545378, 0.0 ], [ 101.567617016968185, 3.364988846009146, 0.0 ], [ 101.567740945006335, 3.364841033291393, 0.0 ], [ 101.568156283088612, 3.365279556655183, 0.0 ], [ 101.568731635638429, 3.365029389385018, 0.0 ], [ 101.568833784530213, 3.364984961800756, 0.0 ], [ 101.570744710401257, 3.364154330369585, 0.0 ], [ 101.570442808613578, 3.363457042557827, 0.0 ], [ 101.570486000439587, 3.363222996814968, 0.0 ], [ 101.57041400334262, 3.363093003237579, 0.0 ], [ 101.570646003146535, 3.361561004169789, 0.0 ], [ 101.57091724246456, 3.360200247205029, 0.0 ], [ 101.5708722263781, 3.360254049221848, 0.0 ], [ 101.570758325550585, 3.360291595776448, 0.0 ], [ 101.570706411366515, 3.360265192527422, 0.0 ], [ 101.570685044620546, 3.360199710836984, 0.0 ], [ 101.56838776995184, 3.360956961524651, 0.0 ], [ 101.568407498864147, 3.361022985973531, 0.0 ], [ 101.568380227619386, 3.361075493550063, 0.0 ], [ 101.565978901142145, 3.36186698341668, 0.0 ], [ 101.565653352555614, 3.361995500130353, 0.0 ], [ 101.565405002114829, 3.361876269555729, 0.0 ], [ 101.564426671271846, 3.363942863840349, 0.0 ], [ 101.564383733701476, 3.364063968864931, 0.0 ], [ 101.563507684267051, 3.365861563488423, 0.0 ] ] ] } },
{ "type": "Feature", "properties": { "NAMA": "Kawasan Perindustrian Sungai Choh", "LOKASI": null, "DAERAH": "Hulu Selangor", "PBT": "MPHS", "KATEGORI": "Industrial Area", "MIP": "No", "ALAMAT": "Kawasan Perindustrian Sungai Choh, Hulu Selangor, Selangor, Malaysia", "AREA_HA": 241.939 }, "geometry": { "type": "Polygon", "coordinates": [ [ [ 101.553624476284838, 3.353489905204579, 0.0 ], [ 101.560423864397976, 3.353281727983725, 0.0 ], [ 101.560605714305453, 3.354263530899988, 0.0 ], [ 101.568690822400015, 3.354264116319269, 0.0 ], [ 101.571620644593224, 3.354264243858994, 0.0 ], [ 101.572318277643177, 3.341532404041963, 0.0 ], [ 101.57033414415271, 3.341561255691113, 0.0 ], [ 101.569054455875516, 3.341597747626535, 0.0 ], [ 101.567882968667092, 3.341448035600036, 0.0 ], [ 101.567475636436896, 3.341525699130937, 0.0 ], [ 101.561486768049548, 3.342609789504066, 0.0 ], [ 101.560827116844294, 3.345157973892449, 0.0 ], [ 101.560561010308021, 3.345442431115274, 0.0 ], [ 101.559661697426193, 3.345411963240442, 0.0 ], [ 101.558218019379026, 3.344894070260851, 0.0 ], [ 101.556894902370061, 3.344573057879354, 0.0 ], [ 101.554248140540835, 3.344842934505836, 0.0 ], [ 101.553914045903994, 3.346765530743205, 0.0 ], [ 101.553765734833618, 3.346860239613919, 0.0 ], [ 101.553624476284838, 3.353489905204579, 0.0 ] ] ] } },
{ "type": "Feature", "properties": { "NAMA": "Kawasan Perindustrian Automotif Serendah", "LOKASI": null, "DAERAH": "Hulu Selangor", "PBT": "MPHS", "KATEGORI": "Industrial Area", "MIP": "No", "ALAMAT": "Kawasan Perindustrian Automotif Serendah, Serendah, Selangor, Malaysia", "AREA_HA": 7.954 }, "geometry": { "type": "Polygon", "coordinates": [ [ [ 101.608444273086818, 3.35541301781947, 0.0 ], [ 101.609716811296096, 3.356097041372826, 0.0 ], [ 101.61023100029152, 3.35633609379099, 0.0 ], [ 101.611495248196348, 3.3547773975499, 0.0 ], [ 101.610419512140496, 3.354047395616442, 0.0 ], [ 101.609881938683699, 3.353484177518482, 0.0 ], [ 101.609880872907766, 3.352500982500293, 0.0 ], [ 101.609137922960429, 3.352915021021998, 0.0 ], [ 101.608448943256832, 3.353659398621509, 0.0 ], [ 101.608444273086818, 3.35541301781947, 0.0 ] ] ] } },
{ "type": "Feature", "properties": { "NAMA": "Rawang Integrated Industrial Park", "LOKASI": null, "DAERAH": "Gombak", "PBT": "MPS", "KATEGORI": "Industrial Park", "MIP": "No", "ALAMAT": "Kawasan Industri Rawang Integrasi, Jalan Batu Arang, 48000 Rawang, Selangor, Malaysia", "AREA_HA": 35.794 }, "geometry": { "type": "Polygon", "coordinates": [ [ [ 101.561897567937436, 3.307465782070751, 0.0 ], [ 101.565006141600904, 3.30618280336221, 0.0 ], [ 101.564763292229642, 3.305616383745732, 0.0 ], [ 101.564653282120105, 3.304452683240285, 0.0 ], [ 101.564603086995092, 3.304065054348698, 0.0 ], [ 101.564407248593284, 3.302196007492145, 0.0 ], [ 101.564371920765339, 3.301801323921587, 0.0 ], [ 101.564176704548373, 3.299974693713915, 0.0 ], [ 101.560743197632732, 3.300017013519181, 0.0 ], [ 101.560442762456177, 3.299790925637595, 0.0 ], [ 101.559277802454318, 3.301410421287621, 0.0 ], [ 101.561897567937436, 3.307465782070751, 0.0 ] ] ] } },
{ "type": "Feature", "properties": { "NAMA": "Rawang Perdana Industrial Park", "LOKASI": null, "DAERAH": "Gombak", "PBT": "MPS", "KATEGORI": "Industrial Park", "MIP": "No", "ALAMAT": "Rawang Perdana Industrial Park, 48000 Rawang, Selangor, Malaysia", "AREA_HA": 48.974 }, "geometry": { "type": "Polygon", "coordinates": [ [ [ 101.584718343709127, 3.313476265500329, 0.0 ], [ 101.587112347132958, 3.315851975296561, 0.0 ], [ 101.587849474981994, 3.315749990828738, 0.0 ], [ 101.588875034398058, 3.31671889813198, 0.0 ], [ 101.589262132148207, 3.316035404753031, 0.0 ], [ 101.592723715493435, 3.317803702870653, 0.0 ], [ 101.594034662243132, 3.316551890720077, 0.0 ], [ 101.594395420858817, 3.315760049230985, 0.0 ], [ 101.594422777153412, 3.314643941597931, 0.0 ], [ 101.594124216359262, 3.313340862997021, 0.0 ], [ 101.593281689226643, 3.312236103300812, 0.0 ], [ 101.591638561293919, 3.311414760887072, 0.0 ], [ 101.589669380437357, 3.31158721249428, 0.0 ], [ 101.587437263136664, 3.311993912924862, 0.0 ], [ 101.586924995142965, 3.312116318756286, 0.0 ], [ 101.585793296307941, 3.312325775280389, 0.0 ], [ 101.584718343709127, 3.313476265500329, 0.0 ] ] ] } },
{ "type": "Feature", "properties": { "NAMA": "PKNS Industrial Park, Rawang Batu 20", "LOKASI": null, "DAERAH": "Gombak", "PBT": "MPS", "KATEGORI": "Industrial Park", "MIP": "No", "ALAMAT": "PKNS Industrial Park, Rawang Batu 20, Rawang, Selangor, Malaysia", "AREA_HA": 32.794 }, "geometry": { "type": "Polygon", "coordinates": [ [ [ 101.573037777780726, 3.339285361687831, 0.0 ], [ 101.573311132983875, 3.33997779769865, 0.0 ], [ 101.574827188247085, 3.340070975854067, 0.0 ], [ 101.577766437126073, 3.339000312726002, 0.0 ], [ 101.578539857826215, 3.338418639682488, 0.0 ], [ 101.578228551186399, 3.337972605591347, 0.0 ], [ 101.578528970543289, 3.337722244214183, 0.0 ], [ 101.578260700842677, 3.337043410901158, 0.0 ], [ 101.578677891707031, 3.336858070233967, 0.0 ], [ 101.578540847662609, 3.336139908325667, 0.0 ], [ 101.578639726677181, 3.335770273515818, 0.0 ], [ 101.577957065589501, 3.33549743126803, 0.0 ], [ 101.578181581420495, 3.334966617271306, 0.0 ], [ 101.576188170536128, 3.334795545359386, 0.0 ], [ 101.575419001701093, 3.334819887775179, 0.0 ], [ 101.57526315042405, 3.334806550644223, 0.0 ], [ 101.574246211656529, 3.334583195378244, 0.0 ], [ 101.574144680802974, 3.334404016802702, 0.0 ], [ 101.573552372422, 3.334396235250134, 0.0 ], [ 101.573237338974877, 3.334541067864643, 0.0 ], [ 101.572194694496403, 3.334709573888081, 0.0 ], [ 101.572528487961407, 3.335574927565447, 0.0 ], [ 101.572924957157852, 3.335869379502442, 0.0 ], [ 101.57316070847105, 3.336684238798903, 0.0 ], [ 101.573061932273021, 3.337114925645547, 0.0 ], [ 101.573037777780726, 3.339285361687831, 0.0 ] ] ] } },
{ "type": "Feature", "properties": { "NAMA": "Berjaya City Industrial Area", "LOKASI": "Bukit Tagar, Hulu Selangor", "DAERAH": "Hulu Selangor", "PBT": "MPHS", "KATEGORI": "Industrial Area", "MIP": "No", "ALAMAT": "Berjaya City Industrial Area, Hulu Selangor, Selangor, Malaysia", "AREA_HA": 693.482 }, "geometry": { "type": "Polygon", "coordinates": [ [ [ 101.468495053312253, 3.505496572722615, 0.0 ], [ 101.473229053699328, 3.504203681843241, 0.0 ], [ 101.474277512341231, 3.504972043183277, 0.0 ], [ 101.477275415003149, 3.506406943384671, 0.0 ], [ 101.478988031205432, 3.506694085984333, 0.0 ], [ 101.480486485273516, 3.506407446280495, 0.0 ], [ 101.481985960939923, 3.505547283394313, 0.0 ], [ 101.484818310365995, 3.503765226051795, 0.0 ], [ 101.486768603625194, 3.5022494040385, 0.0 ], [ 101.488288649255495, 3.50189845431991, 0.0 ], [ 101.490395674881981, 3.496733896313017, 0.0 ], [ 101.49092672664797, 3.49398678665166, 0.0 ], [ 101.49069187572772, 3.489329128427344, 0.0 ], [ 101.48918179057533, 3.486592679841749, 0.0 ], [ 101.487047858233481, 3.484721204787802, 0.0 ], [ 101.484914208584684, 3.4829354563719, 0.0 ], [ 101.48388011305245, 3.482523053595513, 0.0 ], [ 101.481144248993488, 3.481943963737174, 0.0 ], [ 101.478451544854124, 3.480979068820626, 0.0 ], [ 101.473991481053162, 3.479719969956776, 0.0 ], [ 101.470654227322839, 3.48068962236426, 0.0 ], [ 101.46950164813083, 3.481472223006257, 0.0 ], [ 101.470058843076146, 3.483205751098757, 0.0 ], [ 101.46413084431579, 3.489296892824201, 0.0 ], [ 101.463921069720939, 3.492254370948609, 0.0 ], [ 101.463456782748963, 3.494672787824979, 0.0 ], [ 101.46317033625931, 3.49714204378998, 0.0 ], [ 101.463862069401927, 3.500724780860302, 0.0 ], [ 101.464250046777295, 3.500633460736336, 0.0 ], [ 101.466191078152718, 3.504368561423958, 0.0 ], [ 101.467854361362626, 3.505696169393243, 0.0 ], [ 101.468495053312253, 3.505496572722615, 0.0 ] ] ] } },
{ "type": "Feature", "properties": { "NAMA": "Novva Integrated Park", "LOKASI": "Rawang", "DAERAH": "Hulu Selangor", "PBT": "MPHS", "KATEGORI": "Industrial Park", "MIP": "No", "ALAMAT": "Novva Integrated Park, Rawang / Serendah, Selangor, Malaysia", "AREA_HA": 279.413 }, "geometry": { "type": "Polygon", "coordinates": [ [ [ 101.494112599407231, 3.367058572329027, 0.0 ], [ 101.503637926170526, 3.377872632315405, 0.0 ], [ 101.504760867422902, 3.378832139521807, 0.0 ], [ 101.504113398929448, 3.380451788611655, 0.0 ], [ 101.504104416503182, 3.381063735815398, 0.0 ], [ 101.505578925936916, 3.38159448591956, 0.0 ], [ 101.506714591195902, 3.382641899534475, 0.0 ], [ 101.507121783254135, 3.382639376528902, 0.0 ], [ 101.507249664832202, 3.383068647361276, 0.0 ], [ 101.506567120513523, 3.383109081149752, 0.0 ], [ 101.510796445974051, 3.383920163815562, 0.0 ], [ 101.510514135919593, 3.383509251966262, 0.0 ], [ 101.512204819826621, 3.37546120511216, 0.0 ], [ 101.51452913488292, 3.375151218842705, 0.0 ], [ 101.515856430978872, 3.374411612247286, 0.0 ], [ 101.516630359291653, 3.373253838772436, 0.0 ], [ 101.516921112688976, 3.371745768967713, 0.0 ], [ 101.517518843443213, 3.370649432838689, 0.0 ], [ 101.517920096598672, 3.370286336585381, 0.0 ], [ 101.518387697287764, 3.370015011602249, 0.0 ], [ 101.519108585931576, 3.369983015412148, 0.0 ], [ 101.521005343216459, 3.370214851647614, 0.0 ], [ 101.522391130637544, 3.370864978081734, 0.0 ], [ 101.524897291376945, 3.371849587390651, 0.0 ], [ 101.525933123875802, 3.371905056555584, 0.0 ], [ 101.529046569552889, 3.371972706716573, 0.0 ], [ 101.529210254869525, 3.368829261198677, 0.0 ], [ 101.528592048677055, 3.368786030528223, 0.0 ], [ 101.511877148249681, 3.368137571175315, 0.0 ], [ 101.505736508836492, 3.367889324959948, 0.0 ], [ 101.5011427027802, 3.367652435758237, 0.0 ], [ 101.494112599407231, 3.367058572329027, 0.0 ] ] ] } },
{ "type": "Feature", "properties": { "NAMA": "Kawasan Perindustrian Bukit Beruntung", "LOKASI": null, "DAERAH": "Hulu Selangor", "PBT": "MPHS", "KATEGORI": "Industrial Area", "MIP": "No", "ALAMAT": "Kawasan Perindustrian Bukit Beruntung, Bukit Beruntung, Selangor, Malaysia", "AREA_HA": 8.881 }, "geometry": { "type": "Polygon", "coordinates": [ [ [ 101.553519192315662, 3.407060184484291, 0.0 ], [ 101.553574340570805, 3.407115617661516, 0.0 ], [ 101.555100089424641, 3.407144289683103, 0.0 ], [ 101.555264770424699, 3.407145213437826, 0.0 ], [ 101.55551314085497, 3.407146520558027, 0.0 ], [ 101.555968579226018, 3.407149156259482, 0.0 ], [ 101.556079265564122, 3.40714981977286, 0.0 ], [ 101.556156299377633, 3.407150254007214, 0.0 ], [ 101.556284431161359, 3.407109629823563, 0.0 ], [ 101.556291514755074, 3.405907764759013, 0.0 ], [ 101.556375166446273, 3.405684878077396, 0.0 ], [ 101.556429957827319, 3.405630072242335, 0.0 ], [ 101.55639777877829, 3.404630158580998, 0.0 ], [ 101.556343278459877, 3.404575349522618, 0.0 ], [ 101.553561215293371, 3.404591224520103, 0.0 ], [ 101.553506612462868, 3.404646699218685, 0.0 ], [ 101.553511580516926, 3.405593892653577, 0.0 ], [ 101.553513097418957, 3.405886029645564, 0.0 ], [ 101.55351538640916, 3.406327029531192, 0.0 ], [ 101.553519192315662, 3.407060184484291, 0.0 ] ] ] } },
{ "type": "Feature", "properties": { "NAMA": "UMW High Value Manufacturing Park", "LOKASI": "Serendah", "DAERAH": "Hulu Selangor", "PBT": "MPHS", "KATEGORI": "Industrial Park", "MIP": "No", "ALAMAT": "Mezzanine Floor, No. 1, Jalan Rhenium 1, Presint 3, Bandar Industri Bernilai Tinggi, 48200 Serendah, Selangor, Malaysia", "AREA_HA": 28.962 }, "geometry": { "type": "Polygon", "coordinates": [ [ [ 101.571196027767655, 3.386259604554136, 0.0 ], [ 101.572695533742717, 3.386275779373261, 0.0 ], [ 101.572998582289983, 3.386376008612415, 0.0 ], [ 101.574566266600186, 3.386396455869134, 0.0 ], [ 101.576672789162998, 3.38642399631197, 0.0 ], [ 101.576781557838828, 3.386315188437416, 0.0 ], [ 101.576656257293919, 3.383268919228527, 0.0 ], [ 101.576593395879328, 3.382065848379201, 0.0 ], [ 101.571599901586168, 3.382000613354539, 0.0 ], [ 101.57127072869848, 3.382961620015208, 0.0 ], [ 101.571187894449466, 3.383197665713215, 0.0 ], [ 101.571196027767655, 3.386259604554136, 0.0 ] ] ] } },
{ "type": "Feature", "properties": { "NAMA": "Kawasan Industri Batu 30, Serendah", "LOKASI": "Serendah, Hulu Selangor", "DAERAH": "Hulu Selangor", "PBT": "MPHS", "KATEGORI": "Industrial Area", "MIP": "No", "ALAMAT": "Kawasan Industri Batu 30, Serendah, Serendah, Selangor, Malaysia", "AREA_HA": 10.982 }, "geometry": { "type": "Polygon", "coordinates": [ [ [ 101.634100583862065, 3.448076721836353, 0.0 ], [ 101.633141169830765, 3.445165578780421, 0.0 ], [ 101.630633997398334, 3.445639509760877, 0.0 ], [ 101.6310977519624, 3.447531426054486, 0.0 ], [ 101.631111163939053, 3.448244528211284, 0.0 ], [ 101.631169719830069, 3.449190670622608, 0.0 ], [ 101.632834772622246, 3.448462887082616, 0.0 ], [ 101.634100583862065, 3.448076721836353, 0.0 ] ] ] } },
{ "type": "Feature", "properties": { "NAMA": "Kawasan Industri Rawang Jaya", "LOKASI": null, "DAERAH": "Gombak", "PBT": "MPS", "KATEGORI": "Industrial Area", "MIP": "No", "ALAMAT": "Kawasan Industri Rawang Jaya, Rawang, Selangor, Malaysia", "AREA_HA": 6.413 }, "geometry": { "type": "Polygon", "coordinates": [ [ [ 101.581890788054253, 3.338226762411869, 0.0 ], [ 101.585175864975426, 3.339652146108616, 0.0 ], [ 101.585135192704755, 3.338318866617697, 0.0 ], [ 101.584564029323261, 3.337975412789536, 0.0 ], [ 101.584103737990716, 3.337475851288072, 0.0 ], [ 101.583710931785731, 3.336486996440614, 0.0 ], [ 101.582291506000686, 3.337228535212302, 0.0 ], [ 101.581890788054253, 3.338226762411869, 0.0 ] ] ] } },
{ "type": "Feature", "properties": { "NAMA": "Taman Industri Rawang Indah", "LOKASI": null, "DAERAH": "Gombak", "PBT": "MPS", "KATEGORI": "Industrial Park", "MIP": "No", "ALAMAT": "Jalan Indah 1/2, Taman Industri Rawang Indah, 48000 Rawang, Selangor, Malaysia", "AREA_HA": 26.602 }, "geometry": { "type": "MultiPolygon", "coordinates": [ [ [ [ 101.553699997236777, 3.308605628732991, 0.0 ], [ 101.553793531761826, 3.308593414561511, 0.0 ], [ 101.553699016422442, 3.308594557116927, 0.0 ], [ 101.553699997236777, 3.308605628732991, 0.0 ] ] ], [ [ [ 101.553699016422442, 3.308594557116927, 0.0 ], [ 101.553477825423485, 3.306097432354732, 0.0 ], [ 101.554275906504529, 3.306026970059759, 0.0 ], [ 101.553336294760939, 3.305037307812616, 0.0 ], [ 101.553135845326196, 3.304809201631294, 0.0 ], [ 101.552530320070048, 3.304120969535379, 0.0 ], [ 101.551994493552542, 3.3037212411779, 0.0 ], [ 101.552018649443156, 3.30367059259434, 0.0 ], [ 101.551746400559381, 3.303467292088509, 0.0 ], [ 101.551044851743072, 3.302431407406832, 0.0 ], [ 101.55061802461789, 3.301451040644351, 0.0 ], [ 101.550487941740087, 3.301418305913777, 0.0 ], [ 101.548458111776966, 3.30278811483304, 0.0 ], [ 101.548487538618602, 3.302877062375061, 0.0 ], [ 101.549086537413544, 3.303080487387914, 0.0 ], [ 101.549559836161137, 3.304455085221524, 0.0 ], [ 101.549536973855183, 3.305977844726872, 0.0 ], [ 101.550069436700383, 3.307501848681604, 0.0 ], [ 101.550688274855403, 3.308055596290052, 0.0 ], [ 101.55116525175832, 3.308340467986784, 0.0 ], [ 101.551621789115472, 3.308675986498562, 0.0 ], [ 101.551886600406959, 3.308711700322678, 0.0 ], [ 101.552532049797662, 3.30860866136607, 0.0 ], [ 101.553699016422442, 3.308594557116927, 0.0 ] ] ] ] } },
{ "type": "Feature", "properties": { "NAMA": "Kawasan Perindustrian Kundang", "LOKASI": null, "DAERAH": "Gombak", "PBT": "MPS", "KATEGORI": "Industrial Area", "MIP": "No", "ALAMAT": "Kawasan Perindustrian Kundang, 48020 Rawang, Selangor, Malaysia", "AREA_HA": 16.464 }, "geometry": { "type": "Polygon", "coordinates": [ [ [ 101.5173762054701, 3.288285980017601, 0.0 ], [ 101.520939691064399, 3.291056020301247, 0.0 ], [ 101.521538053082466, 3.290438169897703, 0.0 ], [ 101.522357399807817, 3.289726526960868, 0.0 ], [ 101.52288982659006, 3.289480919738417, 0.0 ], [ 101.521249368778754, 3.286838428160081, 0.0 ], [ 101.520536953865999, 3.2861728146133, 0.0 ], [ 101.5173762054701, 3.288285980017601, 0.0 ] ] ] } },
{ "type": "Feature", "properties": { "NAMA": "Taman Velox, Rawang", "LOKASI": null, "DAERAH": "Gombak", "PBT": "MPS", "KATEGORI": "Other Industrial Cluster", "MIP": "No", "ALAMAT": "Taman Velox, Rawang, Rawang, Selangor, Malaysia", "AREA_HA": 16.264 }, "geometry": { "type": "Polygon", "coordinates": [ [ [ 101.51721353615558, 3.317997032226202, 0.0 ], [ 101.518396053685777, 3.319496274367147, 0.0 ], [ 101.520485605257505, 3.320139530947728, 0.0 ], [ 101.52047490034002, 3.320202246313709, 0.0 ], [ 101.520927092532105, 3.320424458238018, 0.0 ], [ 101.521265912492382, 3.318614543119791, 0.0 ], [ 101.521177007301802, 3.316587844346084, 0.0 ], [ 101.518768938744941, 3.316050275484819, 0.0 ], [ 101.51750212675465, 3.315818415633324, 0.0 ], [ 101.51721353615558, 3.317997032226202, 0.0 ] ] ] } },
{ "type": "Feature", "properties": { "NAMA": "Rawang Food Industrial Park", "LOKASI": null, "DAERAH": "Gombak", "PBT": "MPS", "KATEGORI": "Industrial Park", "MIP": "No", "ALAMAT": "Jalan Ramin, Rawang Food Industrial Park, 48000 Rawang, Selangor, Malaysia", "AREA_HA": 10.7 }, "geometry": { "type": "Polygon", "coordinates": [ [ [ 101.525977620989721, 3.313941754410823, 0.0 ], [ 101.52736548578703, 3.315191093393224, 0.0 ], [ 101.527481321120362, 3.315184308182479, 0.0 ], [ 101.528337987913943, 3.314211599942814, 0.0 ], [ 101.531991700352236, 3.31221595219089, 0.0 ], [ 101.531735537315541, 3.310786984045273, 0.0 ], [ 101.525977620989721, 3.313941754410823, 0.0 ] ] ] } },
{ "type": "Feature", "properties": { "NAMA": "Green Industrial Park", "LOKASI": "Kota Puteri", "DAERAH": "Gombak", "PBT": "MPS", "KATEGORI": "Managed Industrial Park (MIP)", "MIP": "Yes", "ALAMAT": "Seksyen 11, Kota Puteri, 48100 Batu Arang, Selangor, Malaysia", "AREA_HA": 45.08 }, "geometry": { "type": "Polygon", "coordinates": [ [ [ 101.539035762237887, 3.342667692973199, 0.0 ], [ 101.542999737237679, 3.345088942254889, 0.0 ], [ 101.544896257682652, 3.343639977148354, 0.0 ], [ 101.545038634054578, 3.343461344619327, 0.0 ], [ 101.545921027358531, 3.342718611321561, 0.0 ], [ 101.545928663728105, 3.342471547524062, 0.0 ], [ 101.54781439305961, 3.342449855747643, 0.0 ], [ 101.547920800885734, 3.339642291986924, 0.0 ], [ 101.545184870059146, 3.339468298529377, 0.0 ], [ 101.54376669751052, 3.339148577046802, 0.0 ], [ 101.540403963097489, 3.337937705393541, 0.0 ], [ 101.540066684244536, 3.337558157176604, 0.0 ], [ 101.540103327841408, 3.342633607067735, 0.0 ], [ 101.539035762237887, 3.342667692973199, 0.0 ] ] ] } },
{ "type": "Feature", "properties": { "NAMA": "Kawasan Industri Rawang Hi-Tech", "LOKASI": null, "DAERAH": "Gombak", "PBT": "MPS", "KATEGORI": "Technology / Science Industrial Park", "MIP": "No", "ALAMAT": "Kawasan Industri Rawang Hi-Tech, Rawang, Selangor, Malaysia", "AREA_HA": 15.448 }, "geometry": { "type": "Polygon", "coordinates": [ [ [ 101.571970917010759, 3.35788440162888, 0.0 ], [ 101.573687964130286, 3.357272764271293, 0.0 ], [ 101.57415665879148, 3.357454657060025, 0.0 ], [ 101.574331304815573, 3.355938197442538, 0.0 ], [ 101.575306937928616, 3.355618606205136, 0.0 ], [ 101.575703353776944, 3.355246390746395, 0.0 ], [ 101.575706749627741, 3.353237955617185, 0.0 ], [ 101.574241981959787, 3.353248404171677, 0.0 ], [ 101.574239026040715, 3.353320570561336, 0.0 ], [ 101.572274017717547, 3.353219347155905, 0.0 ], [ 101.571970917010759, 3.35788440162888, 0.0 ] ] ] } },
{ "type": "Feature", "properties": { "NAMA": "Sunway Rawang City", "LOKASI": "Rawang", "DAERAH": "Gombak", "PBT": "MPS", "KATEGORI": "Managed Industrial Park (MIP)", "MIP": "Yes", "ALAMAT": "Sunway Rawang City, Rawang, Selangor, Malaysia", "AREA_HA": 62.8 }, "geometry": { "type": "Polygon", "coordinates": [ [ [ 101.597427403397873, 3.326347537641082, 0.0 ], [ 101.598835458528484, 3.327125112641828, 0.0 ], [ 101.603774202245589, 3.326373645090823, 0.0 ], [ 101.604816940950471, 3.326145105314851, 0.0 ], [ 101.604714243982983, 3.325198746592706, 0.0 ], [ 101.602372002592887, 3.322983513221233, 0.0 ], [ 101.606313390520043, 3.321127446954063, 0.0 ], [ 101.606388618860265, 3.321078448081202, 0.0 ], [ 101.604714850167824, 3.317444685005626, 0.0 ], [ 101.600792166394555, 3.320189479675958, 0.0 ], [ 101.598977180111419, 3.32000731243428, 0.0 ], [ 101.598127786730885, 3.322031276426583, 0.0 ], [ 101.597404368464453, 3.321832430476768, 0.0 ], [ 101.597317125637488, 3.322896586634418, 0.0 ], [ 101.597427403397873, 3.326347537641082, 0.0 ] ] ] } },
{ "type": "Feature", "properties": { "NAMA": "Eco Business Park V", "LOKASI": "Puncak Alam, Kuala Selangor", "DAERAH": "Kuala Selangor", "PBT": "MPKS", "KATEGORI": "Industrial Park", "MIP": "No", "ALAMAT": "Jalan Eco Perindustrian 1/3A, Bandar Puncak Alam, 42300 Selangor, Malaysia", "AREA_HA": 97.521 }, "geometry": { "type": "Polygon", "coordinates": [ [ [ 101.436545137090974, 3.261571055955288, 0.0 ], [ 101.443196788320648, 3.258411295148939, 0.0 ], [ 101.43792477164736, 3.252287464678331, 0.0 ], [ 101.436893006186182, 3.250690121651716, 0.0 ], [ 101.436522148343897, 3.250666275488368, 0.0 ], [ 101.434661941971044, 3.248546109217485, 0.0 ], [ 101.433460339900918, 3.247571786244978, 0.0 ], [ 101.432188145864828, 3.246110850255724, 0.0 ], [ 101.431946386414353, 3.245823207166198, 0.0 ], [ 101.431432459367585, 3.248366316447571, 0.0 ], [ 101.431499265093123, 3.250072203742449, 0.0 ], [ 101.431909997099822, 3.252596998754831, 0.0 ], [ 101.436545137090974, 3.261571055955288, 0.0 ] ] ] } },
{ "type": "Feature", "properties": { "NAMA": "Taman Industri Alam Jaya, Puncak Alam", "LOKASI": null, "DAERAH": "Kuala Selangor", "PBT": "MPKS", "KATEGORI": "Industrial Park", "MIP": "No", "ALAMAT": "Taman Industri Alam Jaya, Puncak Alam, Puncak Alam, Selangor, Malaysia", "AREA_HA": 30.949 }, "geometry": { "type": "Polygon", "coordinates": [ [ [ 101.445336272744598, 3.245619356780097, 0.0 ], [ 101.449632283872717, 3.247450568621897, 0.0 ], [ 101.452413794044347, 3.240971118136074, 0.0 ], [ 101.450806600788269, 3.240274009656691, 0.0 ], [ 101.449428821443959, 3.241408923889442, 0.0 ], [ 101.447911016960404, 3.24276190070723, 0.0 ], [ 101.447687377633542, 3.242899465646355, 0.0 ], [ 101.446037957253722, 3.243884120522026, 0.0 ], [ 101.445817420734301, 3.244023041386574, 0.0 ], [ 101.445544211530191, 3.244347565557621, 0.0 ], [ 101.445336272744598, 3.245619356780097, 0.0 ] ] ] } },
{ "type": "Feature", "properties": { "NAMA": "Elmina Business Park", "LOKASI": "Sungai Buloh / Elmina, Shah Alam", "DAERAH": "Petaling", "PBT": "MBSA", "KATEGORI": "Managed Industrial Park (MIP)", "MIP": "Yes", "ALAMAT": "Elmina Business Park, 47000 Sungai Buloh, Selangor, Malaysia", "AREA_HA": 11.95 }, "geometry": { "type": "Polygon", "coordinates": [ [ [ 101.503043867862473, 3.184163362504674, 0.0 ], [ 101.503062160081541, 3.18433999609746, 0.0 ], [ 101.505287786908724, 3.186640205539326, 0.0 ], [ 101.505558191527484, 3.187126121719629, 0.0 ], [ 101.505661653944927, 3.187421033171132, 0.0 ], [ 101.505784921481379, 3.187500338768814, 0.0 ], [ 101.506329333811735, 3.187466183062121, 0.0 ], [ 101.507316564138534, 3.187158295846867, 0.0 ], [ 101.507843542914358, 3.186677713271755, 0.0 ], [ 101.508157559522772, 3.186323610779611, 0.0 ], [ 101.508136490864871, 3.186186497274864, 0.0 ], [ 101.506951862585225, 3.18533766727292, 0.0 ], [ 101.506738186620069, 3.1853538794746, 0.0 ], [ 101.505935108870034, 3.184778503811371, 0.0 ], [ 101.505880589059927, 3.184570303918524, 0.0 ], [ 101.503856051014324, 3.183119763527271, 0.0 ], [ 101.50371793254655, 3.183143020486436, 0.0 ], [ 101.50327020628913, 3.183774353729714, 0.0 ], [ 101.503043867862473, 3.184163362504674, 0.0 ] ] ] } },
{ "type": "Feature", "properties": { "NAMA": "Bukit Rahman Putra Industrial Park", "LOKASI": "Bukit Rahman Putra, Sg, Buloh", "DAERAH": "Gombak", "PBT": "MPS", "KATEGORI": "Industrial Park", "MIP": "No", "ALAMAT": "Jalan BRP 9/2B, Putra Industrial Park, Bukit Rahman Putra, 47000 Sungai Buloh, Selangor, Malaysia", "AREA_HA": 27.72 }, "geometry": { "type": "Polygon", "coordinates": [ [ [ 101.560176715403699, 3.234326578753826, 0.0 ], [ 101.562644733119868, 3.235388782992982, 0.0 ], [ 101.562896830823192, 3.235497390238676, 0.0 ], [ 101.565773044870411, 3.236776443811933, 0.0 ], [ 101.565874289854335, 3.236292578175501, 0.0 ], [ 101.565668292128947, 3.235339338003697, 0.0 ], [ 101.565567306328361, 3.234871579579025, 0.0 ], [ 101.566629456175534, 3.232855587319424, 0.0 ], [ 101.564530724912217, 3.231898300400672, 0.0 ], [ 101.564533040432451, 3.231864523939737, 0.0 ], [ 101.561592654596367, 3.230556586886768, 0.0 ], [ 101.56099853554116, 3.231881267962813, 0.0 ], [ 101.560731533492188, 3.232380590292923, 0.0 ], [ 101.560146648967134, 3.233752820288928, 0.0 ], [ 101.560176715403699, 3.234326578753826, 0.0 ] ] ] } },
{ "type": "Feature", "properties": { "NAMA": "Taman Perindustrian Batang Berjuntai Techno", "LOKASI": null, "DAERAH": "Kuala Selangor", "PBT": "MPKS", "KATEGORI": "Industrial Park", "MIP": "No", "ALAMAT": "Taman Perindustrian Batang Berjuntai Techno, Bestari Jaya, Selangor, Malaysia", "AREA_HA": 6.397 }, "geometry": { "type": "Polygon", "coordinates": [ [ [ 101.431185317234096, 3.381836019144886, 0.0 ], [ 101.430609001996089, 3.38351954813119, 0.0 ], [ 101.430615119343628, 3.383773541032465, 0.0 ], [ 101.432981932997464, 3.384576857157777, 0.0 ], [ 101.433628609687062, 3.382662925510704, 0.0 ], [ 101.431185317234096, 3.381836019144886, 0.0 ] ] ] } },
{ "type": "Feature", "properties": { "NAMA": "Kawasan Perusahaan Suria", "LOKASI": null, "DAERAH": "Kuala Selangor", "PBT": "MPKS", "KATEGORI": "Industrial Area", "MIP": "No", "ALAMAT": "Kawasan Perusahaan Suria, Kuala Selangor, Selangor, Malaysia", "AREA_HA": 21.946 }, "geometry": { "type": "Polygon", "coordinates": [ [ [ 101.41165769573665, 3.374916070029175, 0.0 ], [ 101.415429777911385, 3.375211790112824, 0.0 ], [ 101.415743313428379, 3.372460248387274, 0.0 ], [ 101.415514282224464, 3.372433919429085, 0.0 ], [ 101.415730742019619, 3.370529053081839, 0.0 ], [ 101.411686189419711, 3.370522958259428, 0.0 ], [ 101.41165769573665, 3.374916070029175, 0.0 ] ] ] } },
{ "type": "Feature", "properties": { "NAMA": "Kawasan Perindustrian Sg. Kapar Indah", "LOKASI": null, "DAERAH": "Klang", "PBT": "MBDK", "KATEGORI": "Industrial Area", "MIP": "No", "ALAMAT": "Kawasan Perindustrian Sg. Kapar Indah, Kapar, Selangor, Malaysia", "AREA_HA": 277.154 }, "geometry": { "type": "Polygon", "coordinates": [ [ [ 101.394406846678578, 3.112063987957708, 0.0 ], [ 101.402107261581975, 3.112104385666791, 0.0 ], [ 101.402107598008357, 3.111881148669635, 0.0 ], [ 101.402802258367785, 3.111792031336461, 0.0 ], [ 101.402800059224447, 3.112106444187483, 0.0 ], [ 101.406220272336583, 3.112123600938947, 0.0 ], [ 101.406299361652358, 3.105557245787388, 0.0 ], [ 101.406258203677794, 3.105556607088784, 0.0 ], [ 101.406079029943811, 3.103790521655049, 0.0 ], [ 101.406301390640778, 3.103796963297917, 0.0 ], [ 101.406307065101828, 3.09943039620395, 0.0 ], [ 101.406314490272393, 3.092999452443881, 0.0 ], [ 101.403333052257977, 3.092990021094914, 0.0 ], [ 101.402436800666933, 3.092987039408682, 0.0 ], [ 101.394537725001896, 3.092961721923523, 0.0 ], [ 101.394406846678578, 3.112063987957708, 0.0 ] ] ] } },
{ "type": "Feature", "properties": { "NAMA": "Putra Industrial Park, Kuala Langat", "LOKASI": null, "DAERAH": "Kuala Selangor", "PBT": "MPKS", "KATEGORI": "Industrial Park", "MIP": "No", "ALAMAT": "Putra Industrial Park, Kuala Langat, Kuala Selangor, Selangor, Malaysia", "AREA_HA": 19.612 }, "geometry": { "type": "Polygon", "coordinates": [ [ [ 101.395001670373077, 3.133162087906762, 0.0 ], [ 101.396722424662826, 3.133125080116913, 0.0 ], [ 101.396948178623006, 3.13155545482893, 0.0 ], [ 101.396399390161577, 3.130857362564377, 0.0 ], [ 101.397134012288234, 3.129692783026761, 0.0 ], [ 101.397757055746936, 3.129721831859188, 0.0 ], [ 101.399116704824209, 3.128300704400586, 0.0 ], [ 101.400012851550443, 3.12780750867246, 0.0 ], [ 101.400061849309338, 3.127230472577378, 0.0 ], [ 101.395060984107744, 3.127217917357304, 0.0 ], [ 101.395001670373077, 3.133162087906762, 0.0 ] ] ] } },
{ "type": "Feature", "properties": { "NAMA": "KIIP", "LOKASI": "Kapar", "DAERAH": "Klang", "PBT": "MBDK", "KATEGORI": "Industrial Park", "MIP": "No", "ALAMAT": "KIIP @ Kapar 2, Jalan Bukit Kerayong, 42200 Kapar, Selangor, Malaysia", "AREA_HA": 7.355 }, "geometry": { "type": "Polygon", "coordinates": [ [ [ 101.373192637587337, 3.134019834088949, 0.0 ], [ 101.373375430343913, 3.134220742835134, 0.0 ], [ 101.375345674572912, 3.1351121293603, 0.0 ], [ 101.375800617008252, 3.135275989430408, 0.0 ], [ 101.375748073442765, 3.134443646580083, 0.0 ], [ 101.375665779578483, 3.133666473638372, 0.0 ], [ 101.3756144025769, 3.133432468974343, 0.0 ], [ 101.375443848020694, 3.132704490173732, 0.0 ], [ 101.375306445964057, 3.131826820508805, 0.0 ], [ 101.375278893760012, 3.131721985161871, 0.0 ], [ 101.375139602515574, 3.131130050541978, 0.0 ], [ 101.374326831004112, 3.131927738025326, 0.0 ], [ 101.373751922041478, 3.132682300301215, 0.0 ], [ 101.373590854114425, 3.132856492335417, 0.0 ], [ 101.37351739358742, 3.133311727213977, 0.0 ], [ 101.373436198946749, 3.133749770419655, 0.0 ], [ 101.373198928129185, 3.134008163647612, 0.0 ], [ 101.373192637587337, 3.134019834088949, 0.0 ] ] ] } },
{ "type": "Feature", "properties": { "NAMA": "Golden Valley Industrial Park", "LOKASI": "Kapar, Klang", "DAERAH": "Klang", "PBT": "MBDK", "KATEGORI": "Industrial Park", "MIP": "No", "ALAMAT": "Golden Valley Industrial Park, Kapar, Selangor, Malaysia", "AREA_HA": 43.127 }, "geometry": { "type": "Polygon", "coordinates": [ [ [ 101.371171358219456, 3.150416565293573, 0.0 ], [ 101.372138518560675, 3.153153946984798, 0.0 ], [ 101.383538354443246, 3.149014489616639, 0.0 ], [ 101.382533370448186, 3.146300966405329, 0.0 ], [ 101.371171358219456, 3.150416565293573, 0.0 ] ] ] } },
{ "type": "Feature", "properties": { "NAMA": "Kawasan Perindustrian Meru", "LOKASI": null, "DAERAH": "Klang", "PBT": "MBDK", "KATEGORI": "Industrial Area", "MIP": "No", "ALAMAT": "Kawasan Perindustrian Meru, Meru, Selangor, Malaysia", "AREA_HA": 23.383 }, "geometry": { "type": "Polygon", "coordinates": [ [ [ 101.403259714620162, 3.149344977630853, 0.0 ], [ 101.405329567915629, 3.145592240670582, 0.0 ], [ 101.405309215965588, 3.138252798971467, 0.0 ], [ 101.40325523872059, 3.138254044342937, 0.0 ], [ 101.403259714620162, 3.149344977630853, 0.0 ] ] ] } },
{ "type": "Feature", "properties": { "NAMA": "Meru Indah Industrial Park", "LOKASI": null, "DAERAH": "Klang", "PBT": "MBDK", "KATEGORI": "Industrial Park", "MIP": "No", "ALAMAT": "Meru Indah Industrial Park, Meru, Selangor, Malaysia", "AREA_HA": 71.013 }, "geometry": { "type": "Polygon", "coordinates": [ [ [ 101.417522902647264, 3.130493865271186, 0.0 ], [ 101.41971687219899, 3.130324097983297, 0.0 ], [ 101.420320089667953, 3.130396143537229, 0.0 ], [ 101.42299852335789, 3.130407611169496, 0.0 ], [ 101.423014330361056, 3.126100532261656, 0.0 ], [ 101.422791965055382, 3.126099520257824, 0.0 ], [ 101.422795125390365, 3.125277763280197, 0.0 ], [ 101.423017816961377, 3.125134506447576, 0.0 ], [ 101.423028564132309, 3.122331943722797, 0.0 ], [ 101.422996669982695, 3.119746900095043, 0.0 ], [ 101.421868927797192, 3.119841257086036, 0.0 ], [ 101.417757252703566, 3.119831357521577, 0.0 ], [ 101.417534942461685, 3.11992194432956, 0.0 ], [ 101.417522902647264, 3.130493865271186, 0.0 ] ] ] } },
{ "type": "Feature", "properties": { "NAMA": "Kawasan Perindustrian Bukit Raja", "LOKASI": null, "DAERAH": "Klang", "PBT": "MBDK", "KATEGORI": "Industrial Area", "MIP": "No", "ALAMAT": "Kawasan Perindustrian Bukit Raja, Klang, Selangor, Malaysia", "AREA_HA": 95.998 }, "geometry": { "type": "Polygon", "coordinates": [ [ [ 101.459777913692065, 3.067130267445926, 0.0 ], [ 101.463767047726506, 3.073531639835032, 0.0 ], [ 101.466919756809816, 3.071457425267683, 0.0 ], [ 101.476431815785133, 3.079964673087578, 0.0 ], [ 101.47657151896621, 3.074421694692943, 0.0 ], [ 101.470208319278072, 3.069481098079113, 0.0 ], [ 101.469283564024636, 3.069628220567374, 0.0 ], [ 101.467946181267536, 3.068218286684843, 0.0 ], [ 101.467529915077989, 3.067717293526807, 0.0 ], [ 101.466579717395987, 3.067135329952859, 0.0 ], [ 101.465558771031908, 3.06701953571577, 0.0 ], [ 101.464364757182324, 3.067019620738957, 0.0 ], [ 101.462512460148957, 3.066863187460586, 0.0 ], [ 101.462117831628078, 3.06672403803897, 0.0 ], [ 101.46031058377892, 3.066870427857292, 0.0 ], [ 101.459777913692065, 3.067130267445926, 0.0 ] ] ] } },
{ "type": "Feature", "properties": { "NAMA": "Bandar Bukit Raja Industrial Park", "LOKASI": "Bandar Bukit Raja,Klang", "DAERAH": "Klang", "PBT": "MBDK", "KATEGORI": "Managed Industrial Park (MIP)", "MIP": "Yes", "ALAMAT": "Bandar Bukit Raja Industrial Park, Bandar Bukit Raja, 41050 Klang, Selangor, Malaysia", "AREA_HA": 107.498 }, "geometry": { "type": "Polygon", "coordinates": [ [ [ 101.468964832849466, 3.067661781446272, 0.0 ], [ 101.46915704844632, 3.068010770905989, 0.0 ], [ 101.470648899225466, 3.069035087901838, 0.0 ], [ 101.47184395919561, 3.070080469876423, 0.0 ], [ 101.473950229333539, 3.07118073503359, 0.0 ], [ 101.474175065744873, 3.070938262877113, 0.0 ], [ 101.475157512659294, 3.071229038468153, 0.0 ], [ 101.475938801217765, 3.071848223417073, 0.0 ], [ 101.47614676189545, 3.072463044364481, 0.0 ], [ 101.476031781670471, 3.072856250063952, 0.0 ], [ 101.477155643899764, 3.073601525561364, 0.0 ], [ 101.479511047452419, 3.073672038369751, 0.0 ], [ 101.479682365098228, 3.061671735564095, 0.0 ], [ 101.477430879442167, 3.060916373263267, 0.0 ], [ 101.477089497500486, 3.060849217852086, 0.0 ], [ 101.475352369518632, 3.06060480730986, 0.0 ], [ 101.474959915658943, 3.060054881093847, 0.0 ], [ 101.473162793771706, 3.063592613363351, 0.0 ], [ 101.472876510414366, 3.064208773522837, 0.0 ], [ 101.471713337167756, 3.065621121813439, 0.0 ], [ 101.469688283125009, 3.06671050687085, 0.0 ], [ 101.469353228578299, 3.066898250170855, 0.0 ], [ 101.469109545080784, 3.067548255695391, 0.0 ], [ 101.468964832849466, 3.067661781446272, 0.0 ] ] ] } },
{ "type": "Feature", "properties": { "NAMA": "Telok Panglima Garang FTZ", "LOKASI": null, "DAERAH": "Kuala Langat", "PBT": "MPKL", "KATEGORI": "Free Industrial Zone / FTZ", "MIP": "No", "ALAMAT": "Telok Panglima Garang FTZ, Telok Panglima Garang, Selangor, Malaysia", "AREA_HA": 40.653 }, "geometry": { "type": "Polygon", "coordinates": [ [ [ 101.45882652605475, 2.919485205209062, 0.0 ], [ 101.464573898741762, 2.919452095026969, 0.0 ], [ 101.464842941552092, 2.919599485104119, 0.0 ], [ 101.467337095554555, 2.91959578654588, 0.0 ], [ 101.467412893292305, 2.919191267691551, 0.0 ], [ 101.467350324627787, 2.91579093446675, 0.0 ], [ 101.465026012559193, 2.915482223429636, 0.0 ], [ 101.462918707676835, 2.915661552106223, 0.0 ], [ 101.460839309713279, 2.915679412340189, 0.0 ], [ 101.458831419873235, 2.915700067738701, 0.0 ], [ 101.45882652605475, 2.919485205209062, 0.0 ] ] ] } },
{ "type": "Feature", "properties": { "NAMA": "Kawasan Zon Perindustrian Telok Panglima Garang", "LOKASI": null, "DAERAH": "Kuala Langat", "PBT": "MPKL", "KATEGORI": "Industrial Area", "MIP": "No", "ALAMAT": "Kawasan Zon Perindustrian Telok Panglima Garang, Telok Panglima Garang, Selangor, Malaysia", "AREA_HA": 32.507 }, "geometry": { "type": "Polygon", "coordinates": [ [ [ 101.47329833522997, 2.925216309542726, 0.0 ], [ 101.476208958767586, 2.926354294637898, 0.0 ], [ 101.476751162593374, 2.92399924798876, 0.0 ], [ 101.47708725727685, 2.922325188926169, 0.0 ], [ 101.477367217505602, 2.920571190091266, 0.0 ], [ 101.477712668036489, 2.919120341357832, 0.0 ], [ 101.477757230699083, 2.91828226246682, 0.0 ], [ 101.474582231298413, 2.917791087476632, 0.0 ], [ 101.474485092609399, 2.917862086871033, 0.0 ], [ 101.473862289888658, 2.921367103825513, 0.0 ], [ 101.47361245264581, 2.921866049816018, 0.0 ], [ 101.473359192782141, 2.923512157496331, 0.0 ], [ 101.473229950927916, 2.923676666662872, 0.0 ], [ 101.47329833522997, 2.925216309542726, 0.0 ] ] ] } },
{ "type": "Feature", "properties": { "NAMA": "Kawasan Perindustrian Sg. Puloh", "LOKASI": null, "DAERAH": "Klang", "PBT": "MBDK", "KATEGORI": "Industrial Area", "MIP": "No", "ALAMAT": "Kawasan Perindustrian Sg. Puloh, Klang, Selangor, Malaysia", "AREA_HA": 51.817 }, "geometry": { "type": "Polygon", "coordinates": [ [ [ 101.408992254710384, 3.092681442959431, 0.0 ], [ 101.417700283979784, 3.092678074349965, 0.0 ], [ 101.417763082354654, 3.08800567526497, 0.0 ], [ 101.416873648936516, 3.087878151345004, 0.0 ], [ 101.413561173907055, 3.08786723536903, 0.0 ], [ 101.408953120944574, 3.087814646612483, 0.0 ], [ 101.408992220126763, 3.090824122287011, 0.0 ], [ 101.408992254710384, 3.092681442959431, 0.0 ] ] ] } },
{ "type": "Feature", "properties": { "NAMA": "Kawasan Perindustrian Kampung Idaman", "LOKASI": null, "DAERAH": "Klang", "PBT": "MBDK", "KATEGORI": "Industrial Area", "MIP": "No", "ALAMAT": "Kawasan Perindustrian Kampung Idaman, Klang, Selangor, Malaysia", "AREA_HA": 24.042 }, "geometry": { "type": "Polygon", "coordinates": [ [ [ 101.420427293902719, 2.999553232063277, 0.0 ], [ 101.420480902616688, 2.999607921656764, 0.0 ], [ 101.421229550432002, 2.999599564490585, 0.0 ], [ 101.422358111193972, 2.999073167778551, 0.0 ], [ 101.422942485296076, 2.998641668953214, 0.0 ], [ 101.423123953970347, 2.998678206957801, 0.0 ], [ 101.424369601542978, 2.997738156449476, 0.0 ], [ 101.424211874085032, 2.998196982515549, 0.0 ], [ 101.424833878775431, 2.998196938785843, 0.0 ], [ 101.424839289903829, 2.998015347145513, 0.0 ], [ 101.42553971537248, 2.998016476087586, 0.0 ], [ 101.425622725385182, 2.997926832878235, 0.0 ], [ 101.425626041688432, 2.996913993195802, 0.0 ], [ 101.42562941569814, 2.994737612106918, 0.0 ], [ 101.425264224058907, 2.994710183746772, 0.0 ], [ 101.42500828818936, 2.994709440689342, 0.0 ], [ 101.422912126458144, 2.994732143403489, 0.0 ], [ 101.422911154252844, 2.995207828655733, 0.0 ], [ 101.422458426789973, 2.995206900265967, 0.0 ], [ 101.421754243943923, 2.995205568671369, 0.0 ], [ 101.420472334125776, 2.995203216105327, 0.0 ], [ 101.420431965358929, 2.995161233069825, 0.0 ], [ 101.420470480133289, 2.997729897790359, 0.0 ], [ 101.420427293902719, 2.999553232063277, 0.0 ] ] ] } },
{ "type": "Feature", "properties": { "NAMA": "Kawasan Perindustrian Jalan Haji Sirat", "LOKASI": null, "DAERAH": "Klang", "PBT": "MBDK", "KATEGORI": "Industrial Area", "MIP": "No", "ALAMAT": "Kawasan Perindustrian Jalan Haji Sirat, Klang, Selangor, Malaysia", "AREA_HA": 73.134 }, "geometry": { "type": "Polygon", "coordinates": [ [ [ 101.406078329114877, 3.078309030732408, 0.0 ], [ 101.412584939458256, 3.078103771866923, 0.0 ], [ 101.412912017764043, 3.078067718365893, 0.0 ], [ 101.415298345563059, 3.07803426115523, 0.0 ], [ 101.416386719200617, 3.077990662487498, 0.0 ], [ 101.420194005110147, 3.077894477684563, 0.0 ], [ 101.420147828205515, 3.075118858075393, 0.0 ], [ 101.419652583308476, 3.075069666210082, 0.0 ], [ 101.419583699871964, 3.073896249392043, 0.0 ], [ 101.412857140233939, 3.074862604153476, 0.0 ], [ 101.412985706761873, 3.075264345819921, 0.0 ], [ 101.412592544894594, 3.07527558110089, 0.0 ], [ 101.412350150430171, 3.075221667677212, 0.0 ], [ 101.4122031398404, 3.07445415926802, 0.0 ], [ 101.411032923817686, 3.071982332541734, 0.0 ], [ 101.410774109808926, 3.072107895065082, 0.0 ], [ 101.410175769583006, 3.072361935319535, 0.0 ], [ 101.410270143514097, 3.072525664804932, 0.0 ], [ 101.409265183974483, 3.072841386968863, 0.0 ], [ 101.40914805274798, 3.07266477093112, 0.0 ], [ 101.40858193950082, 3.072841399702573, 0.0 ], [ 101.408425769118111, 3.072802154050946, 0.0 ], [ 101.406679886559346, 3.073576549116941, 0.0 ], [ 101.406290017976758, 3.074724565072839, 0.0 ], [ 101.40620819452181, 3.075277821922356, 0.0 ], [ 101.406128849854952, 3.075236319265087, 0.0 ], [ 101.406057979449713, 3.077359650601775, 0.0 ], [ 101.406078329114877, 3.078309030732408, 0.0 ] ] ] } },
{ "type": "Feature", "properties": { "NAMA": "Kawasan Perindustrian Sementa", "LOKASI": null, "DAERAH": "Klang", "PBT": "MBDK", "KATEGORI": "Industrial Area", "MIP": "No", "ALAMAT": "Kawasan Perindustrian Sementa, Klang, Selangor, Malaysia", "AREA_HA": 1.673 }, "geometry": { "type": "Polygon", "coordinates": [ [ [ 101.384864438766726, 3.089272990658175, 0.0 ], [ 101.385358352781338, 3.089045063697826, 0.0 ], [ 101.384316968367031, 3.086768155927688, 0.0 ], [ 101.383823909811866, 3.086996580710254, 0.0 ], [ 101.384864438766726, 3.089272990658175, 0.0 ] ] ] } },
{ "type": "Feature", "properties": { "NAMA": "Kawasan Perindustrian Jalan Haji Abdul Manan", "LOKASI": null, "DAERAH": "Klang", "PBT": "MBDK", "KATEGORI": "Industrial Area", "MIP": "No", "ALAMAT": "Kawasan Perindustrian Jalan Haji Abdul Manan, Klang, Selangor, Malaysia", "AREA_HA": 124.197 }, "geometry": { "type": "Polygon", "coordinates": [ [ [ 101.423359710806736, 3.112435027015023, 0.0 ], [ 101.423316611715848, 3.118109939456468, 0.0 ], [ 101.425055279832975, 3.118115593079795, 0.0 ], [ 101.426793641195232, 3.118121334263274, 0.0 ], [ 101.429890654469247, 3.118130979775314, 0.0 ], [ 101.429892837933096, 3.117921851419283, 0.0 ], [ 101.430474147272321, 3.117923702431015, 0.0 ], [ 101.430474152084457, 3.117862650277036, 0.0 ], [ 101.431055156414914, 3.117864500978933, 0.0 ], [ 101.431053895022302, 3.118134501486604, 0.0 ], [ 101.432796593593153, 3.118139961234173, 0.0 ], [ 101.433377588191377, 3.118141991515116, 0.0 ], [ 101.434024563157465, 3.118143845918263, 0.0 ], [ 101.434035725286648, 3.117918077281133, 0.0 ], [ 101.434734105458688, 3.117920386640242, 0.0 ], [ 101.434733154412186, 3.118147060084741, 0.0 ], [ 101.438210184081555, 3.118157241360342, 0.0 ], [ 101.438210587240349, 3.118043447952907, 0.0 ], [ 101.439370640397158, 3.118086771537077, 0.0 ], [ 101.43937032095603, 3.118161114816516, 0.0 ], [ 101.441067802918084, 3.118167101058317, 0.0 ], [ 101.441430734068291, 3.112499159369003, 0.0 ], [ 101.423359710806736, 3.112435027015023, 0.0 ] ] ] } },
{ "type": "Feature", "properties": { "NAMA": "Kawasan Perindustrian Klang Utama", "LOKASI": null, "DAERAH": "Klang", "PBT": "MBDK", "KATEGORI": "Industrial Area", "MIP": "No", "ALAMAT": "Kawasan Perindustrian Klang Utama, Klang, Selangor, Malaysia", "AREA_HA": 27.803 }, "geometry": { "type": "Polygon", "coordinates": [ [ [ 101.394539314809037, 3.092644235109421, 0.0 ], [ 101.399102989194716, 3.089437643669376, 0.0 ], [ 101.399959955726686, 3.088955807556347, 0.0 ], [ 101.401621225181188, 3.088243297980453, 0.0 ], [ 101.400413036175436, 3.085886906307244, 0.0 ], [ 101.398785333257337, 3.086607782492835, 0.0 ], [ 101.396929411590776, 3.087790469743059, 0.0 ], [ 101.395841599127394, 3.08836879017829, 0.0 ], [ 101.395395403836744, 3.088713279823128, 0.0 ], [ 101.393256763465743, 3.09005608975252, 0.0 ], [ 101.393315201967042, 3.090396219285675, 0.0 ], [ 101.393247501612947, 3.090437612240064, 0.0 ], [ 101.394539314809037, 3.092644235109421, 0.0 ] ] ] } },
{ "type": "Feature", "properties": { "NAMA": "LandPac Industrial Park", "LOKASI": null, "DAERAH": "Klang", "PBT": "MBDK", "KATEGORI": "Industrial Park", "MIP": "No", "ALAMAT": "LandPac Industrial Park, Klang, Selangor, Malaysia", "AREA_HA": 2.255 }, "geometry": { "type": "Polygon", "coordinates": [ [ [ 101.423186553774755, 3.07309143007054, 0.0 ], [ 101.423737117579051, 3.072989735163866, 0.0 ], [ 101.423282882771687, 3.06985922735581, 0.0 ], [ 101.422692956711799, 3.069928375944345, 0.0 ], [ 101.423186553774755, 3.07309143007054, 0.0 ] ] ] } },
{ "type": "Feature", "properties": { "NAMA": "Kawasan Perindustrian Persiaran Hamzah Alang", "LOKASI": null, "DAERAH": "Klang", "PBT": "MBDK", "KATEGORI": "Industrial Area", "MIP": "No", "ALAMAT": "Kawasan Perindustrian Persiaran Hamzah Alang, Klang, Selangor, Malaysia", "AREA_HA": 78.483 }, "geometry": { "type": "Polygon", "coordinates": [ [ [ 101.403260218217156, 3.150528361621507, 0.0 ], [ 101.40326141973793, 3.154024777436828, 0.0 ], [ 101.409069560994254, 3.154064008921997, 0.0 ], [ 101.409137673267097, 3.139887083078412, 0.0 ], [ 101.405665843555113, 3.139889202395078, 0.0 ], [ 101.405625953686808, 3.145669156625267, 0.0 ], [ 101.40377603682559, 3.149022930641639, 0.0 ], [ 101.403259968511989, 3.149958509489529, 0.0 ], [ 101.403260218217156, 3.150528361621507, 0.0 ] ] ] } },
{ "type": "Feature", "properties": { "NAMA": "Kawasan Perindustrian Sg. Rasau", "LOKASI": null, "DAERAH": "Klang", "PBT": "MBDK", "KATEGORI": "Industrial Area", "MIP": "No", "ALAMAT": "Kawasan Perindustrian Sg. Rasau, Klang, Selangor, Malaysia", "AREA_HA": 56.996 }, "geometry": { "type": "Polygon", "coordinates": [ [ [ 101.475726036133139, 3.056248002621969, 0.0 ], [ 101.477618941052825, 3.057510953688953, 0.0 ], [ 101.479683906172795, 3.058221884148077, 0.0 ], [ 101.490760272253311, 3.05818776336701, 0.0 ], [ 101.490736044438819, 3.056351118968223, 0.0 ], [ 101.489900457332084, 3.05637954921324, 0.0 ], [ 101.488786302064412, 3.056432892319281, 0.0 ], [ 101.484042038800723, 3.056409856514695, 0.0 ], [ 101.48407374292492, 3.054700474679409, 0.0 ], [ 101.48348864748111, 3.054700580732061, 0.0 ], [ 101.483488617622626, 3.054605887035577, 0.0 ], [ 101.481228133313905, 3.054582053928799, 0.0 ], [ 101.481117664787277, 3.052938784421987, 0.0 ], [ 101.47859435099609, 3.05239401440734, 0.0 ], [ 101.4773520465058, 3.052679390631738, 0.0 ], [ 101.47720684835673, 3.05280073734318, 0.0 ], [ 101.477263557149186, 3.052888490083946, 0.0 ], [ 101.476661945011784, 3.053805550159843, 0.0 ], [ 101.476826868470695, 3.054016049529967, 0.0 ], [ 101.476523990344006, 3.054241539604726, 0.0 ], [ 101.476525078632648, 3.055206645836293, 0.0 ], [ 101.475726036133139, 3.056248002621969, 0.0 ] ] ] } },
{ "type": "Feature", "properties": { "NAMA": "Bukit Raja Prime Industrial Park (Seksyen 7)", "LOKASI": "Seksyen 7, Shah Alam", "DAERAH": "Petaling", "PBT": "MBSA", "KATEGORI": "Industrial Park", "MIP": "No", "ALAMAT": "Bukit Raja Prime Industrial Park (Seksyen 7), Shah Alam, Selangor, Malaysia", "AREA_HA": 67.407 }, "geometry": { "type": "Polygon", "coordinates": [ [ [ 101.4681334412724, 3.079712404503598, 0.0 ], [ 101.473278693783072, 3.087985410660701, 0.0 ], [ 101.476270092166359, 3.085573509646303, 0.0 ], [ 101.476431815785133, 3.079964673087578, 0.0 ], [ 101.472876761765946, 3.07673126405991, 0.0 ], [ 101.4681334412724, 3.079712404503598, 0.0 ] ] ] } },
{ "type": "Feature", "properties": { "NAMA": "Kawasan Perindustrian MIEL (Seksyen 21 & 23)", "LOKASI": null, "DAERAH": "Petaling", "PBT": "MBSA", "KATEGORI": "Industrial Area", "MIP": "No", "ALAMAT": "Kawasan Perindustrian MIEL (Seksyen 21 & 23), Shah Alam, Selangor, Malaysia", "AREA_HA": 144.712 }, "geometry": { "type": "Polygon", "coordinates": [ [ [ 101.548876754180853, 3.051509597506641, 0.0 ], [ 101.549018494097808, 3.051034309386201, 0.0 ], [ 101.549333841238351, 3.051128821867759, 0.0 ], [ 101.549495583912474, 3.050586101286403, 0.0 ], [ 101.547218683920562, 3.047716913712336, 0.0 ], [ 101.544995889039185, 3.04691343794619, 0.0 ], [ 101.541060853682779, 3.045179580545985, 0.0 ], [ 101.536605640243167, 3.039529764628961, 0.0 ], [ 101.535913859710604, 3.039793140124238, 0.0 ], [ 101.534276390382857, 3.040097194004316, 0.0 ], [ 101.533759261996806, 3.039962516919978, 0.0 ], [ 101.533137990688815, 3.040170562636003, 0.0 ], [ 101.531335679577978, 3.040316944216042, 0.0 ], [ 101.531611704625476, 3.044564841940975, 0.0 ], [ 101.531912916946467, 3.048169053021158, 0.0 ], [ 101.531809223352354, 3.048312739485063, 0.0 ], [ 101.535194623928447, 3.04780493911685, 0.0 ], [ 101.536383678913609, 3.048070761128515, 0.0 ], [ 101.540869042641248, 3.050941841880645, 0.0 ], [ 101.542924736745363, 3.05199426419358, 0.0 ], [ 101.54459644104071, 3.05275044915839, 0.0 ], [ 101.548272576723349, 3.054015948874711, 0.0 ], [ 101.548968743827842, 3.051681155201305, 0.0 ], [ 101.548876754180853, 3.051509597506641, 0.0 ] ] ] } },
{ "type": "Feature", "properties": { "NAMA": "Taman Perindustrian UEP, Subang Jaya", "LOKASI": null, "DAERAH": "Petaling", "PBT": "MBSJ", "KATEGORI": "Industrial Park", "MIP": "No", "ALAMAT": "Taman Perindustrian UEP, Subang Jaya, Selangor, Malaysia", "AREA_HA": 64.392 }, "geometry": { "type": "Polygon", "coordinates": [ [ [ 101.559489871755858, 3.042820988644334, 0.0 ], [ 101.559567886580112, 3.042958888093211, 0.0 ], [ 101.559645872841159, 3.042914924790565, 0.0 ], [ 101.560308866212054, 3.044095977535621, 0.0 ], [ 101.56000690560731, 3.044268031098829, 0.0 ], [ 101.562914920421122, 3.048472110465848, 0.0 ], [ 101.566805048526078, 3.047834003633726, 0.0 ], [ 101.568254037080465, 3.046420913018751, 0.0 ], [ 101.568545118292647, 3.045743061978496, 0.0 ], [ 101.570441129060612, 3.041803983576454, 0.0 ], [ 101.570277033710369, 3.041726057214016, 0.0 ], [ 101.569887946037639, 3.04213506504869, 0.0 ], [ 101.569126126225456, 3.042315066133005, 0.0 ], [ 101.568736981459878, 3.04075207097292, 0.0 ], [ 101.562062947591329, 3.041824989585839, 0.0 ], [ 101.562096982428159, 3.042019055420774, 0.0 ], [ 101.562128880603794, 3.042353022959885, 0.0 ], [ 101.559489871755858, 3.042820988644334, 0.0 ] ] ] } },
{ "type": "Feature", "properties": { "NAMA": "Subang Hi-Tech Industrial Park", "LOKASI": null, "DAERAH": "Petaling", "PBT": "MBSJ", "KATEGORI": "Technology / Science Industrial Park", "MIP": "No", "ALAMAT": "Subang Hi-Tech Industrial Park, Subang Jaya, Selangor, Malaysia", "AREA_HA": 82.238 }, "geometry": { "type": "Polygon", "coordinates": [ [ [ 101.565782891097939, 3.068385014311645, 0.0 ], [ 101.56959991330676, 3.075555962504115, 0.0 ], [ 101.570345080795462, 3.075714910637998, 0.0 ], [ 101.571137027266559, 3.076400897039166, 0.0 ], [ 101.571281980506356, 3.076561026958395, 0.0 ], [ 101.572411165192378, 3.074042556825153, 0.0 ], [ 101.572117992064136, 3.063405014340927, 0.0 ], [ 101.571637864455781, 3.063315024463316, 0.0 ], [ 101.571160963285735, 3.063152957997517, 0.0 ], [ 101.571023921331914, 3.063483969446938, 0.0 ], [ 101.570442642860101, 3.063239679868267, 0.0 ], [ 101.56966009972615, 3.062709906116677, 0.0 ], [ 101.566382994458436, 3.062814002595745, 0.0 ], [ 101.566559014719587, 3.066456018504794, 0.0 ], [ 101.564826955515571, 3.066582008728609, 0.0 ], [ 101.565782891097939, 3.068385014311645, 0.0 ] ] ] } },
{ "type": "Feature", "properties": { "NAMA": "Hicom-Glenmarie Industrial Park (Seksyen U1)", "LOKASI": "Seksyen U1, Shah Alam", "DAERAH": "Petaling", "PBT": "MBSA", "KATEGORI": "Industrial Park", "MIP": "No", "ALAMAT": "HICOM-Glenmarie Industrial Park, 40150 Shah Alam, Selangor, Malaysia", "AREA_HA": 127.792 }, "geometry": { "type": "Polygon", "coordinates": [ [ [ 101.567366423744133, 3.097554642421941, 0.0 ], [ 101.567383213847847, 3.096067246771912, 0.0 ], [ 101.567111645165056, 3.096064217863226, 0.0 ], [ 101.567161503883327, 3.091653690153733, 0.0 ], [ 101.567432766871846, 3.091664492861758, 0.0 ], [ 101.567241544480396, 3.090693364830666, 0.0 ], [ 101.567868188661265, 3.088968323437607, 0.0 ], [ 101.567868234526884, 3.088968235709016, 0.0 ], [ 101.56929241328487, 3.085772356951552, 0.0 ], [ 101.569148060457394, 3.08515536930048, 0.0 ], [ 101.568284912192226, 3.084209932759661, 0.0 ], [ 101.568019578351254, 3.083513842933147, 0.0 ], [ 101.567115578057553, 3.0828954355658, 0.0 ], [ 101.5660564902294, 3.082370969759706, 0.0 ], [ 101.559978606447629, 3.082336372181067, 0.0 ], [ 101.559979030550025, 3.093321840392105, 0.0 ], [ 101.560383797383977, 3.093951022941038, 0.0 ], [ 101.567366423744133, 3.097554642421941, 0.0 ] ] ] } },
{ "type": "Feature", "properties": { "NAMA": "Temasya Industrial Park (Seksyen U1)", "LOKASI": null, "DAERAH": "Petaling", "PBT": "MBSA", "KATEGORI": "Industrial Park", "MIP": "No", "ALAMAT": "Temasya Industrial Park (Seksyen U1), Shah Alam, Selangor, Malaysia", "AREA_HA": 5.888 }, "geometry": { "type": "Polygon", "coordinates": [ [ [ 101.57727663098261, 3.090012413944251, 0.0 ], [ 101.577308229017135, 3.090083769648311, 0.0 ], [ 101.58089267489251, 3.091456299509495, 0.0 ], [ 101.5813337494358, 3.090317287080706, 0.0 ], [ 101.577752686261604, 3.088926680159812, 0.0 ], [ 101.577681775290941, 3.088958254207846, 0.0 ], [ 101.57727663098261, 3.090012413944251, 0.0 ] ] ] } },
{ "type": "Feature", "properties": { "NAMA": "Taman Industri Saujana Indah", "LOKASI": null, "DAERAH": "Petaling", "PBT": "MBSA", "KATEGORI": "Industrial Park", "MIP": "No", "ALAMAT": "Taman Industri Saujana Indah, Shah Alam, Selangor, Malaysia", "AREA_HA": 10.488 }, "geometry": { "type": "Polygon", "coordinates": [ [ [ 101.558215297322846, 3.10783942341836, 0.0 ], [ 101.558424103868902, 3.107968131486162, 0.0 ], [ 101.558379011530803, 3.108683823451488, 0.0 ], [ 101.55858810708915, 3.109489190276034, 0.0 ], [ 101.55907556053306, 3.109871921758309, 0.0 ], [ 101.560727336972477, 3.105858650151491, 0.0 ], [ 101.560808879574026, 3.105526482263318, 0.0 ], [ 101.560273992485335, 3.10443672360962, 0.0 ], [ 101.559390721299266, 3.103483259655565, 0.0 ], [ 101.558215297322846, 3.10783942341836, 0.0 ] ] ] } },
{ "type": "Feature", "properties": { "NAMA": "Mah Sing Industrial Park (Seksyen U5)", "LOKASI": null, "DAERAH": "Petaling", "PBT": "MBSA", "KATEGORI": "Industrial Park", "MIP": "No", "ALAMAT": "Mah Sing Industrial Park (Seksyen U5), Shah Alam, Selangor, Malaysia", "AREA_HA": 39.786 }, "geometry": { "type": "Polygon", "coordinates": [ [ [ 101.529775088623552, 3.184197585588984, 0.0 ], [ 101.53372014476686, 3.184142966829278, 0.0 ], [ 101.53371935161627, 3.176705839684149, 0.0 ], [ 101.533666933254224, 3.176299699492799, 0.0 ], [ 101.533325743567147, 3.176033582404639, 0.0 ], [ 101.532949525033658, 3.17593231295953, 0.0 ], [ 101.52977396878633, 3.175932752024631, 0.0 ], [ 101.529775088623552, 3.184197585588984, 0.0 ] ] ] } },
{ "type": "Feature", "properties": { "NAMA": "Kawasan Perindustrian Sentosa", "LOKASI": null, "DAERAH": "Klang", "PBT": "MBDK", "KATEGORI": "Industrial Area", "MIP": "No", "ALAMAT": "Kawasan Perindustrian Sentosa, Klang, Selangor, Malaysia", "AREA_HA": 12.729 }, "geometry": { "type": "Polygon", "coordinates": [ [ [ 101.477060180216782, 3.004384590455299, 0.0 ], [ 101.477983240602825, 3.006688704666992, 0.0 ], [ 101.478055038589531, 3.006720517209976, 0.0 ], [ 101.479777537982542, 3.006072862273261, 0.0 ], [ 101.479841442253729, 3.006243561697814, 0.0 ], [ 101.48171781821739, 3.005580451025131, 0.0 ], [ 101.480761070604302, 3.002988278866955, 0.0 ], [ 101.477060180216782, 3.004384590455299, 0.0 ] ] ] } },
{ "type": "Feature", "properties": { "NAMA": "AMJ Industrial Area (Seksyen 36)", "LOKASI": "Seksyen 36, Shah Alam", "DAERAH": "Petaling", "PBT": "MBSA", "KATEGORI": "Industrial Area", "MIP": "No", "ALAMAT": "AMJ Industrial Area (Seksyen 36), Shah Alam, Selangor, Malaysia", "AREA_HA": 42.4 }, "geometry": { "type": "Polygon", "coordinates": [ [ [ 101.48763120746365, 3.012775987297787, 0.0 ], [ 101.49395637135764, 3.012815858067927, 0.0 ], [ 101.495494801692161, 3.010975959258143, 0.0 ], [ 101.493994765066603, 3.006926295752753, 0.0 ], [ 101.492336595868522, 3.004877013389585, 0.0 ], [ 101.48763120746365, 3.012775987297787, 0.0 ] ] ] } },
{ "type": "Feature", "properties": { "NAMA": "Sime UEP Industrial Park (Seksyen 26)", "LOKASI": null, "DAERAH": "Petaling", "PBT": "MBSA", "KATEGORI": "Industrial Park", "MIP": "No", "ALAMAT": "Sime UEP Industrial Park (Seksyen 26), Shah Alam, Selangor, Malaysia", "AREA_HA": 41.895 }, "geometry": { "type": "Polygon", "coordinates": [ [ [ 101.551764805653946, 3.046215399631915, 0.0 ], [ 101.551759075243154, 3.046232720424191, 0.0 ], [ 101.555879807525258, 3.045493991480172, 0.0 ], [ 101.559451078937101, 3.044977749528287, 0.0 ], [ 101.559343093809531, 3.044749064543012, 0.0 ], [ 101.559058116990371, 3.044806987469432, 0.0 ], [ 101.558249080652786, 3.04335203237225, 0.0 ], [ 101.558361892402573, 3.043383937791087, 0.0 ], [ 101.556856000631981, 3.040907215790098, 0.0 ], [ 101.54895693961042, 3.042296729094046, 0.0 ], [ 101.551764805653946, 3.046215399631915, 0.0 ] ] ] } },
{ "type": "Feature", "properties": { "NAMA": "Elite Industrial Park (Seksyen 33)", "LOKASI": "Seksyen 33, Shah Alam", "DAERAH": "Petaling", "PBT": "MBSA", "KATEGORI": "Industrial Park", "MIP": "No", "ALAMAT": "Elite Industrial Park (Seksyen 33), Shah Alam, Selangor, Malaysia", "AREA_HA": 42.928 }, "geometry": { "type": "Polygon", "coordinates": [ [ [ 101.544144766721942, 3.024360666360697, 0.0 ], [ 101.549760259101163, 3.027592691666153, 0.0 ], [ 101.549815984571495, 3.027576224369618, 0.0 ], [ 101.549881618661701, 3.027833933570399, 0.0 ], [ 101.55042723884111, 3.028134029890235, 0.0 ], [ 101.551335982973569, 3.026654003672468, 0.0 ], [ 101.551379990497011, 3.02671490891371, 0.0 ], [ 101.551704206606843, 3.026036545951589, 0.0 ], [ 101.552029075062862, 3.024536168919097, 0.0 ], [ 101.552034620684196, 3.023238892474768, 0.0 ], [ 101.552574841658654, 3.023237987034831, 0.0 ], [ 101.552194807552368, 3.02235131141113, 0.0 ], [ 101.551234458442849, 3.021995787760703, 0.0 ], [ 101.55063703765893, 3.021587404609874, 0.0 ], [ 101.54931482618737, 3.020013533013986, 0.0 ], [ 101.549002084824622, 3.019879338944935, 0.0 ], [ 101.548242906480908, 3.019893540516561, 0.0 ], [ 101.54728490042875, 3.020226993912481, 0.0 ], [ 101.548412377687782, 3.023245644456285, 0.0 ], [ 101.543014459581954, 3.023267118062659, 0.0 ], [ 101.543834424324146, 3.024147313536107, 0.0 ], [ 101.544144766721942, 3.024360666360697, 0.0 ] ] ] } },
{ "type": "Feature", "properties": { "NAMA": "Megah Indah Industrial Park (Seksyen 27)", "LOKASI": null, "DAERAH": "Petaling", "PBT": "MBSA", "KATEGORI": "Industrial Park", "MIP": "No", "ALAMAT": "Megah Indah Industrial Park (Seksyen 27), Shah Alam, Selangor, Malaysia", "AREA_HA": 19.59 }, "geometry": { "type": "Polygon", "coordinates": [ [ [ 101.560753280554223, 3.020203444385914, 0.0 ], [ 101.560752389993397, 3.020203444527231, 0.0 ], [ 101.560752536273625, 3.021134987253865, 0.0 ], [ 101.560808675299796, 3.021749884447647, 0.0 ], [ 101.560973188910708, 3.022337643240558, 0.0 ], [ 101.56145106110516, 3.023192259010042, 0.0 ], [ 101.562263859742075, 3.023966417814241, 0.0 ], [ 101.563623285627131, 3.024635177353152, 0.0 ], [ 101.564084979966665, 3.024155825983784, 0.0 ], [ 101.564350256217125, 3.023812075013077, 0.0 ], [ 101.564948092528937, 3.023225093808166, 0.0 ], [ 101.56589641154838, 3.02269418108098, 0.0 ], [ 101.565929838992417, 3.0225821188538, 0.0 ], [ 101.565242874399715, 3.021361634333354, 0.0 ], [ 101.563765666382309, 3.019729675806163, 0.0 ], [ 101.56364619908895, 3.019803208891181, 0.0 ], [ 101.563251438699666, 3.020203587691676, 0.0 ], [ 101.560753280554223, 3.020203444385914, 0.0 ] ] ] } },
{ "type": "Feature", "properties": { "NAMA": "Batu Tiga Industrial Park (Seksyen U2)", "LOKASI": "Seksyen U2, Shah Alam", "DAERAH": "Petaling", "PBT": "MBSA", "KATEGORI": "Industrial Park", "MIP": "No", "ALAMAT": "Batu Tiga Industrial Park (Seksyen U2), Shah Alam, Selangor, Malaysia", "AREA_HA": 12.493 }, "geometry": { "type": "Polygon", "coordinates": [ [ [ 101.558861459112862, 3.082134278120383, 0.0 ], [ 101.558859261627106, 3.079335845803171, 0.0 ], [ 101.558618347309604, 3.079336155621982, 0.0 ], [ 101.557610392520601, 3.079045182209144, 0.0 ], [ 101.555944179170581, 3.079042705347198, 0.0 ], [ 101.555236714573141, 3.081615960511626, 0.0 ], [ 101.555229076006782, 3.082184515382151, 0.0 ], [ 101.558861459112862, 3.082134278120383, 0.0 ] ] ] } },
{ "type": "Feature", "properties": { "NAMA": "Bukit Jelutong Industrial Park (Seksyen U8)", "LOKASI": "Bukit Jelutong, Shah Alam", "DAERAH": "Petaling", "PBT": "MBSA", "KATEGORI": "Industrial Park", "MIP": "No", "ALAMAT": "Bukit Jelutong Industrial Park (Seksyen U8), Shah Alam, Selangor, Malaysia", "AREA_HA": 16.325 }, "geometry": { "type": "Polygon", "coordinates": [ [ [ 101.550735544844869, 3.117592115603656, 0.0 ], [ 101.552752240104155, 3.118608116809093, 0.0 ], [ 101.552884741284061, 3.118390946247074, 0.0 ], [ 101.553483371356378, 3.118748907394586, 0.0 ], [ 101.555435284415594, 3.115328471320944, 0.0 ], [ 101.555461449855144, 3.114780944260277, 0.0 ], [ 101.553147462940231, 3.113563435390728, 0.0 ], [ 101.551609561877868, 3.116360469701823, 0.0 ], [ 101.551288218480238, 3.116352443711272, 0.0 ], [ 101.550735544844869, 3.117592115603656, 0.0 ] ] ] } },
{ "type": "Feature", "properties": { "NAMA": "Taman Perindustrian Jaya (PJU 2)", "LOKASI": null, "DAERAH": "Petaling", "PBT": "MBPJ", "KATEGORI": "Industrial Park", "MIP": "No", "ALAMAT": "Taman Perindustrian Jaya (PJU 2), Petaling Jaya, Selangor, Malaysia", "AREA_HA": 12.906 }, "geometry": { "type": "Polygon", "coordinates": [ [ [ 101.572791970050432, 3.120497952347192, 0.0 ], [ 101.572555800957431, 3.120420039821992, 0.0 ], [ 101.572116958003079, 3.120429069560557, 0.0 ], [ 101.571386902335945, 3.120443033276605, 0.0 ], [ 101.571332709038941, 3.122328949120794, 0.0 ], [ 101.571332720244371, 3.122393971017993, 0.0 ], [ 101.572555882982115, 3.122449102780141, 0.0 ], [ 101.572893772686911, 3.122358067098791, 0.0 ], [ 101.574649963655247, 3.12235811891997, 0.0 ], [ 101.574750801075126, 3.118698155462047, 0.0 ], [ 101.574931856913082, 3.118462000753717, 0.0 ], [ 101.574932321401306, 3.118032982797388, 0.0 ], [ 101.573346709029508, 3.118032991478335, 0.0 ], [ 101.573304839971343, 3.119377930194644, 0.0 ], [ 101.57279178536993, 3.119433998810751, 0.0 ], [ 101.572791823556628, 3.119654024222988, 0.0 ], [ 101.572791970050432, 3.120497952347192, 0.0 ] ] ] } },
{ "type": "Feature", "properties": { "NAMA": "Lion Industrial Park (Seksyen 26)", "LOKASI": null, "DAERAH": "Petaling", "PBT": "MBSA", "KATEGORI": "Industrial Park", "MIP": "No", "ALAMAT": "Lion Industrial Park (Seksyen 26), Shah Alam, Selangor, Malaysia", "AREA_HA": 8.062 }, "geometry": { "type": "Polygon", "coordinates": [ [ [ 101.538565464897729, 3.040609133995041, 0.0 ], [ 101.540503803660741, 3.043088427485065, 0.0 ], [ 101.540649610560408, 3.042123125379554, 0.0 ], [ 101.541245906906838, 3.041268656135951, 0.0 ], [ 101.542157187703154, 3.0405917253509, 0.0 ], [ 101.542503344376669, 3.039464278761113, 0.0 ], [ 101.540420578309821, 3.039627273928879, 0.0 ], [ 101.538565464897729, 3.040609133995041, 0.0 ] ] ] } },
{ "type": "Feature", "properties": { "NAMA": "Shah Alam Technology Park (Seksyen 33)", "LOKASI": null, "DAERAH": "Petaling", "PBT": "MBSA", "KATEGORI": "Technology / Science Industrial Park", "MIP": "No", "ALAMAT": "Shah Alam Technology Park (Seksyen 33), Shah Alam, Selangor, Malaysia", "AREA_HA": 44.991 }, "geometry": { "type": "Polygon", "coordinates": [ [ [ 101.542091747202846, 3.021991079243037, 0.0 ], [ 101.543087684494026, 3.023081482607958, 0.0 ], [ 101.543291725536093, 3.023039853832414, 0.0 ], [ 101.544206995402845, 3.02326384566617, 0.0 ], [ 101.548412377687782, 3.023245644456285, 0.0 ], [ 101.54728490042875, 3.020226993912481, 0.0 ], [ 101.548225821244799, 3.01981341843644, 0.0 ], [ 101.548753130540888, 3.019803212133734, 0.0 ], [ 101.548761735591583, 3.019346591125916, 0.0 ], [ 101.546777614355335, 3.01692491251907, 0.0 ], [ 101.54670366400606, 3.017001005483639, 0.0 ], [ 101.546132751366528, 3.016925503609471, 0.0 ], [ 101.541813901116413, 3.016995012165564, 0.0 ], [ 101.54182026504931, 3.020110615500829, 0.0 ], [ 101.542069414609358, 3.020318787640625, 0.0 ], [ 101.542042311324778, 3.020874253110833, 0.0 ], [ 101.541884678955967, 3.020878520367857, 0.0 ], [ 101.541909579470953, 3.021231530893936, 0.0 ], [ 101.542091633514829, 3.021179025338724, 0.0 ], [ 101.542091747202846, 3.021991079243037, 0.0 ] ] ] } },
{ "type": "Feature", "properties": { "NAMA": "Berjaya Park Industrial Lot (Seksyen 32)", "LOKASI": "Seksyen 32, Shah Alam", "DAERAH": "Petaling", "PBT": "MBSA", "KATEGORI": "Other Industrial Cluster", "MIP": "No", "ALAMAT": "Berjaya Park Industrial Lot (Seksyen 32), Shah Alam, Selangor, Malaysia", "AREA_HA": 38.264 }, "geometry": { "type": "Polygon", "coordinates": [ [ [ 101.505465111256996, 2.982680283714125, 0.0 ], [ 101.506316771082609, 2.982999914325767, 0.0 ], [ 101.506082131763478, 2.983529839189776, 0.0 ], [ 101.506027995338869, 2.984012981168684, 0.0 ], [ 101.50617134423203, 2.984474929562169, 0.0 ], [ 101.51164168588906, 2.986084469760759, 0.0 ], [ 101.513762640951313, 2.986419587546842, 0.0 ], [ 101.513944039040481, 2.986810089157749, 0.0 ], [ 101.513998841113789, 2.986754908955127, 0.0 ], [ 101.515125555060493, 2.986753604075848, 0.0 ], [ 101.51511857814441, 2.98244016165765, 0.0 ], [ 101.514529142194831, 2.982247333006045, 0.0 ], [ 101.512161606019248, 2.982297882983805, 0.0 ], [ 101.505636135053521, 2.982309656718736, 0.0 ], [ 101.505465111256996, 2.982680283714125, 0.0 ] ] ] } },
{ "type": "Feature", "properties": { "NAMA": "Lion Industrial Park (Seksyen 22)", "LOKASI": null, "DAERAH": "Petaling", "PBT": "MBSA", "KATEGORI": "Industrial Park", "MIP": "No", "ALAMAT": "Lion Industrial Park (Seksyen 22), Shah Alam, Selangor, Malaysia", "AREA_HA": 1.842 }, "geometry": { "type": "Polygon", "coordinates": [ [ [ 101.541245906906838, 3.041268656135951, 0.0 ], [ 101.540649610560408, 3.042123125379554, 0.0 ], [ 101.540503803660741, 3.043088427485065, 0.0 ], [ 101.541034414341894, 3.043767765605893, 0.0 ], [ 101.541753898591281, 3.04385628891047, 0.0 ], [ 101.54183896009728, 3.043200304268424, 0.0 ], [ 101.541104165215401, 3.043109703182369, 0.0 ], [ 101.54126901355643, 3.041757815279309, 0.0 ], [ 101.541187275032186, 3.04174773622233, 0.0 ], [ 101.541245906906838, 3.041268656135951, 0.0 ] ] ] } },
{ "type": "Feature", "properties": { "NAMA": "Kawasan Perindustrian Seksyen 24", "LOKASI": "Petaling", "DAERAH": "Petaling", "PBT": "MBSA", "KATEGORI": "Industrial Park", "MIP": "No", "ALAMAT": "Kawasan Perindustrian Seksyen 24", "AREA_HA": 7.571 }, "geometry": { "type": "Polygon", "coordinates": [ [ [ 101.513684518406379, 3.043057699442357, 0.0 ], [ 101.51292689384907, 3.043274458331398, 0.0 ], [ 101.512893883927561, 3.043313882395884, 0.0 ], [ 101.512421768110556, 3.043466860926926, 0.0 ], [ 101.511948940485723, 3.043610913483272, 0.0 ], [ 101.51180092005427, 3.043812046985039, 0.0 ], [ 101.51178847296832, 3.043902599247464, 0.0 ], [ 101.512033349418729, 3.044396232417701, 0.0 ], [ 101.511539946904307, 3.044554242969231, 0.0 ], [ 101.512021324800244, 3.045562986606701, 0.0 ], [ 101.512487345337419, 3.045324794605172, 0.0 ], [ 101.512797027211477, 3.045921698644179, 0.0 ], [ 101.513073792528701, 3.046066380358318, 0.0 ], [ 101.513340914005269, 3.046097340336739, 0.0 ], [ 101.513808682464656, 3.04568022175052, 0.0 ], [ 101.514257462353967, 3.045240217203421, 0.0 ], [ 101.514440550107651, 3.044987076923005, 0.0 ], [ 101.514799062257552, 3.044204667291855, 0.0 ], [ 101.514753264164128, 3.04404359673892, 0.0 ], [ 101.514424840996853, 3.043906681629418, 0.0 ], [ 101.514328739360636, 3.043751408330834, 0.0 ], [ 101.513684518406379, 3.043057699442357, 0.0 ] ] ] } },
{ "type": "Feature", "properties": { "NAMA": "Kawasan Perindustrian Seksyen 15", "LOKASI": "Petaling", "DAERAH": "Petaling", "PBT": "MBSA", "KATEGORI": "Industrial Park", "MIP": "No", "ALAMAT": "Kawasan Perindustrian Seksyen 15", "AREA_HA": 332.87 }, "geometry": { "type": "MultiPolygon", "coordinates": [ [ [ [ 101.515017883534099, 3.053700163324045, 0.0 ], [ 101.512579908786705, 3.05289557257877, 0.0 ], [ 101.510748787911481, 3.058642140827527, 0.0 ], [ 101.511171236792109, 3.05945741985662, 0.0 ], [ 101.515873935822697, 3.060903583036228, 0.0 ], [ 101.519031524402237, 3.061876401144088, 0.0 ], [ 101.519271795061869, 3.061792892121983, 0.0 ], [ 101.519284697737703, 3.060919586299593, 0.0 ], [ 101.517524837190834, 3.05705207625687, 0.0 ], [ 101.517284776229161, 3.056545049903196, 0.0 ], [ 101.516867619970171, 3.055936423815037, 0.0 ], [ 101.515275916080967, 3.054751292461827, 0.0 ], [ 101.514897252026913, 3.054713156671105, 0.0 ], [ 101.515017883534099, 3.053700163324045, 0.0 ] ] ], [ [ [ 101.522664743726011, 3.056104085570314, 0.0 ], [ 101.518240080689495, 3.054718192474424, 0.0 ], [ 101.517923595798436, 3.055751265237331, 0.0 ], [ 101.519619142238994, 3.059382425786368, 0.0 ], [ 101.519972601553363, 3.06014692346825, 0.0 ], [ 101.520184563004321, 3.060711071642277, 0.0 ], [ 101.52025712926033, 3.061450360763249, 0.0 ], [ 101.520222744259584, 3.062242423182968, 0.0 ], [ 101.521117552824137, 3.061753751572014, 0.0 ], [ 101.521747349233124, 3.059061594514356, 0.0 ], [ 101.521932988909839, 3.058554525426394, 0.0 ], [ 101.522664743726011, 3.056104085570314, 0.0 ] ] ], [ [ [ 101.514179244588149, 3.060762434396374, 0.0 ], [ 101.511062254648181, 3.059802845565142, 0.0 ], [ 101.510284186977017, 3.060127971694445, 0.0 ], [ 101.510241196883896, 3.060660227707898, 0.0 ], [ 101.509853874257715, 3.061892448732711, 0.0 ], [ 101.50958671447448, 3.062559211077145, 0.0 ], [ 101.517479545850861, 3.064469193437121, 0.0 ], [ 101.518410385867412, 3.064308005116985, 0.0 ], [ 101.518521564130822, 3.06397316923896, 0.0 ], [ 101.518707851685974, 3.063441229385657, 0.0 ], [ 101.519035607023028, 3.062461002994915, 0.0 ], [ 101.518914196342195, 3.062221710996514, 0.0 ], [ 101.514179244588149, 3.060762434396374, 0.0 ] ] ], [ [ [ 101.540486872441022, 3.064219232995835, 0.0 ], [ 101.540712190851679, 3.063497202764525, 0.0 ], [ 101.5410277527359, 3.061538745474171, 0.0 ], [ 101.539943974268937, 3.061369950331339, 0.0 ], [ 101.538926702086371, 3.061124350855723, 0.0 ], [ 101.537940744780798, 3.06090902515013, 0.0 ], [ 101.53641946497271, 3.060421355293753, 0.0 ], [ 101.536150369416134, 3.060279944477923, 0.0 ], [ 101.530923670201233, 3.058664942678164, 0.0 ], [ 101.528802874171333, 3.05800055416798, 0.0 ], [ 101.528621855530744, 3.057972678903454, 0.0 ], [ 101.523146166958881, 3.056254905600176, 0.0 ], [ 101.522343308569191, 3.058769155876905, 0.0 ], [ 101.522065675159368, 3.059187408477015, 0.0 ], [ 101.52141983619542, 3.06189435455632, 0.0 ], [ 101.521856522678306, 3.062572613139515, 0.0 ], [ 101.526661057254955, 3.063029175930391, 0.0 ], [ 101.52721489798482, 3.063090642049176, 0.0 ], [ 101.52862830394362, 3.0632046781605, 0.0 ], [ 101.531726842411842, 3.064141329015854, 0.0 ], [ 101.53271245003171, 3.064176737315635, 0.0 ], [ 101.533269457853677, 3.063824936934521, 0.0 ], [ 101.533964616770035, 3.064217236131151, 0.0 ], [ 101.537455170059104, 3.064463487404384, 0.0 ], [ 101.539720546377865, 3.064549172551705, 0.0 ], [ 101.540486872441022, 3.064219232995835, 0.0 ] ] ], [ [ [ 101.527471265862886, 3.063450873822201, 0.0 ], [ 101.525268405551913, 3.063251700416383, 0.0 ], [ 101.525018221270628, 3.063397352026914, 0.0 ], [ 101.524255986780418, 3.063295983636423, 0.0 ], [ 101.524073546419316, 3.063271399619643, 0.0 ], [ 101.522305457657723, 3.063119693496693, 0.0 ], [ 101.521199385226808, 3.063847926950213, 0.0 ], [ 101.521634007323854, 3.064324445413922, 0.0 ], [ 101.521855529846917, 3.064510634347793, 0.0 ], [ 101.52256591071307, 3.064939510797694, 0.0 ], [ 101.522604011818743, 3.065038902152463, 0.0 ], [ 101.523227554337112, 3.065494258159917, 0.0 ], [ 101.52450496365519, 3.065925895040037, 0.0 ], [ 101.524939558034077, 3.066164125434276, 0.0 ], [ 101.528258075459817, 3.066349031032388, 0.0 ], [ 101.528415631120183, 3.066166305564399, 0.0 ], [ 101.527471265862886, 3.063450873822201, 0.0 ] ] ], [ [ [ 101.536914883324783, 3.064790508670212, 0.0 ], [ 101.533951855760975, 3.064583170258176, 0.0 ], [ 101.533378013136414, 3.064944283464395, 0.0 ], [ 101.533335625171588, 3.066663761784566, 0.0 ], [ 101.535622721795534, 3.067012190542222, 0.0 ], [ 101.537348039430881, 3.067352888192271, 0.0 ], [ 101.537637580870893, 3.067446526672437, 0.0 ], [ 101.538338174226283, 3.067745010291177, 0.0 ], [ 101.539098482170004, 3.067487690995307, 0.0 ], [ 101.539418601321714, 3.066507274893, 0.0 ], [ 101.539530427441804, 3.066412034782592, 0.0 ], [ 101.539847646065269, 3.065614648424293, 0.0 ], [ 101.539595508963529, 3.064978788070813, 0.0 ], [ 101.538283834883714, 3.064886811106923, 0.0 ], [ 101.536914883324783, 3.064790508670212, 0.0 ] ] ], [ [ [ 101.54283520901393, 3.066322374335974, 0.0 ], [ 101.541324273547644, 3.065548201041383, 0.0 ], [ 101.540379341765217, 3.065868168207289, 0.0 ], [ 101.54019911699109, 3.066194752884498, 0.0 ], [ 101.540089332188799, 3.066777957640207, 0.0 ], [ 101.539652779857192, 3.067713849807463, 0.0 ], [ 101.540087109058746, 3.068565531305103, 0.0 ], [ 101.547224916547648, 3.071650799572108, 0.0 ], [ 101.545857961777855, 3.069296612307118, 0.0 ], [ 101.544802318690898, 3.067829216762803, 0.0 ], [ 101.544218033519243, 3.067389998898328, 0.0 ], [ 101.54283520901393, 3.066322374335974, 0.0 ] ] ], [ [ [ 101.543091999055505, 3.061895836756786, 0.0 ], [ 101.54138800300278, 3.061508245891565, 0.0 ], [ 101.541323785081715, 3.062090007268334, 0.0 ], [ 101.541323830709302, 3.06241320313499, 0.0 ], [ 101.540906151818646, 3.064320116759073, 0.0 ], [ 101.541067001275536, 3.06503112510486, 0.0 ], [ 101.544497823445781, 3.067081308632728, 0.0 ], [ 101.545182571455214, 3.067648414262745, 0.0 ], [ 101.545954327268049, 3.068714846102509, 0.0 ], [ 101.546076663595244, 3.06903052685448, 0.0 ], [ 101.546404549817353, 3.069555088821575, 0.0 ], [ 101.54714418696652, 3.070815441091864, 0.0 ], [ 101.54807959265483, 3.072035866719022, 0.0 ], [ 101.551162270449808, 3.07294677698837, 0.0 ], [ 101.55212764312563, 3.072075151579756, 0.0 ], [ 101.550880139470635, 3.070566769446012, 0.0 ], [ 101.550262562396938, 3.069586830973831, 0.0 ], [ 101.548851088500342, 3.066882677554183, 0.0 ], [ 101.547776100939856, 3.065489503448188, 0.0 ], [ 101.546210881278071, 3.064287028988588, 0.0 ], [ 101.54622458782012, 3.064165999130053, 0.0 ], [ 101.543091999055505, 3.061895836756786, 0.0 ] ] ] ] } },
{ "type": "Feature", "properties": { "NAMA": "Kawasan Perusahaan Kebun Bharu, Batu 9", "LOKASI": null, "DAERAH": "Kuala Langat", "PBT": "MPKL", "KATEGORI": "Industrial Area", "MIP": "No", "ALAMAT": "Kawasan Perusahaan Kebun Bharu, Batu 9, Banting, Selangor, Malaysia", "AREA_HA": 187.406 }, "geometry": { "type": "Polygon", "coordinates": [ [ [ 101.489128202997136, 2.931506708714291, 0.0 ], [ 101.490813975892934, 2.92433018303338, 0.0 ], [ 101.487249517935069, 2.922841209243257, 0.0 ], [ 101.488330178873696, 2.918185424212297, 0.0 ], [ 101.488267328476383, 2.916372004532379, 0.0 ], [ 101.484841889731442, 2.916325762257508, 0.0 ], [ 101.48081467118584, 2.916093396836645, 0.0 ], [ 101.480675733936124, 2.915255681035836, 0.0 ], [ 101.478341184692979, 2.915055332715073, 0.0 ], [ 101.477852385319949, 2.919304924249929, 0.0 ], [ 101.476374918067279, 2.926421112753387, 0.0 ], [ 101.489128202997136, 2.931506708714291, 0.0 ] ] ] } },
{ "type": "Feature", "properties": { "NAMA": "Kota Kemuning Industrial Park (Seksyen 31)", "LOKASI": null, "DAERAH": "Petaling", "PBT": "MBSA", "KATEGORI": "Industrial Park", "MIP": "No", "ALAMAT": "Kota Kemuning Industrial Park (Seksyen 31), Shah Alam, Selangor, Malaysia", "AREA_HA": 99.497 }, "geometry": { "type": "Polygon", "coordinates": [ [ [ 101.54981221652865, 2.988197477721394, 0.0 ], [ 101.550185404758764, 2.987791067018534, 0.0 ], [ 101.549859400216576, 2.987076257658504, 0.0 ], [ 101.548970332752162, 2.985348814833167, 0.0 ], [ 101.549118300778517, 2.984187148689437, 0.0 ], [ 101.549473637198687, 2.98287652433543, 0.0 ], [ 101.549473563847585, 2.982370166445568, 0.0 ], [ 101.549680820041559, 2.981446778247109, 0.0 ], [ 101.550154896688397, 2.981744566147332, 0.0 ], [ 101.551517381122622, 2.979272148253447, 0.0 ], [ 101.549739642626491, 2.978468194697619, 0.0 ], [ 101.550243201783914, 2.977783048774464, 0.0 ], [ 101.547428411610156, 2.976204813810209, 0.0 ], [ 101.545235860733811, 2.975103054642308, 0.0 ], [ 101.5450158200196, 2.975978510333135, 0.0 ], [ 101.544228874460003, 2.977456272699429, 0.0 ], [ 101.543369935658163, 2.979213753057083, 0.0 ], [ 101.542925840123942, 2.981447747354469, 0.0 ], [ 101.542718706429469, 2.983294492684864, 0.0 ], [ 101.543193006926131, 2.985200714812524, 0.0 ], [ 101.544319154175469, 2.987434487188104, 0.0 ], [ 101.545445251402228, 2.989281042604621, 0.0 ], [ 101.546008268080783, 2.989966034876662, 0.0 ], [ 101.54704516849263, 2.9895786700361, 0.0 ], [ 101.54981221652865, 2.988197477721394, 0.0 ] ] ] } },
{ "type": "Feature", "properties": { "NAMA": "Subang Aerotech Park", "LOKASI": "Shah Alam", "DAERAH": "Petaling", "PBT": "MBSA", "KATEGORI": "Industrial Park", "MIP": "No", "ALAMAT": "Subang Aerotech Park, Seksyen U3, 47200 Shah Alam, Selangor, Malaysia", "AREA_HA": 16.425 }, "geometry": { "type": "Polygon", "coordinates": [ [ [ 101.560568432379114, 3.122914393903356, 0.0 ], [ 101.560600658031277, 3.123028163444628, 0.0 ], [ 101.560848095739757, 3.123139184661828, 0.0 ], [ 101.561905909137664, 3.123167768437737, 0.0 ], [ 101.562141858077737, 3.123110837510453, 0.0 ], [ 101.5655980016667, 3.12313975064203, 0.0 ], [ 101.565697084178879, 3.123061228320918, 0.0 ], [ 101.565674955745905, 3.122215883806202, 0.0 ], [ 101.565662137041599, 3.121468567971939, 0.0 ], [ 101.565166039126254, 3.12136165927031, 0.0 ], [ 101.564521294042848, 3.121202956661743, 0.0 ], [ 101.564164859764958, 3.121115105598685, 0.0 ], [ 101.56354950831836, 3.120750732827216, 0.0 ], [ 101.564248583830334, 3.12094599117929, 0.0 ], [ 101.563848813165521, 3.119954431076277, 0.0 ], [ 101.56491447546604, 3.119484512265788, 0.0 ], [ 101.56368852825166, 3.118778275305457, 0.0 ], [ 101.56342407128615, 3.118728942464884, 0.0 ], [ 101.562773234378199, 3.119154207183108, 0.0 ], [ 101.560568432379114, 3.122914393903356, 0.0 ] ] ] } },
{ "type": "Feature", "properties": { "NAMA": "Subang Square Industrial Park", "LOKASI": null, "DAERAH": "Petaling", "PBT": "MBSJ", "KATEGORI": "Industrial Park", "MIP": "No", "ALAMAT": "Subang Square Industrial Park, Subang Jaya, Selangor, Malaysia", "AREA_HA": 9.984 }, "geometry": { "type": "Polygon", "coordinates": [ [ [ 101.558886003180163, 3.06925701708408, 0.0 ], [ 101.558897094260317, 3.069421966833723, 0.0 ], [ 101.558961873485728, 3.06947404645151, 0.0 ], [ 101.560563051871569, 3.069381004513192, 0.0 ], [ 101.560955992109612, 3.069357066587483, 0.0 ], [ 101.561018063663909, 3.069352987037364, 0.0 ], [ 101.56112601020439, 3.069320955984742, 0.0 ], [ 101.561335954748017, 3.069187079812103, 0.0 ], [ 101.561598012161568, 3.069216971012859, 0.0 ], [ 101.562539070023305, 3.069150982205943, 0.0 ], [ 101.562703964226429, 3.069139018049692, 0.0 ], [ 101.562750092561373, 3.0690089647279, 0.0 ], [ 101.562724124776423, 3.068640904679301, 0.0 ], [ 101.562663021160517, 3.067952893297771, 0.0 ], [ 101.562660007825372, 3.067675894656959, 0.0 ], [ 101.562631871784262, 3.06725004585511, 0.0 ], [ 101.56259192425351, 3.0672159587695, 0.0 ], [ 101.562408945592551, 3.067210019915727, 0.0 ], [ 101.561560996091615, 3.067266950049877, 0.0 ], [ 101.560710887803609, 3.06732595984244, 0.0 ], [ 101.560462042334805, 3.067216936569585, 0.0 ], [ 101.559733908873554, 3.06721099257214, 0.0 ], [ 101.558707031752874, 3.067280973387061, 0.0 ], [ 101.558579132419226, 3.067427948915353, 0.0 ], [ 101.558608077470296, 3.067859947292712, 0.0 ], [ 101.558858011562407, 3.06802693898747, 0.0 ], [ 101.558807013621262, 3.068085005711015, 0.0 ], [ 101.558886003180163, 3.06925701708408, 0.0 ] ] ] } },
{ "type": "Feature", "properties": { "NAMA": "Kg. Baru Subang (Seksyen U3)", "LOKASI": null, "DAERAH": "Petaling", "PBT": "MBSA", "KATEGORI": "Other Industrial Cluster", "MIP": "No", "ALAMAT": "Kg. Baru Subang (Seksyen U3), Subang Jaya, Selangor, Malaysia", "AREA_HA": 2.134 }, "geometry": { "type": "Polygon", "coordinates": [ [ [ 101.533160358555207, 3.145792711795397, 0.0 ], [ 101.534198551978363, 3.144769186263081, 0.0 ], [ 101.532975581130032, 3.143531578072894, 0.0 ], [ 101.532732558367712, 3.143680601585319, 0.0 ], [ 101.532726525800655, 3.144368768465506, 0.0 ], [ 101.532873126881711, 3.145062055395563, 0.0 ], [ 101.533071645156568, 3.145428784510079, 0.0 ], [ 101.533160358555207, 3.145792711795397, 0.0 ] ] ] } },
{ "type": "Feature", "properties": { "NAMA": "Selangor Science Park 1, Kota Damansara (PJU 5)", "LOKASI": null, "DAERAH": "Petaling", "PBT": "MBPJ", "KATEGORI": "Technology / Science Industrial Park", "MIP": "No", "ALAMAT": "Selangor Science Park 1, Kota Damansara (PJU 5), Petaling Jaya, Selangor, Malaysia", "AREA_HA": 83.731 }, "geometry": { "type": "Polygon", "coordinates": [ [ [ 101.564305169639027, 3.157434289621138, 0.0 ], [ 101.56886006589599, 3.160789504727004, 0.0 ], [ 101.569100151248634, 3.160115551620049, 0.0 ], [ 101.569390786451464, 3.159828463390486, 0.0 ], [ 101.569421140374786, 3.158977569740899, 0.0 ], [ 101.569564279595582, 3.158020481773908, 0.0 ], [ 101.570202331955258, 3.15804750041627, 0.0 ], [ 101.571258616129853, 3.157951414543855, 0.0 ], [ 101.572287498558126, 3.15786426097766, 0.0 ], [ 101.572245150302606, 3.157526513866237, 0.0 ], [ 101.572258830381358, 3.156980127122613, 0.0 ], [ 101.572400117652677, 3.156236630130191, 0.0 ], [ 101.573036312751768, 3.154916456144051, 0.0 ], [ 101.572414355447066, 3.154380475234331, 0.0 ], [ 101.572602642067054, 3.153786473130037, 0.0 ], [ 101.572581213370214, 3.153178491825057, 0.0 ], [ 101.572529227680192, 3.15223247732062, 0.0 ], [ 101.572345361744823, 3.151872488602103, 0.0 ], [ 101.571953192967342, 3.151566811312205, 0.0 ], [ 101.571951223752649, 3.151392446361073, 0.0 ], [ 101.572033277713246, 3.151417391600576, 0.0 ], [ 101.571578772429518, 3.149624847858328, 0.0 ], [ 101.57100964540264, 3.149699049220943, 0.0 ], [ 101.569853313006178, 3.149950486255266, 0.0 ], [ 101.569299285831789, 3.15040238879326, 0.0 ], [ 101.569105954468199, 3.150206451504739, 0.0 ], [ 101.56909335615228, 3.150194244229172, 0.0 ], [ 101.569663884134158, 3.149716588820858, 0.0 ], [ 101.568512236965731, 3.148633369530881, 0.0 ], [ 101.564324160437351, 3.15318236169012, 0.0 ], [ 101.564305169639027, 3.157434289621138, 0.0 ] ] ] } },
{ "type": "Feature", "properties": { "NAMA": "Kawasan Perindustrian Sungai Buloh / Taman Industri Sg. Buloh (PJU 5)", "LOKASI": null, "DAERAH": "Petaling", "PBT": "MBPJ", "KATEGORI": "Industrial Park", "MIP": "No", "ALAMAT": "Kawasan Perindustrian Sungai Buloh / Taman Industri Sg. Buloh (PJU 5), Sungai Buloh, Selangor, Malaysia", "AREA_HA": 30.947 }, "geometry": { "type": "Polygon", "coordinates": [ [ [ 101.566949004367032, 3.16311245065675, 0.0 ], [ 101.568798146417322, 3.166467581239835, 0.0 ], [ 101.573247867511256, 3.16389269163274, 0.0 ], [ 101.57326915488656, 3.163704673432304, 0.0 ], [ 101.571328214172027, 3.160228564359576, 0.0 ], [ 101.571221295032672, 3.160011542243114, 0.0 ], [ 101.571166156981874, 3.159553600961156, 0.0 ], [ 101.571154242890259, 3.159343520072119, 0.0 ], [ 101.569698104465587, 3.159246468652705, 0.0 ], [ 101.569583145549871, 3.159358536123412, 0.0 ], [ 101.569559969698659, 3.159758173195507, 0.0 ], [ 101.569649099624925, 3.159925544159286, 0.0 ], [ 101.566949004367032, 3.16311245065675, 0.0 ] ] ] } },
{ "type": "Feature", "properties": { "NAMA": "Sunway Damansara Technology Park (PJU 5)", "LOKASI": null, "DAERAH": "Petaling", "PBT": "MBPJ", "KATEGORI": "Technology / Science Industrial Park", "MIP": "No", "ALAMAT": "Sunway Damansara Technology Park (PJU 5), Petaling Jaya, Selangor, Malaysia", "AREA_HA": 25.565 }, "geometry": { "type": "Polygon", "coordinates": [ [ [ 101.600858218917395, 3.167671680583263, 0.0 ], [ 101.600696433431466, 3.167625410895745, 0.0 ], [ 101.600695241743935, 3.167073314266546, 0.0 ], [ 101.600694286121993, 3.166354367664881, 0.0 ], [ 101.600694415598312, 3.165662279598433, 0.0 ], [ 101.600693108995173, 3.164543254966727, 0.0 ], [ 101.600692398056154, 3.163699329093271, 0.0 ], [ 101.600478276109342, 3.163261312741058, 0.0 ], [ 101.60060674940847, 3.162197245095735, 0.0 ], [ 101.60066370190377, 3.161941216006754, 0.0 ], [ 101.600661034956346, 3.160767207960018, 0.0 ], [ 101.600524380538033, 3.160353231027423, 0.0 ], [ 101.600523403081439, 3.15952422667034, 0.0 ], [ 101.60042755103882, 3.159342293910542, 0.0 ], [ 101.598537431956473, 3.160714194110716, 0.0 ], [ 101.598192473205799, 3.161945155439499, 0.0 ], [ 101.597783966408954, 3.16370029431528, 0.0 ], [ 101.597540293950544, 3.16552727097412, 0.0 ], [ 101.597576354873993, 3.16634632061557, 0.0 ], [ 101.597827907943255, 3.167631240443311, 0.0 ], [ 101.59809428809514, 3.167631186509988, 0.0 ], [ 101.600858218917395, 3.167671680583263, 0.0 ] ] ] } },
{ "type": "Feature", "properties": { "NAMA": "Sungai Way FTZ (SS 08)", "LOKASI": null, "DAERAH": "Petaling", "PBT": "MBPJ", "KATEGORI": "Free Industrial Zone / FTZ", "MIP": "No", "ALAMAT": "Sungai Way FTZ (SS 08), Petaling Jaya, Selangor, Malaysia", "AREA_HA": 51.445 }, "geometry": { "type": "Polygon", "coordinates": [ [ [ 101.607112718214267, 3.091153344, 0.0 ], [ 101.611394708247033, 3.091154351241343, 0.0 ], [ 101.612070460048542, 3.090961493956506, 0.0 ], [ 101.612541785429016, 3.090186379215588, 0.0 ], [ 101.612842778447501, 3.087951339068482, 0.0 ], [ 101.613126002632683, 3.085928279008301, 0.0 ], [ 101.613211966217904, 3.085311413066147, 0.0 ], [ 101.613060932479684, 3.084499258812872, 0.0 ], [ 101.610138271459761, 3.084027269203753, 0.0 ], [ 101.609934542487451, 3.08418520793294, 0.0 ], [ 101.609239855313533, 3.084143301774833, 0.0 ], [ 101.609024990505219, 3.083958137377434, 0.0 ], [ 101.60742781462055, 3.08390819022281, 0.0 ], [ 101.606017696915757, 3.085343206420629, 0.0 ], [ 101.606071699714789, 3.085472244201491, 0.0 ], [ 101.606079872661653, 3.085849260486033, 0.0 ], [ 101.607179702015458, 3.087442204299721, 0.0 ], [ 101.607151712223924, 3.087825287040753, 0.0 ], [ 101.607112718214267, 3.091153344, 0.0 ] ] ] } },
{ "type": "Feature", "properties": { "NAMA": "Kawasan Perindustrian Seksyen 51A (Jalan 222)", "LOKASI": null, "DAERAH": "Petaling", "PBT": "MBPJ", "KATEGORI": "Industrial Area", "MIP": "No", "ALAMAT": "Kawasan Perindustrian Seksyen 51A (Jalan 222), Petaling Jaya, Selangor, Malaysia", "AREA_HA": 144.333 }, "geometry": { "type": "Polygon", "coordinates": [ [ [ 101.62529812236798, 3.085211661591454, 0.0 ], [ 101.625775015787298, 3.086423635909206, 0.0 ], [ 101.629710045572779, 3.089395660184304, 0.0 ], [ 101.629721151153106, 3.089626715279913, 0.0 ], [ 101.631332324174011, 3.090797091402001, 0.0 ], [ 101.633807149511455, 3.092952912268917, 0.0 ], [ 101.634547107590052, 3.093823980293651, 0.0 ], [ 101.634376097040629, 3.094244897407216, 0.0 ], [ 101.635169917324703, 3.095793114517896, 0.0 ], [ 101.635433936120748, 3.096102063165143, 0.0 ], [ 101.635980975132682, 3.096016927880291, 0.0 ], [ 101.63754302004682, 3.09577501537438, 0.0 ], [ 101.638601200711392, 3.095597063134046, 0.0 ], [ 101.639639932402332, 3.095351199872382, 0.0 ], [ 101.64040100297521, 3.095317107324273, 0.0 ], [ 101.64057420528394, 3.095048116155314, 0.0 ], [ 101.640176048231538, 3.091283921021975, 0.0 ], [ 101.640197124222794, 3.090242030561398, 0.0 ], [ 101.640443200354227, 3.088845951096224, 0.0 ], [ 101.64159226826537, 3.086142893382472, 0.0 ], [ 101.641877372386745, 3.085446937351, 0.0 ], [ 101.642009202656354, 3.084851042680362, 0.0 ], [ 101.641830166040634, 3.083262803839496, 0.0 ], [ 101.628718104693348, 3.085310642376464, 0.0 ], [ 101.62529812236798, 3.085211661591454, 0.0 ] ] ] } },
{ "type": "Feature", "properties": { "NAMA": "Taman Mayang Industrial Park (SS 25 & 26)", "LOKASI": null, "DAERAH": "Petaling", "PBT": "MBPJ", "KATEGORI": "Industrial Park", "MIP": "No", "ALAMAT": "Taman Mayang Industrial Park (SS 25 & 26), Petaling Jaya, Selangor, Malaysia", "AREA_HA": 3.095 }, "geometry": { "type": "Polygon", "coordinates": [ [ [ 101.602564213593979, 3.117357605202164, 0.0 ], [ 101.602610112486389, 3.117443779106312, 0.0 ], [ 101.6027882389252, 3.117434700346416, 0.0 ], [ 101.60380436979095, 3.117385658529055, 0.0 ], [ 101.603841326452667, 3.117294674729809, 0.0 ], [ 101.603750262495723, 3.115416657310284, 0.0 ], [ 101.603707342388532, 3.115379770076642, 0.0 ], [ 101.603420184850904, 3.115410757097823, 0.0 ], [ 101.603242330419917, 3.115428607948438, 0.0 ], [ 101.60280214799829, 3.115475632789529, 0.0 ], [ 101.602516339643927, 3.115505534088231, 0.0 ], [ 101.602477214780336, 3.115551753637967, 0.0 ], [ 101.602564213593979, 3.117357605202164, 0.0 ] ] ] } },
{ "type": "Feature", "properties": { "NAMA": "Kosmopleks, Bandar Baru Salak Tinggi", "LOKASI": null, "DAERAH": "Sepang", "PBT": "MPSp", "KATEGORI": "Other Industrial Cluster", "MIP": "No", "ALAMAT": "Kosmopleks, Bandar Baru Salak Tinggi, Salak Tinggi, Selangor, Malaysia", "AREA_HA": 2.452 }, "geometry": { "type": "Polygon", "coordinates": [ [ [ 101.732979334051919, 2.817682366983163, 0.0 ], [ 101.732977470917831, 2.817861553531081, 0.0 ], [ 101.733070233506652, 2.817903876741448, 0.0 ], [ 101.734259029487632, 2.817916367558192, 0.0 ], [ 101.734588426446706, 2.81787846566976, 0.0 ], [ 101.734600937176864, 2.816676730751275, 0.0 ], [ 101.732989983301295, 2.816659817521186, 0.0 ], [ 101.732979334051919, 2.817682366983163, 0.0 ] ] ] } },
{ "type": "Feature", "properties": { "NAMA": "Tanjung Industrial Park, Sepang", "LOKASI": null, "DAERAH": "Sepang", "PBT": "MPSp", "KATEGORI": "Industrial Park", "MIP": "No", "ALAMAT": "Tanjung Industrial Park, Sepang, Sepang, Selangor, Malaysia", "AREA_HA": 44.829 }, "geometry": { "type": "Polygon", "coordinates": [ [ [ 101.673926830565023, 2.803510519843877, 0.0 ], [ 101.681106348793648, 2.811528860972753, 0.0 ], [ 101.683381014094167, 2.809425023727032, 0.0 ], [ 101.682274523835588, 2.808109507341637, 0.0 ], [ 101.682555033265203, 2.807807477975146, 0.0 ], [ 101.677142175433133, 2.801649366624732, 0.0 ], [ 101.673926830565023, 2.803510519843877, 0.0 ] ] ] } },
{ "type": "Feature", "properties": { "NAMA": "Suria Industrial Park", "LOKASI": "Sepang", "DAERAH": "Sepang", "PBT": "MPSp", "KATEGORI": "Industrial Park", "MIP": "No", "ALAMAT": "Lot 3365 / Jalan Labohan Dagang-Nilai (FT32), 43900 Sepang, Selangor, Malaysia", "AREA_HA": 30.639 }, "geometry": { "type": "Polygon", "coordinates": [ [ [ 101.682680872525623, 2.798444075674854, 0.0 ], [ 101.685744645464368, 2.802056220516174, 0.0 ], [ 101.690312843116232, 2.799467792790524, 0.0 ], [ 101.687351383261102, 2.795741238705807, 0.0 ], [ 101.682680872525623, 2.798444075674854, 0.0 ] ] ] } },
{ "type": "Feature", "properties": { "NAMA": "Selangor Aero Park (SAP)", "LOKASI": "Sepang", "DAERAH": "Sepang", "PBT": "MPSp", "KATEGORI": "Industrial Park", "MIP": "No", "ALAMAT": "Selangor Aero Park, Sepang, Selangor, Malaysia", "AREA_HA": 107.57 }, "geometry": { "type": "Polygon", "coordinates": [ [ [ 101.726698563442397, 2.754644589284648, 0.0 ], [ 101.731147107599682, 2.755951036683677, 0.0 ], [ 101.732100514193476, 2.755797054475722, 0.0 ], [ 101.733825140859992, 2.755225290208415, 0.0 ], [ 101.73480941156852, 2.754645128694258, 0.0 ], [ 101.735568986668909, 2.753706996278273, 0.0 ], [ 101.736108019217014, 2.752995164751044, 0.0 ], [ 101.736794396464902, 2.752767677155471, 0.0 ], [ 101.737963190554481, 2.747741374584368, 0.0 ], [ 101.729735686244993, 2.743880808328075, 0.0 ], [ 101.726698563442397, 2.754644589284648, 0.0 ] ] ] } },
{ "type": "Feature", "properties": { "NAMA": "Serenia Industrial Park", "LOKASI": "Sepang", "DAERAH": "Sepang", "PBT": "MPSp", "KATEGORI": "Industrial Park", "MIP": "No", "ALAMAT": "Serenia Industrial Park, Bandar Serenia, 43900 Sepang, Selangor, Malaysia", "AREA_HA": 42.376 }, "geometry": { "type": "Polygon", "coordinates": [ [ [ 101.694084734042164, 2.842098068816398, 0.0 ], [ 101.69160078000624, 2.842873718292712, 0.0 ], [ 101.691061997949774, 2.843212002466709, 0.0 ], [ 101.68979299896165, 2.843289001195314, 0.0 ], [ 101.689212998159888, 2.843667000180976, 0.0 ], [ 101.688602606551527, 2.843720381410981, 0.0 ], [ 101.687969737541408, 2.844136966208224, 0.0 ], [ 101.687772003360905, 2.84478599995761, 0.0 ], [ 101.687755998260172, 2.845215998134942, 0.0 ], [ 101.688039665031425, 2.845976200348834, 0.0 ], [ 101.68844400167994, 2.846677000489509, 0.0 ], [ 101.688723996291941, 2.847120997339973, 0.0 ], [ 101.689363000747903, 2.847656998517143, 0.0 ], [ 101.690874998700664, 2.848699997527331, 0.0 ], [ 101.691800999329928, 2.849339995967197, 0.0 ], [ 101.69291399721989, 2.849690003560426, 0.0 ], [ 101.693854996761885, 2.849734995783725, 0.0 ], [ 101.694075003851836, 2.849516000669086, 0.0 ], [ 101.694285000955489, 2.8470750020729, 0.0 ], [ 101.694135002361278, 2.845942997263824, 0.0 ], [ 101.694211146154146, 2.843849039874746, 0.0 ], [ 101.694084734042164, 2.842098068816398, 0.0 ] ] ] } },
{ "type": "Feature", "properties": { "NAMA": "Kompleks Perabut Olak Lempit", "LOKASI": null, "DAERAH": "Kuala Langat", "PBT": "MPKL", "KATEGORI": "Other Industrial Cluster", "MIP": "No", "ALAMAT": "Kompleks Perabut Olak Lempit, Olak Lempit, Selangor, Malaysia", "AREA_HA": 81.389 }, "geometry": { "type": "Polygon", "coordinates": [ [ [ 101.609109806547266, 2.833110773932733, 0.0 ], [ 101.609149822254977, 2.824958051018695, 0.0 ], [ 101.600548751293076, 2.824905847662022, 0.0 ], [ 101.600655616326819, 2.830769217420189, 0.0 ], [ 101.605155309856499, 2.833547847258251, 0.0 ], [ 101.609109806547266, 2.833110773932733, 0.0 ] ] ] } },
{ "type": "Feature", "properties": { "NAMA": "Bandar Mahkota Banting Industrial Park", "LOKASI": "Bandar Mahkota, Banting", "DAERAH": "Kuala Langat", "PBT": "MPKL", "KATEGORI": "Industrial Park", "MIP": "No", "ALAMAT": "Bandar Mahkota Banting Industrial Park, Banting, Selangor, Malaysia", "AREA_HA": 56.975 }, "geometry": { "type": "Polygon", "coordinates": [ [ [ 101.542874405216324, 2.838471258226636, 0.0 ], [ 101.550602786365062, 2.838470199536886, 0.0 ], [ 101.550602144936576, 2.833845759721179, 0.0 ], [ 101.546993165559542, 2.833843865951841, 0.0 ], [ 101.547039161607572, 2.831250417602513, 0.0 ], [ 101.542941848779265, 2.831206775052134, 0.0 ], [ 101.542874405216324, 2.838471258226636, 0.0 ] ] ] } },
{ "type": "Feature", "properties": { "NAMA": "Banting Industrial City", "LOKASI": "Banting", "DAERAH": "Kuala Langat", "PBT": "MPKL", "KATEGORI": "Industrial Park", "MIP": "No", "ALAMAT": "Jalan Kosmos, Taman Perindustrian Mahkota Utama, 42700 Banting, Selangor, Malaysia", "AREA_HA": 25.341 }, "geometry": { "type": "Polygon", "coordinates": [ [ [ 101.502149290966116, 2.809955674642655, 0.0 ], [ 101.507909444757715, 2.811401733145106, 0.0 ], [ 101.508623311358747, 2.808063720003114, 0.0 ], [ 101.502924097149275, 2.806491272390828, 0.0 ], [ 101.502149290966116, 2.809955674642655, 0.0 ] ] ] } },
{ "type": "Feature", "properties": { "NAMA": "Kawasan Perusahaan Tg. Sepat", "LOKASI": null, "DAERAH": "Kuala Langat", "PBT": "MPKL", "KATEGORI": "Industrial Area", "MIP": "No", "ALAMAT": "Kawasan Perusahaan Tg. Sepat, Banting, Selangor, Malaysia", "AREA_HA": 2.694 }, "geometry": { "type": "Polygon", "coordinates": [ [ [ 101.56501873170086, 2.659805888857315, 0.0 ], [ 101.565396220148457, 2.660385541963032, 0.0 ], [ 101.565485250048667, 2.660395205671541, 0.0 ], [ 101.565813546995543, 2.660188153745757, 0.0 ], [ 101.565991337223906, 2.660209108958154, 0.0 ], [ 101.566288071222644, 2.660014903168324, 0.0 ], [ 101.566289916666477, 2.659713303649284, 0.0 ], [ 101.567055492794921, 2.659233256744832, 0.0 ], [ 101.567181202566658, 2.659169210857042, 0.0 ], [ 101.568119153949127, 2.658581973384663, 0.0 ], [ 101.56811994678651, 2.658467392692371, 0.0 ], [ 101.568012814807318, 2.658272069667472, 0.0 ], [ 101.567914854376497, 2.658069058358458, 0.0 ], [ 101.56785037346458, 2.658049624312568, 0.0 ], [ 101.56501873170086, 2.659805888857315, 0.0 ] ] ] } },
{ "type": "Feature", "properties": { "NAMA": "Kawasan Perusahaan Ringan Taman Muhibbah", "LOKASI": null, "DAERAH": "Kuala Langat", "PBT": "MPKL", "KATEGORI": "Industrial Area", "MIP": "No", "ALAMAT": "Kawasan Perusahaan Ringan Taman Muhibbah, Banting, Selangor, Malaysia", "AREA_HA": 33.152 }, "geometry": { "type": "Polygon", "coordinates": [ [ [ 101.441371808754852, 3.118313984577967, 0.0 ], [ 101.443950727145804, 3.118478211534296, 0.0 ], [ 101.444132022808319, 3.117760605596432, 0.0 ], [ 101.446893005578104, 3.117861366204151, 0.0 ], [ 101.447092197708642, 3.116852927783454, 0.0 ], [ 101.44721226266465, 3.114134180938751, 0.0 ], [ 101.444546618630952, 3.113967358274444, 0.0 ], [ 101.444636523219245, 3.112516247728015, 0.0 ], [ 101.441880493754411, 3.112545471738133, 0.0 ], [ 101.441713241027614, 3.112870906812357, 0.0 ], [ 101.44169060260991, 3.113233166677738, 0.0 ], [ 101.441371808754852, 3.118313984577967, 0.0 ] ] ] } },
{ "type": "Feature", "properties": { "NAMA": "IJM Rimbayu Business Hub", "LOKASI": "Bandar Rimbayu", "DAERAH": "Kuala Langat", "PBT": "MPKL", "KATEGORI": "Industrial Park", "MIP": "No", "ALAMAT": "Bandar Rimbayu, 42500 Telok Panglima Garang, Selangor, Malaysia", "AREA_HA": 7.852 }, "geometry": { "type": "Polygon", "coordinates": [ [ [ 101.53542910726064, 2.932065188953875, 0.0 ], [ 101.536759559606779, 2.933675956143297, 0.0 ], [ 101.537681630254809, 2.932940753037137, 0.0 ], [ 101.539170779472556, 2.93202547352852, 0.0 ], [ 101.53842539939869, 2.930177312522082, 0.0 ], [ 101.53542910726064, 2.932065188953875, 0.0 ] ] ] } },
{ "type": "Feature", "properties": { "NAMA": "Meranti Permai Industrial Park", "LOKASI": null, "DAERAH": "Sepang", "PBT": "MPSp", "KATEGORI": "Industrial Park", "MIP": "No", "ALAMAT": "Meranti Permai Industrial Park, Sepang, Selangor, Malaysia", "AREA_HA": 17.526 }, "geometry": { "type": "Polygon", "coordinates": [ [ [ 101.639263217177202, 2.952983668008128, 0.0 ], [ 101.639261345332642, 2.95473223786438, 0.0 ], [ 101.641632521289353, 2.954769042476255, 0.0 ], [ 101.644540151869421, 2.955143164948903, 0.0 ], [ 101.646688050972102, 2.955181939146553, 0.0 ], [ 101.64664905376776, 2.953065487699942, 0.0 ], [ 101.639263217177202, 2.952983668008128, 0.0 ] ] ] } },
{ "type": "Feature", "properties": { "NAMA": "Taman Perusahaan Jenjarum (Taman Yayasan)", "LOKASI": null, "DAERAH": "Kuala Langat", "PBT": "MPKL", "KATEGORI": "Other Industrial Cluster", "MIP": "No", "ALAMAT": "Taman Perusahaan Jenjarum (Taman Yayasan), Jenjarom, Selangor, Malaysia", "AREA_HA": 51.809 }, "geometry": { "type": "Polygon", "coordinates": [ [ [ 101.514217125477103, 2.863136120034518, 0.0 ], [ 101.515787396411341, 2.864365222356076, 0.0 ], [ 101.514622167784495, 2.865878229311034, 0.0 ], [ 101.516466873638265, 2.867236803223336, 0.0 ], [ 101.517932454568637, 2.868430282677951, 0.0 ], [ 101.52255480609233, 2.86279351480702, 0.0 ], [ 101.517540940548159, 2.858820489662937, 0.0 ], [ 101.514217125477103, 2.863136120034518, 0.0 ] ] ] } },
{ "type": "Feature", "properties": { "NAMA": "Kawasan Perusahaan Ringan Jenjarom", "LOKASI": null, "DAERAH": "Kuala Langat", "PBT": "MPKL", "KATEGORI": "Industrial Area", "MIP": "No", "ALAMAT": "Kawasan Perusahaan Ringan Jenjarom, Jenjarom, Selangor, Malaysia", "AREA_HA": 2.19 }, "geometry": { "type": "Polygon", "coordinates": [ [ [ 101.506690088999903, 2.866936344815672, 0.0 ], [ 101.50812327213329, 2.868056046163434, 0.0 ], [ 101.508772768928083, 2.86723319528237, 0.0 ], [ 101.507241278340217, 2.866220046684467, 0.0 ], [ 101.506690088999903, 2.866936344815672, 0.0 ] ] ] } },
{ "type": "Feature", "properties": { "NAMA": "Kawasan Perusahaan Sg. Sedu", "LOKASI": null, "DAERAH": "Kuala Langat", "PBT": "MPKL", "KATEGORI": "Industrial Area", "MIP": "No", "ALAMAT": "Kawasan Perusahaan Sg. Sedu, Banting, Selangor, Malaysia", "AREA_HA": 2.542 }, "geometry": { "type": "Polygon", "coordinates": [ [ [ 101.518161511950439, 2.851266881056748, 0.0 ], [ 101.520248612423259, 2.851207952063382, 0.0 ], [ 101.520231548597607, 2.850635865597786, 0.0 ], [ 101.520534233408185, 2.85010489018266, 0.0 ], [ 101.518647346935921, 2.850172840438239, 0.0 ], [ 101.518161511950439, 2.851266881056748, 0.0 ] ] ] } },
{ "type": "Feature", "properties": { "NAMA": "Kawasan Perindustrian Bandar Rinching", "LOKASI": null, "DAERAH": "Hulu Langat", "PBT": "MPKj", "KATEGORI": "Industrial Area", "MIP": "No", "ALAMAT": "Kawasan Perindustrian Bandar Rinching, Kajang, Selangor, Malaysia", "AREA_HA": 16.889 }, "geometry": { "type": "Polygon", "coordinates": [ [ [ 101.865229461316815, 2.92917464839865, 0.0 ], [ 101.865717672338718, 2.929603612100967, 0.0 ], [ 101.865885427766486, 2.929750416412253, 0.0 ], [ 101.866100915571408, 2.930108431827765, 0.0 ], [ 101.866215680864116, 2.930300098262782, 0.0 ], [ 101.866462223204351, 2.930710280116826, 0.0 ], [ 101.866762340629677, 2.931463626182576, 0.0 ], [ 101.866762549309414, 2.931955677945395, 0.0 ], [ 101.866935644202556, 2.932247773176009, 0.0 ], [ 101.866943264960014, 2.932401141598238, 0.0 ], [ 101.868442251438353, 2.932385485066566, 0.0 ], [ 101.869740847285385, 2.929454768625638, 0.0 ], [ 101.868031940907059, 2.926965564470423, 0.0 ], [ 101.865229461316815, 2.92917464839865, 0.0 ] ] ] } },
{ "type": "Feature", "properties": { "NAMA": "Sg. Lalang Industrial Park", "LOKASI": null, "DAERAH": "Hulu Langat", "PBT": "MPKj", "KATEGORI": "Industrial Park", "MIP": "No", "ALAMAT": "Sg. Lalang Industrial Park, Kajang, Selangor, Malaysia", "AREA_HA": 4.86 }, "geometry": { "type": "Polygon", "coordinates": [ [ [ 101.851369716439976, 2.957393965156097, 0.0 ], [ 101.853146663861509, 2.957332902217194, 0.0 ], [ 101.853156604732078, 2.957227906999317, 0.0 ], [ 101.853307719099121, 2.957221875023308, 0.0 ], [ 101.853240538612283, 2.955303940276023, 0.0 ], [ 101.85128656376547, 2.95534491065074, 0.0 ], [ 101.851369716439976, 2.957393965156097, 0.0 ] ] ] } },
{ "type": "Feature", "properties": { "NAMA": "Semenyih Technology Park", "LOKASI": null, "DAERAH": "Hulu Langat", "PBT": "MPKj", "KATEGORI": "Technology / Science Industrial Park", "MIP": "No", "ALAMAT": "Semenyih Technology Park, Semenyih, Selangor, Malaysia", "AREA_HA": 1.449 }, "geometry": { "type": "Polygon", "coordinates": [ [ [ 101.869270337729887, 2.896568137903517, 0.0 ], [ 101.870093121430372, 2.89668788020979, 0.0 ], [ 101.870133752574958, 2.896417111156842, 0.0 ], [ 101.87037097015525, 2.896490168073549, 0.0 ], [ 101.870647174576277, 2.895593875592692, 0.0 ], [ 101.869878208712549, 2.895450514355173, 0.0 ], [ 101.869834884572327, 2.895401331783217, 0.0 ], [ 101.869682940428376, 2.895339541412991, 0.0 ], [ 101.869416378700279, 2.8960679898108, 0.0 ], [ 101.869271067680145, 2.896565032176782, 0.0 ], [ 101.869270337729887, 2.896568137903517, 0.0 ] ] ] } },
{ "type": "Feature", "properties": { "NAMA": "Kawasan Perindustrian Bandar Baru Bangi, Seksyen 10", "LOKASI": null, "DAERAH": "Hulu Langat", "PBT": "MPKj", "KATEGORI": "Industrial Area", "MIP": "No", "ALAMAT": "Kawasan Perindustrian Bandar Baru Bangi, Seksyen 10, Bangi, Selangor, Malaysia", "AREA_HA": 60.535 }, "geometry": { "type": "Polygon", "coordinates": [ [ [ 101.75293894740787, 2.950020716816144, 0.0 ], [ 101.756293093665832, 2.950581015758258, 0.0 ], [ 101.758280746116341, 2.946299181947374, 0.0 ], [ 101.759826028407105, 2.942600422871479, 0.0 ], [ 101.759486917348738, 2.94214456825049, 0.0 ], [ 101.759095005590197, 2.941770947036623, 0.0 ], [ 101.759524751355627, 2.940583875045617, 0.0 ], [ 101.755790332981476, 2.939762809437745, 0.0 ], [ 101.754943910409096, 2.940034657868813, 0.0 ], [ 101.754426229672802, 2.940515569432673, 0.0 ], [ 101.754240679449353, 2.940835309191948, 0.0 ], [ 101.75293894740787, 2.950020716816144, 0.0 ] ] ] } },
{ "type": "Feature", "properties": { "NAMA": "Mega Industrial Park", "LOKASI": "Banting", "DAERAH": "Kuala Langat", "PBT": "MPKL", "KATEGORI": "Industrial Park", "MIP": "No", "ALAMAT": "Mega Industrial Park, Banting, Selangor, Malaysia", "AREA_HA": 28.108 }, "geometry": { "type": "Polygon", "coordinates": [ [ [ 101.818932851239765, 2.959072640055191, 0.0 ], [ 101.822124299906505, 2.959533500050862, 0.0 ], [ 101.823459444969288, 2.957933053819781, 0.0 ], [ 101.823354736287826, 2.957917089450302, 0.0 ], [ 101.824067080343539, 2.957058880583952, 0.0 ], [ 101.82426124759121, 2.956043344086256, 0.0 ], [ 101.822816625024856, 2.955068241818209, 0.0 ], [ 101.822943883360793, 2.954781432205135, 0.0 ], [ 101.821831250173204, 2.95398724179527, 0.0 ], [ 101.821372975746641, 2.953811894404501, 0.0 ], [ 101.82110284304062, 2.953780528731911, 0.0 ], [ 101.82090988043953, 2.953728153551548, 0.0 ], [ 101.820439365837515, 2.954002707757635, 0.0 ], [ 101.819322950726644, 2.953892453908728, 0.0 ], [ 101.819207976786132, 2.953846920910794, 0.0 ], [ 101.818932851239765, 2.959072640055191, 0.0 ] ] ] } },
{ "type": "Feature", "properties": { "NAMA": "Budiman Industrial Park, Sg. Long", "LOKASI": "Sg.Long, Kajang", "DAERAH": "Hulu Langat", "PBT": "MPKj", "KATEGORI": "Industrial Park", "MIP": "No", "ALAMAT": "Budiman Industrial Park, Sg. Long, Kajang, Selangor, Malaysia", "AREA_HA": 14.92 }, "geometry": { "type": "Polygon", "coordinates": [ [ [ 101.779711241819555, 3.050837642755153, 0.0 ], [ 101.781172477318009, 3.050635957581384, 0.0 ], [ 101.780955265574846, 3.049995777589676, 0.0 ], [ 101.781056395567859, 3.049791996710653, 0.0 ], [ 101.781027355672776, 3.049340750360079, 0.0 ], [ 101.781736683604791, 3.049369604406968, 0.0 ], [ 101.781186673813025, 3.048351093665594, 0.0 ], [ 101.78054918037509, 3.047215947764752, 0.0 ], [ 101.779926914838299, 3.047390800406042, 0.0 ], [ 101.779481514659821, 3.045590816784379, 0.0 ], [ 101.777711285625927, 3.045979594981364, 0.0 ], [ 101.777957660705468, 3.046678095190699, 0.0 ], [ 101.777248002901146, 3.046983832622566, 0.0 ], [ 101.777295193424052, 3.04763031607665, 0.0 ], [ 101.777568145443254, 3.048101711315607, 0.0 ], [ 101.778107654606544, 3.048777516929339, 0.0 ], [ 101.778700763996596, 3.048955181763541, 0.0 ], [ 101.778947125887569, 3.049230457557378, 0.0 ], [ 101.779223340883206, 3.049601672863421, 0.0 ], [ 101.779711241819555, 3.050837642755153, 0.0 ] ] ] } },
{ "type": "Feature", "properties": { "NAMA": "Taman Perindustrian Serdang Jaya", "LOKASI": null, "DAERAH": "Petaling", "PBT": "MBSJ", "KATEGORI": "Industrial Park", "MIP": "No", "ALAMAT": "Taman Perindustrian Serdang Jaya, Seri Kembangan, Selangor, Malaysia", "AREA_HA": 32.52 }, "geometry": { "type": "Polygon", "coordinates": [ [ [ 101.710766883643061, 3.018068845300962, 0.0 ], [ 101.710824949369425, 3.018164932101165, 0.0 ], [ 101.711707085245862, 3.018885058784526, 0.0 ], [ 101.713459938623132, 3.020030050251477, 0.0 ], [ 101.713427027902895, 3.02007400964125, 0.0 ], [ 101.713455122819497, 3.02017094536803, 0.0 ], [ 101.713973034031554, 3.020294050087839, 0.0 ], [ 101.714874869196748, 3.020092022911824, 0.0 ], [ 101.715449059705435, 3.019803006969099, 0.0 ], [ 101.716267965863011, 3.018433966459902, 0.0 ], [ 101.716496950858442, 3.017994031340051, 0.0 ], [ 101.716693022456482, 3.017589013267026, 0.0 ], [ 101.716971947037621, 3.017197987193516, 0.0 ], [ 101.717090897821464, 3.016997099589513, 0.0 ], [ 101.717288881794886, 3.016671028828733, 0.0 ], [ 101.715954212972193, 3.014256058503351, 0.0 ], [ 101.715493026592355, 3.014302047000577, 0.0 ], [ 101.715306014276337, 3.014317024743272, 0.0 ], [ 101.711579034968437, 3.014884379992409, 0.0 ], [ 101.711604014780917, 3.015285042299631, 0.0 ], [ 101.711862121063859, 3.015674008198983, 0.0 ], [ 101.711814963188331, 3.015906887217792, 0.0 ], [ 101.711771053791239, 3.016174039374172, 0.0 ], [ 101.711641090947523, 3.016555977539752, 0.0 ], [ 101.711506792867482, 3.016824215578016, 0.0 ], [ 101.711470429256977, 3.016970627481703, 0.0 ], [ 101.711179263320616, 3.017275716602678, 0.0 ], [ 101.710920873884859, 3.01766200565958, 0.0 ], [ 101.710766883643061, 3.018068845300962, 0.0 ] ] ] } },
{ "type": "Feature", "properties": { "NAMA": "Taman Perindustrian Bukit Serdang (Seksyen 7, 8 & 9)", "LOKASI": null, "DAERAH": "Petaling", "PBT": "MBSJ", "KATEGORI": "Industrial Park", "MIP": "No", "ALAMAT": "Taman Perindustrian Bukit Serdang (Seksyen 7, 8 & 9), Seri Kembangan, Selangor, Malaysia", "AREA_HA": 13.297 }, "geometry": { "type": "Polygon", "coordinates": [ [ [ 101.690655117228715, 3.032760050163421, 0.0 ], [ 101.694151016187391, 3.032768923093862, 0.0 ], [ 101.694157622431092, 3.031332882103879, 0.0 ], [ 101.694144892927085, 3.031141038162014, 0.0 ], [ 101.694062229374111, 3.029255078676756, 0.0 ], [ 101.6935692188476, 3.0292742803714, 0.0 ], [ 101.691085177279703, 3.02928666636556, 0.0 ], [ 101.691146953268287, 3.031292996261264, 0.0 ], [ 101.690655117228715, 3.032760050163421, 0.0 ] ] ] } },
{ "type": "Feature", "properties": { "NAMA": "Taman Perindustrian Bukit Serdang (Seksyen 14)", "LOKASI": null, "DAERAH": "Petaling", "PBT": "MBSJ", "KATEGORI": "Industrial Park", "MIP": "No", "ALAMAT": "Taman Perindustrian Bukit Serdang (Seksyen 14), Seri Kembangan, Selangor, Malaysia", "AREA_HA": 14.53 }, "geometry": { "type": "Polygon", "coordinates": [ [ [ 101.698970104354572, 3.04230199706678, 0.0 ], [ 101.698882116160505, 3.043213045157216, 0.0 ], [ 101.69906212602389, 3.043229904182282, 0.0 ], [ 101.699110990150942, 3.043290028059806, 0.0 ], [ 101.699547926283785, 3.043333038363744, 0.0 ], [ 101.69960809354437, 3.043282921047985, 0.0 ], [ 101.699695001690756, 3.042372054139728, 0.0 ], [ 101.699768880615736, 3.042141066736147, 0.0 ], [ 101.700264288887368, 3.042203710076213, 0.0 ], [ 101.700282986862987, 3.042138928365546, 0.0 ], [ 101.700251917737219, 3.042021012663624, 0.0 ], [ 101.700258077514647, 3.041856060985954, 0.0 ], [ 101.700297078540586, 3.041400990550627, 0.0 ], [ 101.700342910374474, 3.041239011669344, 0.0 ], [ 101.700428112248659, 3.040967959113725, 0.0 ], [ 101.700528964120679, 3.040688039578908, 0.0 ], [ 101.700630088933067, 3.040418971925987, 0.0 ], [ 101.700694002106559, 3.040256987794201, 0.0 ], [ 101.700804030049227, 3.039978964677416, 0.0 ], [ 101.700949924194816, 3.039607965969072, 0.0 ], [ 101.701673097318945, 3.038380941174223, 0.0 ], [ 101.701649869988941, 3.03831701176008, 0.0 ], [ 101.698324948261003, 3.037944936614752, 0.0 ], [ 101.698265050774481, 3.037993968564824, 0.0 ], [ 101.698177062562394, 3.038907097560145, 0.0 ], [ 101.698114904815654, 3.039549008513432, 0.0 ], [ 101.698029070288456, 3.040443958924024, 0.0 ], [ 101.697984940736703, 3.040899030853591, 0.0 ], [ 101.69795911094235, 3.041172960068309, 0.0 ], [ 101.697914981619917, 3.04162893632558, 0.0 ], [ 101.697888881962683, 3.041902956049136, 0.0 ], [ 101.697938015829806, 3.041963079916756, 0.0 ], [ 101.698978132543161, 3.042063885391884, 0.0 ], [ 101.698970104354572, 3.04230199706678, 0.0 ] ] ] } },
{ "type": "Feature", "properties": { "NAMA": "Pusat Perindustrian Maju Jaya", "LOKASI": null, "DAERAH": "Petaling", "PBT": "MBSJ", "KATEGORI": "Other Industrial Cluster", "MIP": "No", "ALAMAT": "Pusat Perindustrian Maju Jaya, Puchong, Selangor, Malaysia", "AREA_HA": 6.348 }, "geometry": { "type": "Polygon", "coordinates": [ [ [ 101.6100338786284, 2.995319948849662, 0.0 ], [ 101.610088941471403, 2.9953760066471, 0.0 ], [ 101.612421078484147, 2.995374899485549, 0.0 ], [ 101.612475039321808, 2.995319000359325, 0.0 ], [ 101.61245898897451, 2.99335197846051, 0.0 ], [ 101.612457899425536, 2.993302059235071, 0.0 ], [ 101.612403106635128, 2.993246996272716, 0.0 ], [ 101.610096071111556, 2.993248007543555, 0.0 ], [ 101.610041030624501, 2.993303002436245, 0.0 ], [ 101.610039984239876, 2.993468044329592, 0.0 ], [ 101.6100338786284, 2.995319948849662, 0.0 ] ] ] } },
{ "type": "Feature", "properties": { "NAMA": "Taman Perindustrian Pusat Bandar Puchong", "LOKASI": null, "DAERAH": "Petaling", "PBT": "MBSJ", "KATEGORI": "Industrial Park", "MIP": "No", "ALAMAT": "Taman Perindustrian Pusat Bandar Puchong, Puchong, Selangor, Malaysia", "AREA_HA": 21.442 }, "geometry": { "type": "Polygon", "coordinates": [ [ [ 101.616829988256185, 3.011941267950377, 0.0 ], [ 101.622004977127887, 3.010952000145694, 0.0 ], [ 101.62191290847889, 3.010740947660584, 0.0 ], [ 101.622543874064633, 3.009577020920211, 0.0 ], [ 101.622524110980962, 3.009280945258155, 0.0 ], [ 101.622268055756948, 3.008226995554774, 0.0 ], [ 101.620547058107448, 3.007870964445583, 0.0 ], [ 101.620312007508431, 3.007874993590427, 0.0 ], [ 101.620248036078237, 3.00780998536855, 0.0 ], [ 101.620137926769132, 3.007786948199033, 0.0 ], [ 101.620032951859557, 3.007797099098683, 0.0 ], [ 101.619464275369225, 3.008026427726251, 0.0 ], [ 101.618985963170388, 3.008194053918529, 0.0 ], [ 101.618280047228907, 3.008424899539862, 0.0 ], [ 101.617856934647648, 3.008589035528328, 0.0 ], [ 101.617279070468143, 3.009477035444825, 0.0 ], [ 101.617068719868485, 3.009631033112643, 0.0 ], [ 101.616782046840186, 3.009796913469534, 0.0 ], [ 101.616425071829951, 3.010064943434735, 0.0 ], [ 101.616693881440114, 3.011484063595891, 0.0 ], [ 101.616695014044495, 3.011740081238726, 0.0 ], [ 101.616829988256185, 3.011941267950377, 0.0 ] ] ] } },
{ "type": "Feature", "properties": { "NAMA": "Taman Perindustrian Puchong Utama", "LOKASI": null, "DAERAH": "Petaling", "PBT": "MBSJ", "KATEGORI": "Industrial Park", "MIP": "No", "ALAMAT": "Taman Perindustrian Puchong Utama, Puchong, Selangor, Malaysia", "AREA_HA": 42.332 }, "geometry": { "type": "Polygon", "coordinates": [ [ [ 101.613203936614468, 3.011737141907749, 0.0 ], [ 101.61410603205691, 3.009603038931224, 0.0 ], [ 101.615421808007966, 3.008505442412544, 0.0 ], [ 101.616792109320272, 3.007568985961727, 0.0 ], [ 101.617116887061755, 3.006903054271742, 0.0 ], [ 101.617751548498035, 3.006625108480342, 0.0 ], [ 101.618318974916761, 3.006161787388424, 0.0 ], [ 101.618807074531333, 3.005762962045209, 0.0 ], [ 101.618876098078402, 3.005469037855957, 0.0 ], [ 101.618717977291894, 3.004269015735397, 0.0 ], [ 101.618625954219226, 3.004270029933563, 0.0 ], [ 101.618502955149253, 3.003257017262698, 0.0 ], [ 101.617476127971756, 3.003259946333191, 0.0 ], [ 101.617140123345393, 3.00313702693917, 0.0 ], [ 101.616083125553075, 3.003401043230648, 0.0 ], [ 101.616084925399647, 3.00427598932315, 0.0 ], [ 101.611892066529307, 3.004289064987308, 0.0 ], [ 101.611541039565296, 3.009941969801758, 0.0 ], [ 101.611534940364635, 3.01000277057389, 0.0 ], [ 101.611772064407205, 3.01004501691762, 0.0 ], [ 101.612084941668442, 3.01053641584301, 0.0 ], [ 101.612330068127505, 3.010997984550537, 0.0 ], [ 101.612471001723904, 3.011308957225281, 0.0 ], [ 101.612604887051901, 3.011468002622299, 0.0 ], [ 101.612730944496604, 3.011618006238032, 0.0 ], [ 101.61305508091985, 3.011758925584214, 0.0 ], [ 101.613203936614468, 3.011737141907749, 0.0 ] ] ] } },
{ "type": "Feature", "properties": { "NAMA": "Taman Perindustrian Bandar Kinrara (Seksyen 1 & 2)", "LOKASI": "Petaling", "DAERAH": "Petaling", "PBT": "MBSJ", "KATEGORI": "Industrial Park", "MIP": "No", "ALAMAT": "Taman Perindustrian Bandar Kinrara (Seksyen 1 & 2), Subang Jaya / Puchong, Selangor, Malaysia", "AREA_HA": 9.678 }, "geometry": { "type": "MultiPolygon", "coordinates": [ [ [ [ 101.634063032740187, 3.049220988119595, 0.0 ], [ 101.634835116689217, 3.049090888162645, 0.0 ], [ 101.635507093434398, 3.049048049212924, 0.0 ], [ 101.63554484822491, 3.048796400158435, 0.0 ], [ 101.635527879599266, 3.046701022688874, 0.0 ], [ 101.635525105813173, 3.046370940885725, 0.0 ], [ 101.635342071676703, 3.046107007402647, 0.0 ], [ 101.635327927976334, 3.044432995227405, 0.0 ], [ 101.635264696822688, 3.044294603897166, 0.0 ], [ 101.633697882815312, 3.044376937452665, 0.0 ], [ 101.633717893796955, 3.04455599134245, 0.0 ], [ 101.633730872728563, 3.0446669503628, 0.0 ], [ 101.633750883724844, 3.044846004250147, 0.0 ], [ 101.633594947624772, 3.045070043723968, 0.0 ], [ 101.633786934450967, 3.046739946042859, 0.0 ], [ 101.634063032740187, 3.049220988119595, 0.0 ] ] ], [ [ [ 101.633707085915219, 3.049280966293596, 0.0 ], [ 101.634063036345253, 3.049221017961843, 0.0 ], [ 101.634063032740187, 3.049220988119595, 0.0 ], [ 101.633707085915219, 3.049280966293596, 0.0 ] ] ] ] } },
{ "type": "Feature", "properties": { "NAMA": "Taman Perindustrian Bandar Kinrara (Seksyen 1 & 2)", "LOKASI": null, "DAERAH": "Petaling", "PBT": "MBSJ", "KATEGORI": "Industrial Park", "MIP": "No", "ALAMAT": "Taman Perindustrian Bandar Kinrara (Seksyen 1 & 2), Subang Jaya / Puchong, Selangor, Malaysia", "AREA_HA": 7.783 }, "geometry": { "type": "Polygon", "coordinates": [ [ [ 101.636020889205184, 3.048852956230226, 0.0 ], [ 101.636062993676845, 3.048871033235103, 0.0 ], [ 101.637435025731506, 3.04883806964887, 0.0 ], [ 101.637472083969541, 3.048034016554952, 0.0 ], [ 101.637404022579403, 3.047801979885147, 0.0 ], [ 101.637398967538147, 3.04694096340573, 0.0 ], [ 101.637463130539757, 3.046649029105589, 0.0 ], [ 101.637607336933215, 3.046038686923485, 0.0 ], [ 101.637643669118603, 3.045709274364675, 0.0 ], [ 101.637655629117475, 3.04494066162407, 0.0 ], [ 101.6376434286137, 3.044660060951188, 0.0 ], [ 101.637594856807439, 3.044538070127587, 0.0 ], [ 101.63691400639739, 3.044587000189308, 0.0 ], [ 101.636053601038043, 3.044587226576084, 0.0 ], [ 101.636020889205184, 3.048852956230226, 0.0 ] ] ] } },
{ "type": "Feature", "properties": { "NAMA": "Taman Perindustrian Puchong (Seksyen 1)", "LOKASI": null, "DAERAH": "Petaling", "PBT": "MBSJ", "KATEGORI": "Industrial Park", "MIP": "No", "ALAMAT": "Taman Perindustrian Puchong (Seksyen 1), Puchong, Selangor, Malaysia", "AREA_HA": 30.752 }, "geometry": { "type": "Polygon", "coordinates": [ [ [ 101.610716087417785, 3.030028016999087, 0.0 ], [ 101.614003949190703, 3.029305495214882, 0.0 ], [ 101.614054952428233, 3.026304079968388, 0.0 ], [ 101.614363598383235, 3.026243686372512, 0.0 ], [ 101.613783896502923, 3.023156952419417, 0.0 ], [ 101.612301021567887, 3.023391030007446, 0.0 ], [ 101.609962928939595, 3.023594986355745, 0.0 ], [ 101.609497957897347, 3.023650065018568, 0.0 ], [ 101.610716087417785, 3.030028016999087, 0.0 ] ] ] } },
{ "type": "Feature", "properties": { "NAMA": "Taman Perindustrian Subang / Sungai Penaga", "LOKASI": null, "DAERAH": "Petaling", "PBT": "MBSJ", "KATEGORI": "Industrial Park", "MIP": "No", "ALAMAT": "Taman Perindustrian Subang / Sungai Penaga, Subang Jaya, Selangor, Malaysia", "AREA_HA": 41.01 }, "geometry": { "type": "Polygon", "coordinates": [ [ [ 101.594295099662048, 3.043020005165218, 0.0 ], [ 101.598604959941795, 3.042995026998796, 0.0 ], [ 101.601813947664638, 3.04298337215201, 0.0 ], [ 101.601908721907208, 3.042792725326304, 0.0 ], [ 101.601905960580254, 3.041207044849484, 0.0 ], [ 101.600432923739447, 3.039436009238423, 0.0 ], [ 101.600011892765266, 3.039762114756396, 0.0 ], [ 101.599310130639495, 3.038961613900332, 0.0 ], [ 101.598842029580339, 3.038035049275591, 0.0 ], [ 101.597011984960886, 3.037789062967531, 0.0 ], [ 101.594777918763171, 3.037837785093042, 0.0 ], [ 101.594297936496659, 3.038038005911043, 0.0 ], [ 101.594295099662048, 3.043020005165218, 0.0 ] ] ] } },
{ "type": "Feature", "properties": { "NAMA": "Kawasan Perindustrian Kg. Sg. Tekali", "LOKASI": null, "DAERAH": "Hulu Langat", "PBT": "MPKj", "KATEGORI": "Industrial Area", "MIP": "No", "ALAMAT": "Kawasan Perindustrian Kg. Sg. Tekali, Kajang, Selangor, Malaysia", "AREA_HA": 8.058 }, "geometry": { "type": "Polygon", "coordinates": [ [ [ 101.830644040430215, 3.111692241994845, 0.0 ], [ 101.83245906379797, 3.111437172777824, 0.0 ], [ 101.833673209358366, 3.111281318853466, 0.0 ], [ 101.833871866018654, 3.111203564888688, 0.0 ], [ 101.833418837129543, 3.110105278262954, 0.0 ], [ 101.833371957856713, 3.109450829556914, 0.0 ], [ 101.830372046406495, 3.109229813714962, 0.0 ], [ 101.830644040430215, 3.111692241994845, 0.0 ] ] ] } },
{ "type": "Feature", "properties": { "NAMA": "Sri Damansara Light Industrial Area (PJU 9)", "LOKASI": null, "DAERAH": "Petaling", "PBT": "MBPJ", "KATEGORI": "Industrial Area", "MIP": "No", "ALAMAT": "Sri Damansara Light Industrial Area (PJU 9), Petaling Jaya, Selangor, Malaysia", "AREA_HA": 9.194 }, "geometry": { "type": "Polygon", "coordinates": [ [ [ 101.619573811801075, 3.20407823825806, 0.0 ], [ 101.618721718727969, 3.202916181494746, 0.0 ], [ 101.618558674910759, 3.202892256042169, 0.0 ], [ 101.616048616882594, 3.204754204555158, 0.0 ], [ 101.612332720592363, 3.201031978342045, 0.0 ], [ 101.612079776774124, 3.201296763021759, 0.0 ], [ 101.613703681144088, 3.202936106869332, 0.0 ], [ 101.613756687172668, 3.20303304163087, 0.0 ], [ 101.616850492510125, 3.206097686033694, 0.0 ], [ 101.619573811801075, 3.20407823825806, 0.0 ] ] ] } },
{ "type": "Feature", "properties": { "NAMA": "Taman Perindustrian Tago", "LOKASI": null, "DAERAH": "Gombak", "PBT": "MPS", "KATEGORI": "Industrial Park", "MIP": "No", "ALAMAT": "Taman Perindustrian Tago, 52200 Kuala Lumpur / Selangor boundary area, Malaysia", "AREA_HA": 10.786 }, "geometry": { "type": "Polygon", "coordinates": [ [ [ 101.609219367019904, 3.203408993964266, 0.0 ], [ 101.609306751139883, 3.203967190002596, 0.0 ], [ 101.609409282080961, 3.204226836637009, 0.0 ], [ 101.609523274829542, 3.204374391242113, 0.0 ], [ 101.609589850826808, 3.204454098449184, 0.0 ], [ 101.60973450298502, 3.204596718678604, 0.0 ], [ 101.609845184579555, 3.204889822958178, 0.0 ], [ 101.609925655886585, 3.204990884794931, 0.0 ], [ 101.610056402077163, 3.205061611590065, 0.0 ], [ 101.610146927345298, 3.205152562578262, 0.0 ], [ 101.610388316311358, 3.205334452335955, 0.0 ], [ 101.610539174773848, 3.205405174697654, 0.0 ], [ 101.610649811039039, 3.205486013522213, 0.0 ], [ 101.610881114880442, 3.205536502855002, 0.0 ], [ 101.611540918363474, 3.20489209779964, 0.0 ], [ 101.61185583970942, 3.204580859386311, 0.0 ], [ 101.612087613488796, 3.204383941494305, 0.0 ], [ 101.612490689845544, 3.204498767028016, 0.0 ], [ 101.612886747142582, 3.204176396279663, 0.0 ], [ 101.613124269197627, 3.204100853931778, 0.0 ], [ 101.613364649393361, 3.203908591202925, 0.0 ], [ 101.611068015434768, 3.201536231518557, 0.0 ], [ 101.610965837348388, 3.201733674448016, 0.0 ], [ 101.610732353267949, 3.201933391355004, 0.0 ], [ 101.609905043393084, 3.202655969296114, 0.0 ], [ 101.609219367019904, 3.203408993964266, 0.0 ] ] ] } },
{ "type": "Feature", "properties": { "NAMA": "Kawasan Perindustrian Desa Aman", "LOKASI": null, "DAERAH": "Sg.Buloh", "PBT": "MPS", "KATEGORI": "Industrial Area", "MIP": "No", "ALAMAT": "Kawasan Perindustrian Desa Aman, 47000 Sungai Buloh, Selangor, Malaysia", "AREA_HA": 17.198 }, "geometry": { "type": "Polygon", "coordinates": [ [ [ 101.599696638237873, 3.202971581876526, 0.0 ], [ 101.600710406243749, 3.201406530358135, 0.0 ], [ 101.59796800332802, 3.20100511742718, 0.0 ], [ 101.595768370524524, 3.200689725371031, 0.0 ], [ 101.594227753260128, 3.200839157470086, 0.0 ], [ 101.598254518183197, 3.205225825188279, 0.0 ], [ 101.599696638237873, 3.202971581876526, 0.0 ] ] ] } },
{ "type": "Feature", "properties": { "NAMA": "Kawasan Perindustrian Batu Caves", "LOKASI": null, "DAERAH": "Gombak", "PBT": "MPS", "KATEGORI": "Industrial Area", "MIP": "No", "ALAMAT": "Kawasan Industri Batu Caves, 68100 Batu Caves, Selangor, Malaysia", "AREA_HA": 53.598 }, "geometry": { "type": "Polygon", "coordinates": [ [ [ 101.682618375248609, 3.234848149058291, 0.0 ], [ 101.682356982342696, 3.228178999237041, 0.0 ], [ 101.675547957668414, 3.22782898840607, 0.0 ], [ 101.672964301933504, 3.227757950336444, 0.0 ], [ 101.673023338374378, 3.228329990063109, 0.0 ], [ 101.673298280830366, 3.228980872825289, 0.0 ], [ 101.673749888947981, 3.229750061720126, 0.0 ], [ 101.674417360097891, 3.230440285832816, 0.0 ], [ 101.676125169759715, 3.231721996928847, 0.0 ], [ 101.676301780255173, 3.231643042246836, 0.0 ], [ 101.679638896895071, 3.234167023344494, 0.0 ], [ 101.682121930450023, 3.234838375405065, 0.0 ], [ 101.682618375248609, 3.234848149058291, 0.0 ] ] ] } },
{ "type": "Feature", "properties": { "NAMA": "Kawasan Industri Selayang Utama", "LOKASI": null, "DAERAH": "Gombak", "PBT": "MPS", "KATEGORI": "Industrial Area", "MIP": "No", "ALAMAT": "Kawasan Industri Selayang Utama, Selayang, Selangor, Malaysia", "AREA_HA": 5.179 }, "geometry": { "type": "Polygon", "coordinates": [ [ [ 101.643145119158248, 3.234444603209251, 0.0 ], [ 101.643197460217863, 3.234464854311219, 0.0 ], [ 101.643417336676023, 3.234410832093206, 0.0 ], [ 101.644839972302364, 3.234065490405295, 0.0 ], [ 101.645712107894298, 3.2338471752878, 0.0 ], [ 101.646125228745177, 3.233745645904142, 0.0 ], [ 101.646310982823877, 3.233725764845049, 0.0 ], [ 101.646125849074053, 3.232764314954705, 0.0 ], [ 101.644452725260848, 3.232603142156303, 0.0 ], [ 101.643469122665209, 3.232517261579982, 0.0 ], [ 101.643145119158248, 3.234444603209251, 0.0 ] ] ] } },
{ "type": "Feature", "properties": { "NAMA": "Kawasan Industri Sri Batu Caves", "LOKASI": null, "DAERAH": "Gombak", "PBT": "MPS", "KATEGORI": "Industrial Area", "MIP": "No", "ALAMAT": "Kawasan Industri Sri Batu Caves, 68100 Batu Caves, Selangor, Malaysia", "AREA_HA": 1.698 }, "geometry": { "type": "Polygon", "coordinates": [ [ [ 101.691962289424922, 3.231800573928216, 0.0 ], [ 101.693788788751959, 3.231793430849864, 0.0 ], [ 101.693782687395128, 3.231192250920361, 0.0 ], [ 101.693788577508101, 3.231085108001171, 0.0 ], [ 101.693610912969191, 3.231079209222532, 0.0 ], [ 101.693620570092918, 3.231034786635168, 0.0 ], [ 101.691962062561643, 3.231035284631068, 0.0 ], [ 101.691962289424922, 3.231800573928216, 0.0 ] ] ] } },
{ "type": "Feature", "properties": { "NAMA": "Kawasan Industri Dolomite", "LOKASI": null, "DAERAH": "Gombak", "PBT": "MPS", "KATEGORI": "Industrial Area", "MIP": "No", "ALAMAT": "Kawasan Industri Dolomite, Gombak / Rawang, Selangor, Malaysia", "AREA_HA": 5.4 }, "geometry": { "type": "Polygon", "coordinates": [ [ [ 101.689249514880018, 3.230887689381542, 0.0 ], [ 101.69161341893664, 3.230918382490478, 0.0 ], [ 101.691636343350098, 3.229195030252521, 0.0 ], [ 101.691490451216296, 3.229045286382731, 0.0 ], [ 101.68929502551056, 3.229016550226261, 0.0 ], [ 101.689249514880018, 3.230887689381542, 0.0 ] ] ] } },
{ "type": "Feature", "properties": { "NAMA": "Kawasan Industri Lembah Jaya", "LOKASI": null, "DAERAH": "Gombak", "PBT": "MPAJ", "KATEGORI": "Industrial Area", "MIP": "No", "ALAMAT": "Kawasan Industri Lembah Jaya, Gombak / Rawang, Selangor, Malaysia", "AREA_HA": 4.386 }, "geometry": { "type": "Polygon", "coordinates": [ [ [ 101.782757445822995, 3.141522955580545, 0.0 ], [ 101.783859744327486, 3.141518852685507, 0.0 ], [ 101.783874745805505, 3.141321592033545, 0.0 ], [ 101.783879085136689, 3.140658813722219, 0.0 ], [ 101.783866744140852, 3.139507610857212, 0.0 ], [ 101.783681599630157, 3.139431725356912, 0.0 ], [ 101.782625865382883, 3.139422330374491, 0.0 ], [ 101.782567623808148, 3.13913480638092, 0.0 ], [ 101.782386767596563, 3.139067141094448, 0.0 ], [ 101.781943251041895, 3.139025018005484, 0.0 ], [ 101.781903666331374, 3.139104943267479, 0.0 ], [ 101.781898566957651, 3.139904274499427, 0.0 ], [ 101.781984196597165, 3.140097676425843, 0.0 ], [ 101.782056480787347, 3.140690702803369, 0.0 ], [ 101.782764407940817, 3.140654895360327, 0.0 ], [ 101.782757445822995, 3.141522955580545, 0.0 ] ] ] } },
{ "type": "Feature", "properties": { "NAMA": "Kawasan Industri Ringan Pandan Mewah", "LOKASI": null, "DAERAH": "Gombak", "PBT": "MPAJ", "KATEGORI": "Industrial Area", "MIP": "No", "ALAMAT": "Kawasan Industri Ringan Pandan Mewah, Pandan, Selangor, Malaysia", "AREA_HA": 9.22 }, "geometry": { "type": "Polygon", "coordinates": [ [ [ 101.767088490313412, 3.130088544420063, 0.0 ], [ 101.769815074014417, 3.128894390538576, 0.0 ], [ 101.769288427763286, 3.127916015023201, 0.0 ], [ 101.769020119665001, 3.127823057851791, 0.0 ], [ 101.768157008818122, 3.126347697702858, 0.0 ], [ 101.766417278685424, 3.127114288685845, 0.0 ], [ 101.766423646500456, 3.127708657987915, 0.0 ], [ 101.766589650113019, 3.128370059498349, 0.0 ], [ 101.767088490313412, 3.130088544420063, 0.0 ] ] ] } },
{ "type": "Feature", "properties": { "NAMA": "Kawasan Perindustrian Bukit Puchong", "LOKASI": null, "DAERAH": "Petaling", "PBT": "MBSJ", "KATEGORI": "Industrial Area", "MIP": "No", "ALAMAT": "Kawasan Perindustrian Bukit Puchong, Puchong, Selangor, Malaysia", "AREA_HA": 46.199 }, "geometry": { "type": "Polygon", "coordinates": [ [ [ 101.624418065996721, 2.9804240453969, 0.0 ], [ 101.624382511876021, 2.984811121473738, 0.0 ], [ 101.624736557110793, 2.985850830503389, 0.0 ], [ 101.625335413096977, 2.986206416953762, 0.0 ], [ 101.627267838835394, 2.986205997962012, 0.0 ], [ 101.627295156083775, 2.986671158551763, 0.0 ], [ 101.628737629768935, 2.986479304021351, 0.0 ], [ 101.629662951826788, 2.986178111392211, 0.0 ], [ 101.631050840748557, 2.98530219753048, 0.0 ], [ 101.631921612192428, 2.984481121939548, 0.0 ], [ 101.631649260523801, 2.983660299572853, 0.0 ], [ 101.631213593822437, 2.982784788170901, 0.0 ], [ 101.63077801057986, 2.982292355402655, 0.0 ], [ 101.629008462441931, 2.980295262957514, 0.0 ], [ 101.624418065996721, 2.9804240453969, 0.0 ] ] ] } },
{ "type": "Feature", "properties": { "NAMA": "Puchong Jaya Industrial Park", "LOKASI": null, "DAERAH": "Petaling", "PBT": "MBSJ", "KATEGORI": "Industrial Park", "MIP": "No", "ALAMAT": "Puchong Jaya Industrial Park, Puchong, Selangor, Malaysia", "AREA_HA": 2.028 }, "geometry": { "type": "Polygon", "coordinates": [ [ [ 101.62525204427169, 3.051046047232421, 0.0 ], [ 101.62584310939944, 3.051227959561869, 0.0 ], [ 101.626273010262707, 3.051184998899899, 0.0 ], [ 101.626752867741644, 3.051277948676629, 0.0 ], [ 101.627524837857209, 3.050988096563197, 0.0 ], [ 101.628147084302213, 3.050256100516664, 0.0 ], [ 101.628043931116466, 3.050166443255728, 0.0 ], [ 101.625745020928704, 3.05066096255303, 0.0 ], [ 101.62525204427169, 3.051046047232421, 0.0 ] ] ] } },
{ "type": "Feature", "properties": { "NAMA": "Kawasan Perusahaan Bandar Sg. Emas", "LOKASI": null, "DAERAH": "Kuala Langat", "PBT": "MPKL", "KATEGORI": "Industrial Area", "MIP": "No", "ALAMAT": "Kawasan Perusahaan Bandar Sg. Emas, Banting, Selangor, Malaysia", "AREA_HA": 27.302 }, "geometry": { "type": "Polygon", "coordinates": [ [ [ 101.609757590054485, 2.832796217245875, 0.0 ], [ 101.610458291257927, 2.832882398625299, 0.0 ], [ 101.610508519149334, 2.833235435384311, 0.0 ], [ 101.612063501287821, 2.833336006733033, 0.0 ], [ 101.612715572772402, 2.83328544536909, 0.0 ], [ 101.612638748784889, 2.825014082994885, 0.0 ], [ 101.611108881481073, 2.825039596209173, 0.0 ], [ 101.61048207969985, 2.826073638205979, 0.0 ], [ 101.610457071541745, 2.826451906980338, 0.0 ], [ 101.609830250359991, 2.827385079454892, 0.0 ], [ 101.609704960684354, 2.827965108600647, 0.0 ], [ 101.609757590054485, 2.832796217245875, 0.0 ] ] ] } },
{ "type": "Feature", "properties": { "NAMA": "Taman Meranti Jaya Industrial Park", "LOKASI": null, "DAERAH": "Sepang", "PBT": "MPSp", "KATEGORI": "Industrial Park", "MIP": "No", "ALAMAT": "Taman Meranti Jaya Industrial Park, Sepang, Selangor, Malaysia", "AREA_HA": 41.239 }, "geometry": { "type": "Polygon", "coordinates": [ [ [ 101.607044332994789, 2.976269658683529, 0.0 ], [ 101.609387380722168, 2.976301483064662, 0.0 ], [ 101.609403546907203, 2.975055504199186, 0.0 ], [ 101.611336183719516, 2.975074294871032, 0.0 ], [ 101.611660037652555, 2.974409834620751, 0.0 ], [ 101.611517475162444, 2.974147335023336, 0.0 ], [ 101.613233626759438, 2.968934651514739, 0.0 ], [ 101.609666628758461, 2.968835602987511, 0.0 ], [ 101.60737995170966, 2.968805510412301, 0.0 ], [ 101.607320392172227, 2.969163174555486, 0.0 ], [ 101.607287113369196, 2.969399771492232, 0.0 ], [ 101.607136354247771, 2.969397669854742, 0.0 ], [ 101.607125964421527, 2.970184494378141, 0.0 ], [ 101.607359288326961, 2.970369547206797, 0.0 ], [ 101.607255599511575, 2.974035042526887, 0.0 ], [ 101.607242614653757, 2.974981041917781, 0.0 ], [ 101.60728373265276, 2.976175449596736, 0.0 ], [ 101.607044332994789, 2.976269658683529, 0.0 ] ] ] } },
{ "type": "Feature", "properties": { "NAMA": "Selangor Science Park II / Selangor Cyber Valley", "LOKASI": null, "DAERAH": "Sepang", "PBT": "MPSp", "KATEGORI": "Technology / Science Industrial Park", "MIP": "No", "ALAMAT": "Selangor Science Park II / Selangor Cyber Valley, Cyberjaya, Selangor, Malaysia", "AREA_HA": 3.207 }, "geometry": { "type": "Polygon", "coordinates": [ [ [ 101.663951757500172, 2.881182247803351, 0.0 ], [ 101.664619853599078, 2.881493945022895, 0.0 ], [ 101.664880792104029, 2.881365357334599, 0.0 ], [ 101.666034090553609, 2.878798434150249, 0.0 ], [ 101.665486063674379, 2.878567108392242, 0.0 ], [ 101.663883895495886, 2.880864173067009, 0.0 ], [ 101.663951757500172, 2.881182247803351, 0.0 ] ] ] } },
{ "type": "Feature", "properties": { "NAMA": "Kawasan Industri Pulau Meranti", "LOKASI": null, "DAERAH": "Sepang", "PBT": "MPSp", "KATEGORI": "Industrial Area", "MIP": "No", "ALAMAT": "Kawasan Industri Pulau Meranti, Sepang, Selangor, Malaysia", "AREA_HA": 3.714 }, "geometry": { "type": "Polygon", "coordinates": [ [ [ 101.640915079307703, 2.967642558224479, 0.0 ], [ 101.642122517070106, 2.968251774179858, 0.0 ], [ 101.643026228201336, 2.966682727143977, 0.0 ], [ 101.643128710822012, 2.966399953733584, 0.0 ], [ 101.640733191038805, 2.966471492301221, 0.0 ], [ 101.640734132393405, 2.966664532642902, 0.0 ], [ 101.640679665861356, 2.966803220556624, 0.0 ], [ 101.640681856537185, 2.967525003504975, 0.0 ], [ 101.640915079307703, 2.967642558224479, 0.0 ] ] ] } },
{ "type": "Feature", "properties": { "NAMA": "Taman Perindustrian Meranti Utama", "LOKASI": null, "DAERAH": "Sepang", "PBT": "MPSp", "KATEGORI": "Industrial Park", "MIP": "No", "ALAMAT": "Taman Perindustrian Meranti Utama, Sepang, Selangor, Malaysia", "AREA_HA": 64.752 }, "geometry": { "type": "Polygon", "coordinates": [ [ [ 101.642547760845446, 2.973842412175739, 0.0 ], [ 101.641664033815672, 2.974176757097682, 0.0 ], [ 101.641681251291615, 2.974337917611023, 0.0 ], [ 101.641843202177611, 2.974569662632034, 0.0 ], [ 101.642036032543999, 2.975084771543683, 0.0 ], [ 101.642727214797588, 2.975236108313532, 0.0 ], [ 101.643091355294814, 2.974990788081549, 0.0 ], [ 101.643176569803984, 2.975385142110756, 0.0 ], [ 101.643871804545867, 2.976291713547749, 0.0 ], [ 101.644067551993643, 2.976315546183346, 0.0 ], [ 101.645500437934345, 2.976778804836501, 0.0 ], [ 101.649018041175651, 2.97797440078221, 0.0 ], [ 101.650357762608607, 2.976651346176737, 0.0 ], [ 101.646977143180607, 2.971420560064911, 0.0 ], [ 101.64702790073575, 2.971120548287734, 0.0 ], [ 101.646463506215099, 2.969592878191388, 0.0 ], [ 101.645839145435076, 2.968816958178969, 0.0 ], [ 101.645792969695421, 2.968575034646182, 0.0 ], [ 101.645190233128318, 2.967496890848126, 0.0 ], [ 101.644888989766486, 2.967962900170159, 0.0 ], [ 101.644722066538748, 2.967745616126798, 0.0 ], [ 101.644883374276688, 2.9675058644737, 0.0 ], [ 101.643885197641211, 2.966448685477458, 0.0 ], [ 101.643420706897672, 2.96644679878262, 0.0 ], [ 101.641725994805654, 2.969383173720614, 0.0 ], [ 101.641625378587065, 2.96955713596187, 0.0 ], [ 101.641458070922525, 2.969721158563492, 0.0 ], [ 101.641973202620534, 2.970294648108472, 0.0 ], [ 101.641991521421673, 2.970631450375109, 0.0 ], [ 101.641996814545237, 2.970731921821343, 0.0 ], [ 101.64213156823817, 2.971304335669915, 0.0 ], [ 101.642245889381257, 2.971761439564046, 0.0 ], [ 101.642432844618426, 2.973672744519408, 0.0 ], [ 101.642547760845446, 2.973842412175739, 0.0 ] ] ] } },
{ "type": "Feature", "properties": { "NAMA": "Taman Perindustrian Meranti Perdana", "LOKASI": null, "DAERAH": "Sepang", "PBT": "MPSp", "KATEGORI": "Industrial Park", "MIP": "No", "ALAMAT": "Taman Perindustrian Meranti Perdana, Sepang, Selangor, Malaysia", "AREA_HA": 6.752 }, "geometry": { "type": "Polygon", "coordinates": [ [ [ 101.650941802863898, 2.9623580680944, 0.0 ], [ 101.651331064843077, 2.962554051864692, 0.0 ], [ 101.65253414409942, 2.962925984229704, 0.0 ], [ 101.653747122372351, 2.96222965198552, 0.0 ], [ 101.653558411641455, 2.960640603274523, 0.0 ], [ 101.651048383159136, 2.960524653928891, 0.0 ], [ 101.650941802863898, 2.9623580680944, 0.0 ] ] ] } },
{ "type": "Feature", "properties": { "NAMA": "Kawasan Perindustrian Bandar Tasik Kesuma", "LOKASI": null, "DAERAH": "Hulu Langat", "PBT": "MPKj", "KATEGORI": "Industrial Area", "MIP": "No", "ALAMAT": "Kawasan Perindustrian Bandar Tasik Kesuma, Kajang, Selangor, Malaysia", "AREA_HA": 142.966 }, "geometry": { "type": "Polygon", "coordinates": [ [ [ 101.856241040248776, 2.901306620357551, 0.0 ], [ 101.860397909912763, 2.901336991112437, 0.0 ], [ 101.860976246153584, 2.901513090382819, 0.0 ], [ 101.867482829059227, 2.901450749964359, 0.0 ], [ 101.867573240050021, 2.90084500069801, 0.0 ], [ 101.868413476558047, 2.898828655848373, 0.0 ], [ 101.86876702010602, 2.896398160106273, 0.0 ], [ 101.868874475684493, 2.895900561442077, 0.0 ], [ 101.869279363442999, 2.894933314322166, 0.0 ], [ 101.86969788570164, 2.893665467221, 0.0 ], [ 101.869819987883318, 2.893348092190687, 0.0 ], [ 101.861496968138454, 2.893542958755102, 0.0 ], [ 101.861318262872942, 2.893365064218944, 0.0 ], [ 101.86130868772922, 2.892396455801461, 0.0 ], [ 101.861043904389447, 2.892217059834491, 0.0 ], [ 101.860325839688841, 2.892141849307318, 0.0 ], [ 101.860350516257796, 2.889165916758918, 0.0 ], [ 101.856862898266797, 2.88917396571397, 0.0 ], [ 101.85641632257807, 2.889178220720556, 0.0 ], [ 101.856241040248776, 2.901306620357551, 0.0 ] ] ] } },
{ "type": "Feature", "properties": { "NAMA": "Kawasan Perindustrian Mahkota Beranang", "LOKASI": null, "DAERAH": "Hulu Langat", "PBT": "MPKj", "KATEGORI": "Industrial Area", "MIP": "No", "ALAMAT": "Kawasan Perindustrian Mahkota Beranang, Beranang, Selangor, Malaysia", "AREA_HA": 51.533 }, "geometry": { "type": "Polygon", "coordinates": [ [ [ 101.860296302263222, 2.889221464344004, 0.0 ], [ 101.860325839688841, 2.892141849307318, 0.0 ], [ 101.861043904389447, 2.892217059834491, 0.0 ], [ 101.86130868772922, 2.892396455801461, 0.0 ], [ 101.861318262872942, 2.893365064218944, 0.0 ], [ 101.861496968138454, 2.893542958755102, 0.0 ], [ 101.869869098445733, 2.893346805237324, 0.0 ], [ 101.87037311000789, 2.891967782327655, 0.0 ], [ 101.870546289377884, 2.891388567501556, 0.0 ], [ 101.870637504588686, 2.890581898277495, 0.0 ], [ 101.870284345306047, 2.889432392851331, 0.0 ], [ 101.870256400703312, 2.889072398061389, 0.0 ], [ 101.860296302263222, 2.889221464344004, 0.0 ] ] ] } },
{ "type": "Feature", "properties": { "NAMA": "Taman Medan (PJS 3 & 4)", "LOKASI": null, "DAERAH": "Petaling", "PBT": "MBPJ", "KATEGORI": "Other Industrial Cluster", "MIP": "No", "ALAMAT": "Taman Medan (PJS 3 & 4), Petaling Jaya, Selangor, Malaysia", "AREA_HA": 10.299 }, "geometry": { "type": "Polygon", "coordinates": [ [ [ 101.632055437645079, 3.07559858800375, 0.0 ], [ 101.632246239214112, 3.075580458550184, 0.0 ], [ 101.632590329427657, 3.075546466265416, 0.0 ], [ 101.634642456902853, 3.07534758372798, 0.0 ], [ 101.634762256474104, 3.075227640305064, 0.0 ], [ 101.635051418804252, 3.072212431798663, 0.0 ], [ 101.633653288256838, 3.072679570218144, 0.0 ], [ 101.63185535858014, 3.072779369554117, 0.0 ], [ 101.632055437645079, 3.07559858800375, 0.0 ] ] ] } },
{ "type": "Feature", "properties": { "NAMA": "NCT Smart Industrial Park", "LOKASI": "Banting", "DAERAH": "Kuala Langat", "PBT": "MPKL", "KATEGORI": "Managed Industrial Park (MIP)", "MIP": "Yes", "ALAMAT": "Jalan Langat Lestari, 64000 Sepang, Selangor, Malaysia", "AREA_HA": 399.67 }, "geometry": { "type": "Polygon", "coordinates": [ [ [ 101.601766371797765, 2.750829182834641, 0.0 ], [ 101.633189295479696, 2.750828383673563, 0.0 ], [ 101.633225748605142, 2.745662241359065, 0.0 ], [ 101.633101669713326, 2.740486093324086, 0.0 ], [ 101.601745117511285, 2.740486946112257, 0.0 ], [ 101.601766371797765, 2.750829182834641, 0.0 ] ] ] } },
{ "type": "Feature", "properties": { "NAMA": "Jalan Klang Lama (PJS 5)", "LOKASI": "PJS 5, Petaling Jaya", "DAERAH": "Petaling", "PBT": "MBPJ", "KATEGORI": "Other Industrial Cluster", "MIP": "No", "ALAMAT": "Jalan Klang Lama (PJS 5), Petaling Jaya, Selangor, Malaysia", "AREA_HA": 5.629 }, "geometry": { "type": "MultiPolygon", "coordinates": [ [ [ [ 101.623322327632664, 3.084183907900424, 0.0 ], [ 101.623248943968093, 3.08417655921332, 0.0 ], [ 101.623323174295678, 3.084184503670407, 0.0 ], [ 101.623322327632664, 3.084183907900424, 0.0 ] ] ], [ [ [ 101.620831750761155, 3.082431846516103, 0.0 ], [ 101.623322327632664, 3.084183907900424, 0.0 ], [ 101.624686112813862, 3.084320484817873, 0.0 ], [ 101.624655069639587, 3.083063555742822, 0.0 ], [ 101.624602151094436, 3.082965537528849, 0.0 ], [ 101.62385417706254, 3.08242852812055, 0.0 ], [ 101.620921069735317, 3.082313509113826, 0.0 ], [ 101.620831750761155, 3.082431846516103, 0.0 ] ] ] ] } },
{ "type": "Feature", "properties": { "NAMA": "Bandar Sunway Industrial Park", "LOKASI": "Bandar Sunway, Petaling Jaya", "DAERAH": "Petaling", "PBT": "MBPJ", "KATEGORI": "Industrial Park", "MIP": "No", "ALAMAT": "Bandar Sunway Industrial Park, Petaling Jaya, Selangor, Malaysia", "AREA_HA": 17.499 }, "geometry": { "type": "Polygon", "coordinates": [ [ [ 101.599861020441338, 3.072408995450575, 0.0 ], [ 101.599903129548863, 3.072448958811062, 0.0 ], [ 101.601860019466997, 3.072401000954465, 0.0 ], [ 101.602394955037553, 3.072570095269125, 0.0 ], [ 101.602409879354894, 3.071618006153856, 0.0 ], [ 101.602408968011801, 3.067021983978564, 0.0 ], [ 101.602370907824962, 3.066985094640793, 0.0 ], [ 101.601087100209071, 3.06700904452159, 0.0 ], [ 101.600937894735864, 3.06719898503378, 0.0 ], [ 101.6005959585396, 3.067199051170386, 0.0 ], [ 101.60059594064856, 3.067107986215349, 0.0 ], [ 101.599560956434615, 3.067109005103058, 0.0 ], [ 101.599593040320741, 3.068327050754246, 0.0 ], [ 101.599779029370282, 3.06854405493304, 0.0 ], [ 101.599785023283417, 3.068832989524799, 0.0 ], [ 101.599861020441338, 3.072408995450575, 0.0 ] ] ] } },
{ "type": "Feature", "properties": { "NAMA": "Kawasan Perindustrian SS 13 & PJS 11", "LOKASI": null, "DAERAH": "Petaling", "PBT": "MBSJ", "KATEGORI": "Industrial Area", "MIP": "No", "ALAMAT": "Kawasan Perindustrian SS 13 & PJS 11, Subang Jaya / Puchong, Selangor, Malaysia", "AREA_HA": 0.787 }, "geometry": { "type": "Polygon", "coordinates": [ [ [ 101.607880874841612, 3.054300014371628, 0.0 ], [ 101.607944058286478, 3.054461063883034, 0.0 ], [ 101.60796889999034, 3.054526080636837, 0.0 ], [ 101.608052055641451, 3.05469399901391, 0.0 ], [ 101.608127938682372, 3.054931010223787, 0.0 ], [ 101.608171951307966, 3.055044043342523, 0.0 ], [ 101.608212993680254, 3.055149028467281, 0.0 ], [ 101.608278067554934, 3.055315955752758, 0.0 ], [ 101.608332047378227, 3.055339095715931, 0.0 ], [ 101.60870903336162, 3.055189983618432, 0.0 ], [ 101.608730891447593, 3.055180935759142, 0.0 ], [ 101.608677951954746, 3.054964990946552, 0.0 ], [ 101.608613127000183, 3.054695059646821, 0.0 ], [ 101.608569910568107, 3.054516009779761, 0.0 ], [ 101.608451876393303, 3.054030043254821, 0.0 ], [ 101.607904073398373, 3.0542470154729, 0.0 ], [ 101.607880874841612, 3.054300014371628, 0.0 ] ] ] } },
{ "type": "Feature", "properties": { "NAMA": "Kawasan Perindustrian Bukit Tandang", "LOKASI": null, "DAERAH": "Petaling", "PBT": "MBSJ", "KATEGORI": "Industrial Area", "MIP": "No", "ALAMAT": "Kawasan Perindustrian Bukit Tandang, Subang Jaya / Puchong, Selangor, Malaysia", "AREA_HA": 7.348 }, "geometry": { "type": "Polygon", "coordinates": [ [ [ 101.615981073889046, 3.074281087358558, 0.0 ], [ 101.615981091178298, 3.074362929786421, 0.0 ], [ 101.616037234423985, 3.074401352089986, 0.0 ], [ 101.616381068789821, 3.07443302081313, 0.0 ], [ 101.616490912649326, 3.0744449345536, 0.0 ], [ 101.617032400857184, 3.074521688033056, 0.0 ], [ 101.617094929731735, 3.074561102773001, 0.0 ], [ 101.61747545872457, 3.07454950795935, 0.0 ], [ 101.617709981339445, 3.074533026649786, 0.0 ], [ 101.617985004646044, 3.074603957835986, 0.0 ], [ 101.61815826713331, 3.074600303158588, 0.0 ], [ 101.618494042186796, 3.074805062854318, 0.0 ], [ 101.618891036658198, 3.074806063183828, 0.0 ], [ 101.618889979643313, 3.072387959143134, 0.0 ], [ 101.616197927246446, 3.072387089606075, 0.0 ], [ 101.616161893536301, 3.074280053971803, 0.0 ], [ 101.615981073889046, 3.074281087358558, 0.0 ] ] ] } },
{ "type": "Feature", "properties": { "NAMA": "Kawasan Perusahaan Bandar Baru Brookland", "LOKASI": null, "DAERAH": "Kuala Langat", "PBT": "MPKL", "KATEGORI": "Industrial Area", "MIP": "No", "ALAMAT": "Kawasan Perusahaan Bandar Baru Brookland, Banting, Selangor, Malaysia", "AREA_HA": 55.061 }, "geometry": { "type": "Polygon", "coordinates": [ [ [ 101.607088175218152, 2.824926248823481, 0.0 ], [ 101.607087332705902, 2.82040454449409, 0.0 ], [ 101.604976908789979, 2.820675969025183, 0.0 ], [ 101.604168218218476, 2.822213772470277, 0.0 ], [ 101.604168384464174, 2.823118113511456, 0.0 ], [ 101.603490239913143, 2.823118239372218, 0.0 ], [ 101.603489822329166, 2.820838929039825, 0.0 ], [ 101.601463682387248, 2.820839302413388, 0.0 ], [ 101.60146376776693, 2.821309930630947, 0.0 ], [ 101.599892315942881, 2.82131021782192, 0.0 ], [ 101.599892235379713, 2.820862830224, 0.0 ], [ 101.600377350767275, 2.820862741808268, 0.0 ], [ 101.600376778989187, 2.817692764133712, 0.0 ], [ 101.598992225423302, 2.817446629637259, 0.0 ], [ 101.598366068728851, 2.818597470347478, 0.0 ], [ 101.597193719847979, 2.819050553097148, 0.0 ], [ 101.597194121504785, 2.821310705955316, 0.0 ], [ 101.598482121708656, 2.821310473726221, 0.0 ], [ 101.598482445357476, 2.823119156491928, 0.0 ], [ 101.596748927400967, 2.82311946891522, 0.0 ], [ 101.596749162307731, 2.824442447217573, 0.0 ], [ 101.599453540303656, 2.824927662996672, 0.0 ], [ 101.607088175218152, 2.824926248823481, 0.0 ] ] ] } },
{ "type": "Feature", "properties": { "NAMA": "IOI Industrial Park @ Banting", "LOKASI": "Banting", "DAERAH": "Kuala Langat", "PBT": "MPKL", "KATEGORI": "Industrial Park", "MIP": "No", "ALAMAT": "IOI Industrial Park @ Banting, Banting, Selangor, Malaysia", "AREA_HA": 123.061 }, "geometry": { "type": "Polygon", "coordinates": [ [ [ 101.611108881481073, 2.825039596209173, 0.0 ], [ 101.620515840764284, 2.825037751632693, 0.0 ], [ 101.620515544097685, 2.823538817119748, 0.0 ], [ 101.617879150387864, 2.823539341521981, 0.0 ], [ 101.618203748244738, 2.821306738921044, 0.0 ], [ 101.621477871363581, 2.821306086362164, 0.0 ], [ 101.622356343458875, 2.818200386271437, 0.0 ], [ 101.618528174256141, 2.818201150405689, 0.0 ], [ 101.618528067616978, 2.817656450007084, 0.0 ], [ 101.620333807019151, 2.817656091211416, 0.0 ], [ 101.620333456068295, 2.815876737792182, 0.0 ], [ 101.618563833672354, 2.815877089217186, 0.0 ], [ 101.61856327974678, 2.813044647525118, 0.0 ], [ 101.615024044394971, 2.813045341575473, 0.0 ], [ 101.613362909362834, 2.8137719305464, 0.0 ], [ 101.612062988047825, 2.814861582352176, 0.0 ], [ 101.611107206287144, 2.816205360060408, 0.0 ], [ 101.611108881481073, 2.825039596209173, 0.0 ] ] ] } },
{ "type": "Feature", "properties": { "NAMA": "Kawasan Perindustrian Selaman, Bangi", "LOKASI": null, "DAERAH": "Hulu Langat", "PBT": "MPKj", "KATEGORI": "Industrial Area", "MIP": "No", "ALAMAT": "Kawasan Perindustrian Selaman, Bangi, Bangi, Selangor, Malaysia", "AREA_HA": 34.507 }, "geometry": { "type": "Polygon", "coordinates": [ [ [ 101.743421877600611, 2.976311891361879, 0.0 ], [ 101.743446567558593, 2.97757586126711, 0.0 ], [ 101.745426673577654, 2.981458493280481, 0.0 ], [ 101.747203823310159, 2.981884123326087, 0.0 ], [ 101.748188273324132, 2.9819140960549, 0.0 ], [ 101.748882750212246, 2.981494170019064, 0.0 ], [ 101.749389194162077, 2.980423280419749, 0.0 ], [ 101.7495686337123, 2.97788649277407, 0.0 ], [ 101.749569774438953, 2.976414519243763, 0.0 ], [ 101.749513631662452, 2.976375471655776, 0.0 ], [ 101.74687739588785, 2.976342602748963, 0.0 ], [ 101.746003737739287, 2.97592707743342, 0.0 ], [ 101.745753974812487, 2.976312221239506, 0.0 ], [ 101.743421877600611, 2.976311891361879, 0.0 ] ] ] } },
{ "type": "Feature", "properties": { "NAMA": "Kawasan Perindustrian Bandar (MIEL) Baru Bangi, Seksyen 13", "LOKASI": null, "DAERAH": "Hulu Langat", "PBT": "MPKj", "KATEGORI": "Industrial Area", "MIP": "No", "ALAMAT": "Kawasan Perindustrian Bandar (MIEL) Baru Bangi, Seksyen 13, Bangi, Selangor, Malaysia", "AREA_HA": 74.784 }, "geometry": { "type": "Polygon", "coordinates": [ [ [ 101.743421877600611, 2.976311891361879, 0.0 ], [ 101.745753974812487, 2.976312221239506, 0.0 ], [ 101.746003737739287, 2.97592707743342, 0.0 ], [ 101.74687739588785, 2.976342602748963, 0.0 ], [ 101.749513631662452, 2.976375471655776, 0.0 ], [ 101.749637049317585, 2.975832382716018, 0.0 ], [ 101.749561826683006, 2.966055093438345, 0.0 ], [ 101.744328012550966, 2.966052181866116, 0.0 ], [ 101.743519679433561, 2.970358160371198, 0.0 ], [ 101.743421877600611, 2.976311891361879, 0.0 ] ] ] } },
{ "type": "Feature", "properties": { "NAMA": "Taman Industri Kecil dan Sederhana Seksyen 9, Bangi", "LOKASI": null, "DAERAH": "Hulu Langat", "PBT": "MPKj", "KATEGORI": "Industrial Park", "MIP": "No", "ALAMAT": "Taman Industri Kecil dan Sederhana Seksyen 9, Bangi, Bangi, Selangor, Malaysia", "AREA_HA": 16.716 }, "geometry": { "type": "Polygon", "coordinates": [ [ [ 101.747207967613207, 2.965448243665566, 0.0 ], [ 101.747248998553232, 2.965489286794155, 0.0 ], [ 101.74858072875864, 2.965498347549165, 0.0 ], [ 101.749522428110879, 2.965221678335917, 0.0 ], [ 101.749739707437953, 2.964534319429656, 0.0 ], [ 101.749889382448842, 2.964242623996198, 0.0 ], [ 101.749996451869791, 2.964053041951163, 0.0 ], [ 101.750316362009642, 2.963634324085742, 0.0 ], [ 101.751247068563018, 2.962752299756752, 0.0 ], [ 101.751173530304811, 2.962326657123533, 0.0 ], [ 101.751109537754942, 2.962211376421033, 0.0 ], [ 101.751088592684141, 2.961698901096565, 0.0 ], [ 101.751049715031172, 2.961640765618302, 0.0 ], [ 101.750891558346765, 2.961569736484612, 0.0 ], [ 101.750287542334746, 2.96130460572395, 0.0 ], [ 101.749979885126848, 2.961226391671223, 0.0 ], [ 101.747351791653429, 2.961227067404665, 0.0 ], [ 101.747207256381557, 2.961556108695975, 0.0 ], [ 101.747197669264139, 2.961953291562523, 0.0 ], [ 101.747207967613207, 2.965448243665566, 0.0 ] ] ] } },
{ "type": "Feature", "properties": { "NAMA": "Kawasan Industri Bolton", "LOKASI": "Batu Caves, Gombak", "DAERAH": "Gombak", "PBT": "MPS", "KATEGORI": "Industrial Area", "MIP": "No", "ALAMAT": "Kawasan Industri Bolton, Gombak, Selangor, Malaysia", "AREA_HA": 7.866 }, "geometry": { "type": "Polygon", "coordinates": [ [ [ 101.693742044084729, 3.245862321508088, 0.0 ], [ 101.694162424454774, 3.24626293159516, 0.0 ], [ 101.694662316213027, 3.24625082206209, 0.0 ], [ 101.694851817411845, 3.246063840034298, 0.0 ], [ 101.69733465996309, 3.245973853853592, 0.0 ], [ 101.697301842306302, 3.24432783721085, 0.0 ], [ 101.696403410028793, 3.244345818438674, 0.0 ], [ 101.696847397635253, 3.243684886371564, 0.0 ], [ 101.696207752033175, 3.24302569031876, 0.0 ], [ 101.693742044084729, 3.245862321508088, 0.0 ] ] ] } },
{ "type": "Feature", "properties": { "NAMA": "Kawasan Industri Selayang Indah", "LOKASI": null, "DAERAH": "Gombak", "PBT": "MPS", "KATEGORI": "Industrial Area", "MIP": "No", "ALAMAT": "Kawasan Industri Selayang Indah, Selayang, Selangor, Malaysia", "AREA_HA": 13.79 }, "geometry": { "type": "Polygon", "coordinates": [ [ [ 101.655603826275581, 3.247240140612136, 0.0 ], [ 101.655603890790189, 3.24748624601571, 0.0 ], [ 101.656142859481236, 3.24814432823063, 0.0 ], [ 101.66156358567676, 3.244760038099543, 0.0 ], [ 101.663856709388654, 3.245757875002561, 0.0 ], [ 101.664476377342325, 3.244524762180475, 0.0 ], [ 101.664055444711437, 3.24452487717652, 0.0 ], [ 101.663617619654929, 3.244319480372103, 0.0 ], [ 101.663297646937792, 3.244082644811392, 0.0 ], [ 101.662573518545841, 3.24362095053721, 0.0 ], [ 101.661156946733755, 3.243829379737722, 0.0 ], [ 101.655603753272445, 3.246961631237034, 0.0 ], [ 101.655603826275581, 3.247240140612136, 0.0 ] ] ] } },
{ "type": "Feature", "properties": { "NAMA": "Kawasan Industri Taman Selayang Baru", "LOKASI": null, "DAERAH": "Gombak", "PBT": "MPS", "KATEGORI": "Industrial Area", "MIP": "No", "ALAMAT": "Kawasan Industri Taman Selayang Baru, Selayang, Selangor, Malaysia", "AREA_HA": 2.488 }, "geometry": { "type": "Polygon", "coordinates": [ [ [ 101.669661002250777, 3.246812694888923, 0.0 ], [ 101.669680836677841, 3.246898701043012, 0.0 ], [ 101.67020861423353, 3.247225562922953, 0.0 ], [ 101.6704173650445, 3.247305931130271, 0.0 ], [ 101.67078904030663, 3.247540024966738, 0.0 ], [ 101.671115186701016, 3.24774545512703, 0.0 ], [ 101.671382162163496, 3.247841280776585, 0.0 ], [ 101.671641316013734, 3.24741869904403, 0.0 ], [ 101.671754830705055, 3.247339135923758, 0.0 ], [ 101.671832055367602, 3.247196727578302, 0.0 ], [ 101.671823995546603, 3.247148704529289, 0.0 ], [ 101.670931953776446, 3.246464840387739, 0.0 ], [ 101.670747971873055, 3.2463276707436, 0.0 ], [ 101.670219872170918, 3.245924658333136, 0.0 ], [ 101.670109935599029, 3.245967634726972, 0.0 ], [ 101.669661002250777, 3.246812694888923, 0.0 ] ] ] } },
{ "type": "Feature", "properties": { "NAMA": "Kawasan Industri Ringan Prima Selayang", "LOKASI": null, "DAERAH": "Gombak", "PBT": "MPS", "KATEGORI": "Industrial Area", "MIP": "No", "ALAMAT": "Kawasan Industri Ringan Prima Selayang, Selayang, Selangor, Malaysia", "AREA_HA": 26.568 }, "geometry": { "type": "Polygon", "coordinates": [ [ [ 101.645052943491322, 3.25184557551909, 0.0 ], [ 101.647227714875072, 3.252228756794454, 0.0 ], [ 101.647588858399672, 3.252468919394703, 0.0 ], [ 101.647747137701998, 3.252630606511084, 0.0 ], [ 101.649127636293031, 3.251527129215682, 0.0 ], [ 101.649678574422126, 3.251379092250352, 0.0 ], [ 101.65017723060032, 3.251658758297963, 0.0 ], [ 101.650362107042127, 3.252107620090001, 0.0 ], [ 101.650801071231029, 3.252414760399663, 0.0 ], [ 101.651356396895537, 3.252643227714907, 0.0 ], [ 101.652129425333257, 3.252751830187397, 0.0 ], [ 101.652534861048522, 3.253014233974632, 0.0 ], [ 101.654923806083218, 3.25236462184718, 0.0 ], [ 101.653290054365101, 3.249572576429367, 0.0 ], [ 101.653174199288372, 3.249374254581521, 0.0 ], [ 101.652949017145957, 3.24915496736416, 0.0 ], [ 101.652103269639767, 3.249476603403048, 0.0 ], [ 101.651564082432785, 3.249487621554621, 0.0 ], [ 101.651090259245294, 3.249616203488229, 0.0 ], [ 101.649212879754003, 3.249794629702487, 0.0 ], [ 101.647185928786968, 3.250077621593663, 0.0 ], [ 101.646142036723518, 3.250416400046364, 0.0 ], [ 101.645483001609293, 3.250957569098868, 0.0 ], [ 101.645052943491322, 3.25184557551909, 0.0 ] ] ] } },
{ "type": "Feature", "properties": { "NAMA": "Kawasan Industri KIP (Kepong)", "LOKASI": null, "DAERAH": "Gombak", "PBT": "MPS", "KATEGORI": "Industrial Area", "MIP": "No", "ALAMAT": "Kawasan Industri KIP (Kepong), Gombak / Rawang, Selangor, Malaysia", "AREA_HA": 36.94 }, "geometry": { "type": "Polygon", "coordinates": [ [ [ 101.649450749470645, 3.206546839886018, 0.0 ], [ 101.649605582231587, 3.206546800318959, 0.0 ], [ 101.650929498761087, 3.205860799511383, 0.0 ], [ 101.651971586701634, 3.207706025991165, 0.0 ], [ 101.652466132657267, 3.208557664566482, 0.0 ], [ 101.653949787139993, 3.208354343345505, 0.0 ], [ 101.654443225662106, 3.20770538521684, 0.0 ], [ 101.655307999455019, 3.206545326695332, 0.0 ], [ 101.655748439884619, 3.205344941478448, 0.0 ], [ 101.655607549314666, 3.204315759762622, 0.0 ], [ 101.655342539866865, 3.203570533350982, 0.0 ], [ 101.653665080306951, 3.202470770979198, 0.0 ], [ 101.65285309135507, 3.202928638965564, 0.0 ], [ 101.65232323634163, 3.202062980499296, 0.0 ], [ 101.651828969862024, 3.202293794725616, 0.0 ], [ 101.651475771802893, 3.201868001458535, 0.0 ], [ 101.651475811667524, 3.202024662438956, 0.0 ], [ 101.65124902793734, 3.202024720719114, 0.0 ], [ 101.65124910541445, 3.20232943344731, 0.0 ], [ 101.651249150537197, 3.202506885012805, 0.0 ], [ 101.651034627185439, 3.202719882180348, 0.0 ], [ 101.650805172095914, 3.202929166336221, 0.0 ], [ 101.650349546597738, 3.20292928310775, 0.0 ], [ 101.649449835298228, 3.202929513095695, 0.0 ], [ 101.64855042424719, 3.204122383185784, 0.0 ], [ 101.648550522553734, 3.204512776880528, 0.0 ], [ 101.648550579375708, 3.204738405847084, 0.0 ], [ 101.64855074602211, 3.205400033951157, 0.0 ], [ 101.649450749470645, 3.206546839886018, 0.0 ] ] ] } },
{ "type": "Feature", "properties": { "NAMA": "Kawasan Industri Ringan Taman Kencana", "LOKASI": null, "DAERAH": "Gombak", "PBT": "MPAJ", "KATEGORI": "Industrial Area", "MIP": "No", "ALAMAT": "Kawasan Industri Ringan Taman Kencana, Gombak / Rawang, Selangor, Malaysia", "AREA_HA": 9.364 }, "geometry": { "type": "Polygon", "coordinates": [ [ [ 101.74697143794512, 3.119163613714047, 0.0 ], [ 101.749479554718164, 3.119200554615439, 0.0 ], [ 101.750118792850643, 3.118011780632639, 0.0 ], [ 101.750509077730982, 3.117284840410274, 0.0 ], [ 101.750481245607688, 3.117187182947531, 0.0 ], [ 101.748519645542743, 3.11630225211394, 0.0 ], [ 101.748026551670634, 3.116293558647964, 0.0 ], [ 101.747932122959483, 3.116391438922689, 0.0 ], [ 101.748034897143029, 3.117027686723898, 0.0 ], [ 101.747877608625586, 3.117199110135886, 0.0 ], [ 101.747164177779737, 3.116878951760943, 0.0 ], [ 101.746929487711441, 3.117220143279582, 0.0 ], [ 101.74697143794512, 3.119163613714047, 0.0 ] ] ] } },
{ "type": "Feature", "properties": { "NAMA": "Kawasan Perindustrian Ehsan Jaya", "LOKASI": "Gombak, Selangor", "DAERAH": "Gombak", "PBT": "MPS", "KATEGORI": "Industrial Area", "MIP": "No", "ALAMAT": "Kawasan Industri Bukit Desa, Gombak, Selangor, Malaysia", "AREA_HA": 20.264 }, "geometry": { "type": "Polygon", "coordinates": [ [ [ 101.617199457145091, 3.210582017072626, 0.0 ], [ 101.619916438337128, 3.2106215650108, 0.0 ], [ 101.620126268360266, 3.212327744070892, 0.0 ], [ 101.620469799434218, 3.215600907850024, 0.0 ], [ 101.621650398749225, 3.214988101956469, 0.0 ], [ 101.621973251313477, 3.211025682985356, 0.0 ], [ 101.621900671044372, 3.210785314835208, 0.0 ], [ 101.621682742540997, 3.210642914124478, 0.0 ], [ 101.621646615672574, 3.208788563873004, 0.0 ], [ 101.621293524175101, 3.208774587204301, 0.0 ], [ 101.61995133370155, 3.208682562215772, 0.0 ], [ 101.61931576286743, 3.208702762871175, 0.0 ], [ 101.618091684469988, 3.208500149234501, 0.0 ], [ 101.617210815851195, 3.208129475076562, 0.0 ], [ 101.617199457145091, 3.210582017072626, 0.0 ] ] ] } },
{ "type": "Feature", "properties": { "NAMA": "Kawasan Perindustrian Sungai Tangkas", "LOKASI": null, "DAERAH": "Hulu Langat", "PBT": "MPKj", "KATEGORI": "Industrial Area", "MIP": "No", "ALAMAT": "Kawasan Perindustrian Sungai Tangkas, Kajang, Selangor, Malaysia", "AREA_HA": 2.165 }, "geometry": { "type": "Polygon", "coordinates": [ [ [ 101.785990696432066, 2.946224497659476, 0.0 ], [ 101.787086359848331, 2.946425779938394, 0.0 ], [ 101.785978083205592, 2.944136961166703, 0.0 ], [ 101.785387222847604, 2.944441567767278, 0.0 ], [ 101.785990696432066, 2.946224497659476, 0.0 ] ] ] } },
{ "type": "Feature", "properties": { "NAMA": "Kawasan Industri Usaha Ehsan", "LOKASI": null, "DAERAH": "Gombak", "PBT": "MPS", "KATEGORI": "Industrial Area", "MIP": "No", "ALAMAT": "Kawasan Industri Usaha Ehsan, Gombak / Rawang, Selangor, Malaysia", "AREA_HA": 25.185 }, "geometry": { "type": "Polygon", "coordinates": [ [ [ 101.614873004735429, 3.217887514743168, 0.0 ], [ 101.615806583265623, 3.219753629299979, 0.0 ], [ 101.616701581778059, 3.219389735395766, 0.0 ], [ 101.617358556666758, 3.219159886664043, 0.0 ], [ 101.61774898254599, 3.219245936750293, 0.0 ], [ 101.618053835531015, 3.219896688093736, 0.0 ], [ 101.618365953653907, 3.221269022933383, 0.0 ], [ 101.618681221049471, 3.221473322536931, 0.0 ], [ 101.621222488263456, 3.217960498649281, 0.0 ], [ 101.622376760350193, 3.21632307341356, 0.0 ], [ 101.622686010436396, 3.215365914287397, 0.0 ], [ 101.621495756001508, 3.215390114356215, 0.0 ], [ 101.621302203397335, 3.215230145416424, 0.0 ], [ 101.620956567718565, 3.215452079888575, 0.0 ], [ 101.620792908314272, 3.215833227216465, 0.0 ], [ 101.620640689906367, 3.216431442042326, 0.0 ], [ 101.620355151243359, 3.216981832800783, 0.0 ], [ 101.619769445677136, 3.216551276255522, 0.0 ], [ 101.619402778650425, 3.216254662071291, 0.0 ], [ 101.618950524521537, 3.21645575302834, 0.0 ], [ 101.618484326566701, 3.216151239970408, 0.0 ], [ 101.615660089722212, 3.217523343782027, 0.0 ], [ 101.614873004735429, 3.217887514743168, 0.0 ] ] ] } },
{ "type": "Feature", "properties": { "NAMA": "Kawasan Perindustrian Seksyen 16", "LOKASI": "Shah Alam", "DAERAH": "Petaling", "PBT": "MBSA", "KATEGORI": "Industrial Area", "MIP": null, "ALAMAT": "Kawasan Perindustrian Seksyen 16, 40200 Shah Alam, Selangor", "AREA_HA": 134.162 }, "geometry": { "type": "MultiPolygon", "coordinates": [ [ [ [ 101.510469546093688, 3.058564505926459, 0.0 ], [ 101.512043977408538, 3.053575780575265, 0.0 ], [ 101.511953949113106, 3.053348566038363, 0.0 ], [ 101.510895103354059, 3.053032574449994, 0.0 ], [ 101.510528980559897, 3.053021203263198, 0.0 ], [ 101.508030878879111, 3.0526002151744, 0.0 ], [ 101.507258174115364, 3.052512660087391, 0.0 ], [ 101.506982595573803, 3.052510429618805, 0.0 ], [ 101.505812371954747, 3.052502120350533, 0.0 ], [ 101.505828735231205, 3.054334278943656, 0.0 ], [ 101.505808967917446, 3.055702033872935, 0.0 ], [ 101.505550157938643, 3.056569635157039, 0.0 ], [ 101.505571806121651, 3.057242001869402, 0.0 ], [ 101.505658177335803, 3.057892671780496, 0.0 ], [ 101.50618588975594, 3.058912316364421, 0.0 ], [ 101.507513699330985, 3.058304565414893, 0.0 ], [ 101.508657118715192, 3.0576537579108, 0.0 ], [ 101.508851320508583, 3.057870629851097, 0.0 ], [ 101.509671303257534, 3.058955004213968, 0.0 ], [ 101.510469546093688, 3.058564505926459, 0.0 ] ] ], [ [ [ 101.491363171575472, 3.062411860893025, 0.0 ], [ 101.498781908670281, 3.061575250745863, 0.0 ], [ 101.500302075119251, 3.061595856213578, 0.0 ], [ 101.501382663947339, 3.06140167945043, 0.0 ], [ 101.502615788173074, 3.061099617313265, 0.0 ], [ 101.502784992379233, 3.059027751536805, 0.0 ], [ 101.502867843561503, 3.056226264140508, 0.0 ], [ 101.502798134205605, 3.055880333655837, 0.0 ], [ 101.502497403579028, 3.055203592287965, 0.0 ], [ 101.502239080987252, 3.054452500378301, 0.0 ], [ 101.502108836642947, 3.052621257875954, 0.0 ], [ 101.501989252592622, 3.051994326379881, 0.0 ], [ 101.49867380224191, 3.052415669227534, 0.0 ], [ 101.497655904706207, 3.052510130189102, 0.0 ], [ 101.497740064244638, 3.055123871015042, 0.0 ], [ 101.496896246069937, 3.055124297337982, 0.0 ], [ 101.493973344009703, 3.058033394506542, 0.0 ], [ 101.493709554830446, 3.058298845683283, 0.0 ], [ 101.493705950162592, 3.058233654725842, 0.0 ], [ 101.49101486173079, 3.058347825767491, 0.0 ], [ 101.49115149453759, 3.061142338543866, 0.0 ], [ 101.491192756910309, 3.061141955678556, 0.0 ], [ 101.491206118852062, 3.061725064263014, 0.0 ], [ 101.491347068306709, 3.062405712909985, 0.0 ], [ 101.491363171575472, 3.062411860893025, 0.0 ] ] ] ] } },
{ "type": "Feature", "properties": { "NAMA": "Elmina Business Park", "LOKASI": "Sg.Buloh, Shah Alam", "DAERAH": "Petaling", "PBT": "MBSA", "KATEGORI": "Managed Industrial Park (MIP)", "MIP": "Yes", "ALAMAT": "Elmina Business Park, 47000 Sungai Buloh, Selangor, Malaysia", "AREA_HA": 191.924 }, "geometry": { "type": "Polygon", "coordinates": [ [ [ 101.5151223421108, 3.228261241609078, 0.0 ], [ 101.517800663824616, 3.229875999701537, 0.0 ], [ 101.520121833814144, 3.230892613372855, 0.0 ], [ 101.524169063456725, 3.233045540427359, 0.0 ], [ 101.52535948757378, 3.234122110272228, 0.0 ], [ 101.528156437709924, 3.232566453308159, 0.0 ], [ 101.528156250429788, 3.231190632274674, 0.0 ], [ 101.527977351098741, 3.228558651227079, 0.0 ], [ 101.528274407304792, 3.224790056723168, 0.0 ], [ 101.528571698029253, 3.222756193126855, 0.0 ], [ 101.527500262519268, 3.221320700244243, 0.0 ], [ 101.523512900185864, 3.221560509706843, 0.0 ], [ 101.522322438771141, 3.220065208388533, 0.0 ], [ 101.522024531358483, 3.217433240597605, 0.0 ], [ 101.521369794594975, 3.216715505978184, 0.0 ], [ 101.516906619718199, 3.219168629639809, 0.0 ], [ 101.515419069431104, 3.221441913181172, 0.0 ], [ 101.514526654849831, 3.223774939589397, 0.0 ], [ 101.514467566305086, 3.227244411048855, 0.0 ], [ 101.515062798898953, 3.228021975648036, 0.0 ], [ 101.5151223421108, 3.228261241609078, 0.0 ] ] ] } }
]
}
