{"type":"FeatureCollection","name":"sempadan_pbt_selangor_2024","crs":{"type":"name","properties":{"name":"urn:ogc:def:crs:OGC:1.3:CRS84"}},"features":[{"type":"Feature","properties":{"OBJECTID":12,"KATEGORI":"Majlis Daerah","NAMA_PBT":"Majlis Daerah Sabak Bernam","Shape_area":99812.0921815,"web_name":"Majlis Daerah Sabak Bernam","web_type":"Majlis Daerah","web_area":99812.0921815},"geometry":{"type":"Polygon","coordinates":[[[100.9655727533296,3.827520842225749],[100.96938492882474,3.825764129457679],[100.97340018047863,3.822727431016648],[100.97616463040636,3.820096858111899],[100.97753513219952,3.818374811852176],[100.97838154421983,3.816724291135763],[100.97900202181428,3.814308013697637],[100.97899219173881,3.809917499321152],[100.97811197136687,3.807536393330575],[100.97692181478324,3.805741337027525],[100.97415975370053,3.803490919325104],[100.96466947358967,3.799347012062738],[100.96203819008468,3.797670859869413],[100.9603120186841,3.796102820628167],[100.95921709076866,3.794511167230481],[100.95844666757553,3.791804703279796],[100.95797706376855,3.787709459954168],[100.95803163974274,3.78572478957595],[100.95825420125077,3.783621766974905],[100.95914497366321,3.781364751028545],[100.96265831668197,3.776062713938222],[100.96812479656035,3.771237026404953],[100.97141258203513,3.769697750759525],[100.97399949957178,3.769368806868842],[100.9774484341573,3.769537935696842],[100.97988251940554,3.770036758654675],[100.98306423005984,3.771181941390607],[100.98401173580137,3.772259077942616],[100.984601910552,3.773431753067147],[100.98490143157471,3.774733495592539],[100.98508626432476,3.787094021255134],[100.98535631975524,3.790305085872509],[100.98633136480451,3.793683965646287],[100.98772616131404,3.795948064851646],[100.98944979851278,3.797953908711071],[100.99166892084877,3.799912125764031],[100.99298338247706,3.800793228085522],[100.99448853966668,3.80138251243592],[100.99662757816412,3.80138349091315],[101.00287428136257,3.798931452994283],[101.00475135778467,3.798788733700633],[101.00628528286329,3.798971259079437],[101.00817149223239,3.799728175533981],[101.01361045897686,3.803238203356641],[101.01925489749028,3.805398829044438],[101.02202729823897,3.806022109479734],[101.02463336406102,3.805688246195356],[101.02576268762554,3.805095344281348],[101.02703040196535,3.803937830737453],[101.02930422211112,3.80060341316032],[101.03097340786702,3.796273388352898],[101.03105045325222,3.794277938771697],[101.03032215846412,3.79284203770246],[101.02999826259123,3.792712699031627],[101.02720806131309,3.789156035249148],[101.02577993146035,3.786633568633806],[101.02570903519987,3.785284076925572],[101.02595248329506,3.784111774397739],[101.02702961588892,3.782935035950999],[101.02901154442009,3.782586534824914],[101.0304644029515,3.782907755733602],[101.03304579254755,3.784492766967304],[101.03585137871849,3.785379204688628],[101.04254451233723,3.785812595585794],[101.04529739379915,3.787498133814053],[101.05237729612858,3.793894535321378],[101.05368234191704,3.794622415665691],[101.05688317664475,3.796068828292789],[101.05852205737337,3.79587804506644],[101.0599517029177,3.794682256921856],[101.0608576443432,3.792596193044373],[101.06032517284054,3.789705643214695],[101.05576569284591,3.784903565799116],[101.05504151542429,3.783708594284076],[101.05402096609924,3.781242736790673],[101.0538313071368,3.778907417000561],[101.05449916722343,3.776515004808967],[101.05784566595298,3.770544182829727],[101.0583992579973,3.767931596175858],[101.05818227218593,3.762236953502491],[101.05759238646161,3.760054611564261],[101.0571625710965,3.75649751296464],[101.05753131647118,3.754523698576346],[101.05830702872615,3.753429345679851],[101.0592147603374,3.752794435129561],[101.06014732704077,3.752622515189951],[101.06120474212177,3.752985403765435],[101.06274426995495,3.753933480639266],[101.06339776573962,3.754820210966012],[101.0640369037779,3.755889975112496],[101.06453847390848,3.7618335647196],[101.06563104884378,3.763772038015992],[101.06648464307544,3.764633718120416],[101.06856019811356,3.765381000996173],[101.07490157115129,3.766632295225446],[101.07742710694038,3.767975497115865],[101.07981351332118,3.770283190601037],[101.08227087514982,3.775894891875152],[101.08482432754366,3.779257504923575],[101.0889797227001,3.782441218464753],[101.08999199241877,3.782615038448799],[101.09140353545205,3.781921648757904],[101.09210049798564,3.781210066388769],[101.09245211786147,3.780378731036],[101.09237536530122,3.778434652801802],[101.09153647508062,3.776251045020908],[101.09000090122244,3.773989434380439],[101.08760261767661,3.769610001307076],[101.08750228033539,3.767013909906277],[101.08789566959068,3.765925377536104],[101.08879519987144,3.764872910205287],[101.08952787632033,3.764167322759112],[101.09185660254562,3.762935892416606],[101.0939056125095,3.761219842525546],[101.09550212538295,3.759294274902421],[101.09698561085489,3.757009763564894],[101.10079305555603,3.753360996031029],[101.10179394520796,3.751820438970073],[101.10189915514502,3.750571493198859],[101.10048023718439,3.748518102957333],[101.09964194244132,3.748154137467281],[101.09912266117458,3.748264028421829],[101.09780768704039,3.748833048711685],[101.09612090345263,3.750114961208654],[101.09460000250185,3.75391402672107],[101.09295602125702,3.755363433935984],[101.08578105150109,3.75754787298331],[101.0807408150493,3.758034208036285],[101.07585269609899,3.759410643952887],[101.0747522876749,3.759343252048563],[101.07398090974498,3.758357190315797],[101.0739480836793,3.756907216547737],[101.07466303866138,3.75581641457991],[101.07658440290395,3.751400224236298],[101.07966846597668,3.745917306101876],[101.07968312511873,3.744869318185075],[101.07314603951255,3.735171849587246],[101.07285633555269,3.732716857965965],[101.07299979021342,3.731190381462774],[101.07333824497896,3.730525339073271],[101.07428653410783,3.729602106471886],[101.07578734410244,3.728836986995814],[101.0773023175296,3.728425986206545],[101.07805970953908,3.728488464788005],[101.08032670014286,3.729886590591517],[101.08059328081063,3.730408288542636],[101.08076407708957,3.732399057849677],[101.08121153171767,3.733337145519427],[101.08126345666356,3.734700990978515],[101.08214972611417,3.737289863118035],[101.08236205290606,3.739898276144618],[101.08310965883162,3.740735975874223],[101.08394268117667,3.742530776682209],[101.08573841601573,3.743038650109486],[101.08871611229867,3.741891192354097],[101.09056927363625,3.741628632457426],[101.09255076195635,3.742232262746882],[101.09505099839852,3.744324311580034],[101.09666086211982,3.745124007941277],[101.09783272583357,3.745143541092142],[101.09892857840579,3.744531379219604],[101.09919074854783,3.744024217568817],[101.09948198464856,3.742043172844767],[101.0995408414812,3.736884567824319],[101.09982242840275,3.735262421722685],[101.10001322788641,3.734487255346205],[101.1005327054893,3.733750480180118],[101.10190500791181,3.732597657655071],[101.10464886442662,3.732584196739298],[101.10622066994996,3.733187662225933],[101.10679684052032,3.733905653553105],[101.10704430077985,3.73468574854107],[101.10701527734257,3.736068710985884],[101.10573705981129,3.740925447300698],[101.10602689602206,3.743256015614618],[101.10667431463321,3.744639196642986],[101.10767430578812,3.745845432395769],[101.11050826425043,3.747253240074118],[101.11171363231931,3.746779872395971],[101.11231882627578,3.746134039513316],[101.11640290088152,3.741029332522169],[101.11918147399773,3.736618080068621],[101.12061075914532,3.735996421000057],[101.12203497911673,3.73636533062272],[101.12312076029384,3.737466297703588],[101.12373477733111,3.739112653447576],[101.12356096064478,3.740631733813613],[101.1222850025732,3.744467046893363],[101.12278433858494,3.74728578499354],[101.1231699910752,3.747974996547824],[101.1258511166236,3.750803966514486],[101.12774140020527,3.753891102663054],[101.1302409149558,3.758820786656976],[101.13129255460797,3.762749892862152],[101.13206400323571,3.763726338128858],[101.13285473952826,3.763913201375327],[101.13370778888002,3.76278410359576],[101.13416072772543,3.761482613976498],[101.13482977525943,3.754170752425359],[101.13526365769623,3.752850114485038],[101.13703148982209,3.751161388747964],[101.14318244001517,3.747684172940173],[101.14427873487963,3.747302589569168],[101.14494054474565,3.74662231168337],[101.14510744550043,3.746005043959177],[101.14490278395773,3.745363745421482],[101.14409798596274,3.744401658032631],[101.14107816789759,3.743103967183448],[101.14014466330796,3.74247203130396],[101.13934934744917,3.741696572569498],[101.13763514249354,3.739169399923064],[101.13374057981237,3.736515017636331],[101.13375030633392,3.735825925768826],[101.13459382376735,3.734605899452744],[101.13905273139528,3.734119075166212],[101.14033425023645,3.733765321834897],[101.14520320855911,3.731881249829774],[101.15193035314071,3.728518969359587],[101.15273072266565,3.728208135243516],[101.15368340994274,3.728337596937622],[101.15442154726159,3.729175237665317],[101.15452606637842,3.730232836381401],[101.15337253455024,3.732993695486056],[101.15204702450364,3.737539455012968],[101.1507772423214,3.740032200699388],[101.15068536691076,3.741319654663817],[101.15112148984838,3.74267392261995],[101.1524977828763,3.744210405244865],[101.15374095122762,3.744794558249343],[101.15485569082587,3.744665652552159],[101.15550362845106,3.744383488296759],[101.15634233833114,3.743249575489219],[101.15665313448956,3.738861457908065],[101.15731610302397,3.735741560794418],[101.1597560275329,3.732134019925036],[101.16079500271857,3.730181852159983],[101.16171971898117,3.727947315136593],[101.16202041035528,3.725669546991103],[101.16233969124247,3.725200661210947],[101.1633016561077,3.725042754817487],[101.16385916637532,3.725636523052032],[101.16403511898729,3.726818559905183],[101.1640653784057,3.734594985084646],[101.16525059775834,3.742620232053208],[101.163920515725,3.74658697819753],[101.16378202906071,3.747912495264946],[101.16427244724258,3.748869699618358],[101.16478208964277,3.749166524964476],[101.16570146964034,3.749238541769129],[101.16677347623835,3.748568861084913],[101.16736702555957,3.746909428641019],[101.167890069867,3.741065652175871],[101.1683956731932,3.738452956219716],[101.16930612610899,3.736070060216889],[101.17096441643572,3.733883550538875],[101.17147444388442,3.732591621262667],[101.17139758449866,3.730681432654422],[101.17048700034508,3.728825669780067],[101.17052649424168,3.728039678754895],[101.17085892396157,3.727357842940722],[101.17149491973979,3.727135480109185],[101.17334894382977,3.727990130896893],[101.17878986441904,3.729294276370608],[101.18590652914361,3.730056832697619],[101.18803575064806,3.730566968569746],[101.18981836436029,3.731328254100471],[101.19080442589453,3.731367957314976],[101.19130468360223,3.731023521608577],[101.19136554736745,3.730452876453873],[101.19058330634189,3.72963439636334],[101.18644035116644,3.727937583141371],[101.18499016439641,3.726906486632441],[101.17683074872691,3.716841951689178],[101.17590402838944,3.714802762909207],[101.17477499410175,3.715118324883287],[101.17386733487119,3.715965118466968],[101.17287360306366,3.718154193243858],[101.17170140031052,3.719657714585979],[101.17125475465669,3.719908837235115],[101.1706081389043,3.719754347784057],[101.17033203102017,3.719029291872594],[101.17063319027075,3.714741653093641],[101.17132893627726,3.713641184590767],[101.17360631316456,3.71195250006851],[101.17508711884382,3.70970252823483],[101.17675892454524,3.710481755979129],[101.1824702650147,3.716085619219929],[101.1852029101964,3.717992041880658],[101.188882517106,3.719048067963424],[101.19034670594476,3.721750954988782],[101.19102188396327,3.722013108132523],[101.19275462163381,3.722070921897804],[101.19337280247888,3.721586537984797],[101.19334432641521,3.721109187884246],[101.19212622190675,3.720304968358045],[101.19196201208324,3.719705560090263],[101.19343781761269,3.718381529981399],[101.19451330749698,3.717846999968633],[101.19598878979903,3.717976531026096],[101.19769676818218,3.716842763943389],[101.19757455336668,3.720291816243508],[101.19652723837024,3.722692662837892],[101.19621957199493,3.72460197058488],[101.19655856266327,3.726511420201461],[101.19757652345476,3.727706797032951],[101.19961666274669,3.727122224672383],[101.20096715394804,3.727075857626642],[101.20129947609753,3.72678880466268],[101.2010388328294,3.726017102656547],[101.1997207553455,3.724857555483756],[101.19913504765583,3.723859672543749],[101.2002499972258,3.722589388592962],[101.20036801726565,3.722018754658603],[101.19995390010104,3.720547154198612],[101.20060419336237,3.720235046348488],[101.20125761945708,3.721997411000912],[101.20150207780922,3.722336907838707],[101.20188791691116,3.722387236885186],[101.20284210139286,3.721063079251673],[101.20362463407781,3.720506941550357],[101.20340343848162,3.719024615943878],[101.20358571213902,3.71870163963878],[101.20524327089392,3.719470045216339],[101.20626160784843,3.71886011847264],[101.20657613702414,3.718206976034476],[101.20653349017256,3.717112305765459],[101.20715899861537,3.71568399184382],[101.20746304493893,3.713871582257214],[101.2085884168078,3.713932827626591],[101.20952455230852,3.713430551394395],[101.21035339334526,3.713495323020198],[101.21047481139773,3.713753759614005],[101.20997798322877,3.714894978101014],[101.21012439762534,3.715214433756125],[101.21161059437796,3.715351118807199],[101.21255003268104,3.716205502886996],[101.2128358809279,3.716026107435413],[101.21315401662963,3.715171975945325],[101.2140079975841,3.71457995208567],[101.2142688816433,3.714170851598783],[101.21410825094179,3.713467364784757],[101.21268620568132,3.714131056273911],[101.2122611011058,3.71392639484016],[101.21251888507969,3.711141339576332],[101.21286191091438,3.710875818140156],[101.21381579564235,3.710922666131292],[101.21418025258022,3.710678682756144],[101.21373749412255,3.709418836154118],[101.21247307000677,3.707972194255962],[101.21243382883968,3.707681472877215],[101.21275184780328,3.70740159016779],[101.21564555310198,3.708012303588572],[101.21798521172438,3.710148249441123],[101.22051435524418,3.711631017418091],[101.2221676564949,3.713096146136579],[101.224182633135,3.713071402383093],[101.22758722316598,3.713847269928861],[101.22865909090264,3.713441902313496],[101.22922709459927,3.713704006885765],[101.23026801263187,3.714814287447651],[101.23290108322506,3.71466760721203],[101.23671997016534,3.716286942413896],[101.23722085014644,3.717678089245902],[101.237516411892,3.717816019340213],[101.23855615582109,3.717234770257785],[101.23924919711848,3.717561493030843],[101.23977775746086,3.718713671118762],[101.24005976008493,3.720131397563329],[101.24148540796395,3.719223605970833],[101.24298236615695,3.719166431068549],[101.24422198059624,3.71979113272122],[101.24570843209453,3.718431122450718],[101.24620144277937,3.718538874527022],[101.24703732797732,3.719281945570819],[101.2474589546302,3.718958998113282],[101.24745185054154,3.718700584578985],[101.24689100551808,3.718302108292964],[101.24669815582038,3.717839088228062],[101.24716621446095,3.717591518676316],[101.24797714458349,3.717997213067536],[101.24957413490243,3.717940042891632],[101.24963851392027,3.717487831366639],[101.24902062215712,3.716353589790236],[101.24889160336139,3.713877515594112],[101.24866302589301,3.713421668343909],[101.24739130158818,3.712556500796718],[101.24733778577489,3.712093503253665],[101.24775584700778,3.711702362722432],[101.24778448174695,3.711364995524425],[101.24688436168076,3.710209172874525],[101.24608800703639,3.708077141450943],[101.24602020966539,3.707563894638224],[101.24643487033785,3.706088857417543],[101.24594574020125,3.704107616048185],[101.24598177755175,3.702169528402814],[101.24500290388386,3.702050930197998],[101.24460642021259,3.701587876438816],[101.24507822010942,3.700245644278218],[101.24657527627241,3.699373744842873],[101.2465324952369,3.698810255142013],[101.2460038189751,3.698393838486156],[101.24580740798545,3.697887748877301],[101.24621828564175,3.69769759505378],[101.24689704621585,3.697887924784432],[101.2479551700091,3.693846809481353],[101.24723389922258,3.691402542235859],[101.24625157123637,3.690616379556427],[101.24665190836916,3.689292079698014],[101.24645906563948,3.688821881399325],[101.24664511982694,3.687052503089079],[101.24623098342492,3.685308151642263],[101.24520244128075,3.683143780179397],[101.24612421011767,3.682785022744712],[101.24674953693307,3.681934515101402],[101.24613176845573,3.680193719906372],[101.2465104902909,3.679971258802567],[101.24759293902059,3.680114994420272],[101.24848253537505,3.679856723031789],[101.24868636859756,3.678579048351666],[101.24921873541491,3.678173568001051],[101.25030123683214,3.677965571927159],[101.25055136426245,3.677628238856291],[101.2503013467504,3.677254937125328],[101.24958332685168,3.676913863608754],[101.24939764284392,3.676361118495764],[101.25021228020928,3.675664967501719],[101.25071616692613,3.674595504660705],[101.25189164270587,3.67377020168619],[101.25239194505511,3.67275816223036],[101.25436414623266,3.671491522675956],[101.25520365315357,3.67166392445883],[101.25614664710493,3.672615168249947],[101.25722916544969,3.672234888237835],[101.25743980463314,3.673171665685913],[101.25764342844441,3.673225531772934],[101.25909398082442,3.672375136069456],[101.25977644120238,3.671567695478611],[101.26003745684399,3.670002900257478],[101.2615236809717,3.669472410945952],[101.2622274187833,3.669748869594957],[101.26271339856511,3.668869617199329],[101.26417819295841,3.668277627598785],[101.2646104077424,3.668665307363687],[101.26467100960716,3.669605651508541],[101.26562853053817,3.668887971190064],[101.26668591534175,3.669372641209506],[101.26808279531981,3.669046226835627],[101.26923687030182,3.667790208958191],[101.26952623037766,3.667862029183281],[101.26987266432137,3.668579889236558],[101.27026561725769,3.668719915379843],[101.27150541802335,3.667539276304543],[101.27204482451027,3.667812116504241],[101.27292350245197,3.668960733413491],[101.27306624284026,3.670188213456374],[101.27351998531752,3.669890379748513],[101.27398451151664,3.66907213223138],[101.27425601415622,3.669111647018673],[101.27459531834695,3.669743366783834],[101.27574220540116,3.668763697626373],[101.27738920998098,3.667985077583382],[101.2790897051557,3.667970932792915],[101.27940397573686,3.668843115394294],[101.28002571102967,3.667805950618476],[101.28055140999382,3.66774048582253],[101.28083663109362,3.668050106207923],[101.28076147704945,3.669148352367017],[101.28144751237443,3.668136317867011],[101.28196193205795,3.668265586358241],[101.28235483520602,3.66883988466186],[101.28221161305797,3.671560382265433],[101.2818042274296,3.672590396197724],[101.28181129611075,3.673229251394437],[101.28256149305993,3.673441096596366],[101.284647824962,3.673444932947696],[101.2861445443293,3.674776652212255],[101.28746280774752,3.674654775401093],[101.28791278840534,3.676015084161659],[101.2893776094801,3.675139516520998],[101.28998850707515,3.675128817576921],[101.29065561047891,3.67559194300537],[101.29078884580493,3.676850524986654],[101.29209884226411,3.67611371309897],[101.29281334176073,3.676113790735962],[101.29312770363258,3.676281314661874],[101.2931514686215,3.67676464536253],[101.2927989100577,3.677434567030376],[101.29296083941844,3.677659499621613],[101.29337048343882,3.677688256386919],[101.29410410035828,3.677094942113536],[101.29463759994333,3.677037573822937],[101.29493768451785,3.677090245351431],[101.29557587566865,3.678009114750231],[101.29576641623932,3.677942138793573],[101.2959665991771,3.676760159222213],[101.2966668121453,3.676731519715221],[101.29750984740971,3.677463777370066],[101.29886751492592,3.676305842659258],[101.29870568646332,3.675066400390287],[101.2988724335913,3.674760149922234],[101.29988706983585,3.6742721385585],[101.30062555225045,3.672568599767698],[101.3015115794381,3.672042290226823],[101.30233087957043,3.671927520153482],[101.30354546246129,3.67256409973001],[101.30552682449523,3.674449746973478],[101.30688434868246,3.674693930323225],[101.30729396651289,3.675000235541481],[101.30770437124089,3.677037843159439],[101.30909174881215,3.677176124318376],[101.30915720204528,3.677654673110317],[101.30882964280482,3.678545929734814],[101.30896060694596,3.678856994430258],[101.31004421405247,3.679467233672529],[101.30990713837052,3.680932759047534],[101.31137177839794,3.681991664558662],[101.31016295376885,3.683373350432035],[101.31085948878642,3.684605659947698],[101.31210987680595,3.68458184217246],[101.31352099180795,3.684994706711398],[101.3143189144235,3.684312850709726],[101.31505757993261,3.684240272013869],[101.3151940831097,3.6855391901856],[101.31568231337955,3.685736629666665],[101.31629561864035,3.685491426979118],[101.31710538984105,3.68553336556828],[101.31841518804002,3.687196407509015],[101.31948692494669,3.687525490544005],[101.31995129081511,3.688362976970783],[101.32119568374065,3.688943306449876],[101.3215647662496,3.690014074407044],[101.32227329039114,3.690444816743662],[101.32305923871445,3.690630311056533],[101.32343436757209,3.690486776066963],[101.32564351570511,3.688818018532512],[101.32625085393155,3.688746280362187],[101.326977226712,3.68939834635778],[101.32850742336062,3.690074394249617],[101.32923374276827,3.691563908600398],[101.32965051825545,3.691910880318806],[101.33089495860268,3.691934890131711],[101.3320857747354,3.692521182740721],[101.33241326650088,3.69241353159842],[101.33250855718215,3.692060612247924],[101.33236571396645,3.691127444290959],[101.33328864851795,3.690744668526483],[101.3336459311839,3.690308020471996],[101.33283027364949,3.689105629737572],[101.33331892807497,3.688681247384895],[101.33398541782165,3.688782685785005],[101.33487846959956,3.690188461006854],[101.33589665592085,3.69004495982537],[101.33682550362543,3.690320177357723],[101.33737317411132,3.692413835237551],[101.3389331420247,3.693323156733173],[101.33976273421345,3.694848451079825],[101.34072777340049,3.694454713669721],[101.34135652665145,3.694813655078318],[101.34195314713989,3.694795741704719],[101.34391814798695,3.693091034628007],[101.34922011232057,3.686867836088687],[101.34699093104496,3.685083963445735],[101.34854128893808,3.682929102144617],[101.34894147839431,3.681440850983379],[101.34897965550608,3.679871230954269],[101.34856057696017,3.677741694533017],[101.34781039720093,3.676740308259091],[101.34639748874143,3.675667981630025],[101.3458878649663,3.674581663819787],[101.34615482164469,3.670174293047776],[101.3454404492933,3.667652335011764],[101.34588833641,3.664771525845412],[101.34599324881633,3.662254392723492],[101.34570751471307,3.660981453430445],[101.34413573437935,3.65913419811352],[101.34201139024682,3.657966442755015],[101.34173515935855,3.657267754767297],[101.34277384283534,3.651434364416669],[101.34618502774099,3.63594407821313],[101.34861341740799,3.610085034204559],[101.34944266117938,3.598894677654605],[101.325602114561,3.590642958917767],[101.2389358718921,3.559232006980077],[101.1767698868391,3.535704212635385],[101.11586223993262,3.494625929391352],[101.1128233503106,3.49220960745584],[101.11197682277837,3.492259603889107],[101.1090950137478,3.490162742780595],[101.1000828133904,3.484863443611435],[101.09789552690215,3.488143646137555],[101.09427621520616,3.491406599944175],[101.09149356313638,3.495420461940842],[101.08954528591292,3.499066695848008],[101.09020328800348,3.499692285193781],[101.08942035017162,3.502735456205323],[101.08296996329031,3.516622671041119],[101.08170856231085,3.519904728082765],[101.08140183766291,3.521333422149416],[101.07852794093316,3.528042063426815],[101.07854554423929,3.528828793683521],[101.07618473242978,3.534615281888164],[101.0752384957134,3.537553897201763],[101.07081511577675,3.546423057262274],[101.06962642453476,3.547742794089506],[101.06442933568398,3.559240660078641],[101.06345432280587,3.561955496696276],[101.06310901606814,3.562348462472239],[101.06100298111286,3.568736603564562],[101.05974901362966,3.574207030496245],[101.0571257741581,3.582633911670796],[101.05647693007988,3.584107635123543],[101.05381939111598,3.589107066625526],[101.0517200028266,3.593681802060479],[101.04508067073196,3.604810401379527],[101.044747582592,3.604882580401283],[101.04327957029247,3.606916490305446],[101.04037062891685,3.610089072945922],[101.0379290910735,3.614627406023865],[101.03268712406675,3.620828208747126],[101.02778839132662,3.625229539599728],[101.02419492041767,3.628998572931342],[101.01984533404529,3.632405425738537],[101.01678337992928,3.635749656397999],[101.01658514161778,3.636228774338883],[101.01494661300599,3.636544400933732],[101.01164221802497,3.63842348285177],[101.01000310375282,3.639788080917244],[101.00714835007653,3.643148664171318],[101.00355525135943,3.645409192146256],[101.00187118399656,3.64677374577064],[100.99248057259177,3.650566438388368],[100.99169730423013,3.651135646050672],[100.99125614771555,3.651063040370548],[100.99073387012525,3.651433528602827],[100.99017585532333,3.651451291162431],[100.98914901752188,3.652626281532261],[100.98787512101607,3.65347293024735],[100.9856864506987,3.655640140806632],[100.98335830135042,3.656823671559336],[100.98145743367749,3.660064070756749],[100.97943981134085,3.662142735699888],[100.97715191757312,3.661751768096021],[100.97660314155576,3.661852275815297],[100.9753906728375,3.662521593432877],[100.97426635696081,3.663957775870069],[100.97220891492336,3.664189317511068],[100.97080315005886,3.66529459666768],[100.96791801071082,3.666756920883956],[100.96697736685876,3.667751691032296],[100.96607882561352,3.66828960087001],[100.96552769042181,3.669206108192874],[100.96381766611316,3.670282067304477],[100.96278855445118,3.671532984252513],[100.9605392127684,3.673425876950306],[100.95532537152306,3.676244067037925],[100.95512070824783,3.677016174484503],[100.95433443032837,3.677364765999799],[100.95445021343895,3.67951704201987],[100.95273902263186,3.680917640200561],[100.95000183610104,3.681992013905149],[100.94913427957312,3.682983007802711],[100.94799370914896,3.683546064370731],[100.94465333858494,3.684475430053992],[100.94395060108695,3.685478731974317],[100.94364448896839,3.685460448548421],[100.94305917362814,3.685984513431143],[100.94233841580221,3.687060149486933],[100.94127568751098,3.687981824825176],[100.93776403907701,3.689254617375543],[100.93671940755254,3.689968385028929],[100.93625125087385,3.68994095002226],[100.93301845192912,3.692163389399624],[100.9282116501672,3.691970320993326],[100.92580845327777,3.691561773617808],[100.92447605816949,3.691660370962283],[100.92121608803846,3.693683784789525],[100.92044088774637,3.695039713026393],[100.92026911137249,3.696160911427405],[100.91800785759747,3.698953679061357],[100.91531465913559,3.701746057876678],[100.91500791928084,3.70265916038399],[100.91505193940017,3.704015634128173],[100.91484452446056,3.70466663123233],[100.91101489298639,3.710487542066352],[100.91065175489823,3.714601841454313],[100.90799351204696,3.718732564269803],[100.9055146072884,3.723831057511875],[100.90068604913829,3.729782700426494],[100.89984671540881,3.731920367944535],[100.89871105861948,3.733746277335913],[100.89471508891688,3.73733583215314],[100.89271093523976,3.740397547978182],[100.89192751510878,3.740966644665569],[100.8911343671665,3.742150692052368],[100.88809867416181,3.744743839033454],[100.88768414073003,3.74553023874214],[100.88647695800698,3.746777289267578],[100.88556744492948,3.747301160181712],[100.8838378339467,3.748972785380546],[100.88230683803806,3.749776554703907],[100.88179296470582,3.750807052240599],[100.88079309973021,3.751574936502978],[100.87976581994997,3.752975843378635],[100.87650481881793,3.755939467139639],[100.87492811337046,3.757792140809467],[100.87229823832574,3.759535423819626],[100.86936134891558,3.762020036928952],[100.86818129588428,3.763384638705606],[100.86776611171305,3.764595975189107],[100.86622628479799,3.765128397588934],[100.86239839131521,3.76772988236573],[100.86047120468879,3.768695999042269],[100.86019539299969,3.769564868123648],[100.85947112256044,3.769698981796553],[100.85314753550426,3.7746858261641],[100.85119328161487,3.775760418543816],[100.84854483014752,3.77774777023017],[100.84424889085908,3.779968972237122],[100.84029585289132,3.781123383301153],[100.83893624971549,3.781755275841217],[100.83799024613647,3.782496099876133],[100.83663968045236,3.782657737366181],[100.83489244675023,3.783651147109373],[100.83264351462253,3.783454317463578],[100.82946294268909,3.783847553781052],[100.82725208551858,3.783702738960617],[100.82685245888518,3.783952110623658],[100.82684101271425,3.78432206705258],[100.82622718679072,3.784665501242685],[100.82587001724852,3.784513922189334],[100.8252609603017,3.784703259110428],[100.8248311207655,3.783966786248539],[100.82192401655217,3.783371406047227],[100.82161391896366,3.783650961689369],[100.81810272302602,3.78323993392025],[100.81652767789254,3.782777456898981],[100.81502412966145,3.782812420427064],[100.81105183102794,3.785503953340369],[100.81062831823812,3.786163685226984],[100.80957467356629,3.786624041056144],[100.80893470333679,3.787482549072869],[100.80860067996065,3.78860356438839],[100.80835652337167,3.790104472808832],[100.80842698422416,3.79187684779374],[100.8074522626123,3.794742615180677],[100.80771239409513,3.796099241054106],[100.80714439617314,3.7972290149486],[100.80704373104207,3.799082730731456],[100.80737620982929,3.799878726927829],[100.80984966662437,3.802593574050074],[100.81100898473053,3.805225865705591],[100.81161269360177,3.805543779457336],[100.81173123520216,3.802649366098052],[100.81156424753145,3.807976223749193],[100.81571644701786,3.829093236042092],[100.81878637927085,3.840480428237899],[100.82025211799468,3.84249811061934],[100.82219134532255,3.844569438972948],[100.81974451945577,3.846888833724453],[100.82108549074609,3.850737015611094],[100.8346648521676,3.848937186188838],[100.8381950361397,3.849154815944369],[100.84209646851227,3.849946894041543],[100.84868453507814,3.851415382422748],[100.8563011030663,3.853860651394831],[100.86830730337473,3.855927182912325],[100.87184494569514,3.85569008662425],[100.87955198590667,3.854390777288494],[100.88181506297397,3.854332317890194],[100.8877582583086,3.85479044700019],[100.89035445349134,3.855390131231644],[100.89281984194155,3.855630838831895],[100.89361766217763,3.855978234793553],[100.89715476811246,3.856662190054311],[100.90390697764659,3.858783549924958],[100.90965852185062,3.861239261618163],[100.91231381826704,3.862712224164391],[100.91949460730582,3.865372052429359],[100.92307874262039,3.86728813597577],[100.92528210124338,3.867588425724245],[100.93479743652676,3.870404932689898],[100.93733446025995,3.870430219092433],[100.94012183500828,3.870036920179246],[100.94300491411076,3.868842129916803],[100.94332675978106,3.868363772868603],[100.94474604914114,3.864739678465541],[100.94480698514158,3.862083885778129],[100.9436183186117,3.857441550084591],[100.9399789304724,3.847306825583313],[100.9393375865326,3.843813240774535],[100.93844577319277,3.840989460843145],[100.93831673342928,3.837220993843398],[100.9386868299497,3.835558308617648],[100.93936651539518,3.834051307526257],[100.94123764688005,3.831767325171945],[100.94170229667468,3.831492415758549],[100.94304821224479,3.831421341054669],[100.94793213079099,3.830167744380932],[100.95506669541709,3.829716799100976],[100.9600574643657,3.829097234224258],[100.9655727533296,3.827520842225749]]]}},{"type":"Feature","properties":{"OBJECTID":10,"KATEGORI":"Majlis Perbandaran","NAMA_PBT":"Majlis Perbandaran Kuala Selangor","Shape_area":120199.195899,"web_name":"Majlis Perbandaran Kuala Selangor","web_type":"Majlis Perbandaran","web_area":120199.195899},"geometry":{"type":"Polygon","coordinates":[[[101.4431323098835,3.299341736337909],[101.46241613754145,3.299509605705028],[101.462112178982,3.274667408511792],[101.46337276331653,3.275015458482509],[101.49233696879476,3.275089943459739],[101.4928566662905,3.235526028061613],[101.4922280874135,3.234444576078847],[101.49197083123427,3.232903680716403],[101.49258956657309,3.230826723215759],[101.49262848143485,3.229632064904639],[101.49297024258547,3.183944719002551],[101.49097078608392,3.185158037449721],[101.48994970014307,3.186464573153678],[101.48969979927041,3.186945537986224],[101.48990708882158,3.188897991576936],[101.48861460052657,3.189946137019574],[101.48845758658202,3.190951102081356],[101.48885755633573,3.191489429160156],[101.48847996555969,3.191976784933225],[101.48809349452014,3.192192968177251],[101.48689373004356,3.192092588507499],[101.48489416985969,3.192430153597222],[101.48396782578351,3.19304752579571],[101.48348736837943,3.193026076021436],[101.48221612406641,3.192200697858553],[101.47939525089367,3.191964069469728],[101.47772425316718,3.193005056646491],[101.47588178411776,3.193163135265185],[101.47475353068288,3.194232784398133],[101.47431799743282,3.195359800563963],[101.4715614956169,3.196443937089827],[101.47019030537,3.195984640953619],[101.46867619284428,3.194290700877963],[101.4677048444106,3.192761815830016],[101.46681214589172,3.192453220669227],[101.42774175382648,3.1919795352842],[101.4006030505809,3.192015243062049],[101.40025067914573,3.18620926022803],[101.36939285191973,3.186106043990225],[101.36939306323886,3.174979795609871],[101.34327025190598,3.175172775705199],[101.34337080286056,3.162119178823855],[101.32845282190686,3.162649599398534],[101.32518237111661,3.159106948946564],[101.3161303189596,3.167935562604075],[101.31585175061377,3.168793340268048],[101.31403077818915,3.168193827866177],[101.31270256952358,3.167364645848132],[101.31181347147894,3.167569158899448],[101.30986752169139,3.167106016054978],[101.30786808184669,3.165777889864106],[101.30688980867205,3.16484464381224],[101.30345094907382,3.164478275046576],[101.30326778625339,3.172159669000645],[101.30215058583227,3.185612434414903],[101.30052629228292,3.216088894159998],[101.29987219436201,3.222903502029862],[101.29792086855018,3.230038971912344],[101.29664921354384,3.244019363546],[101.29500348595758,3.252092274135276],[101.29191405421602,3.258541166897917],[101.28697162113438,3.266475207720518],[101.28085864534033,3.275615905581258],[101.26607478729993,3.296115145724477],[101.26002873062666,3.303176499022236],[101.25487836002212,3.308389300176916],[101.2444137665733,3.31526487982709],[101.24288068273735,3.316773218519347],[101.23726570285602,3.324402814741978],[101.23121405193649,3.330292696863108],[101.23020541866056,3.333806492537676],[101.22646306461255,3.338465240716227],[101.22230277951581,3.338096127837501],[101.2192804554475,3.338230651693995],[101.2062395212011,3.341450271605698],[101.20174940658784,3.342909660178134],[101.1936189051113,3.345061320349989],[101.19148327436898,3.346498353859043],[101.1892888483995,3.349039932657647],[101.18400136724415,3.3627151704634],[101.18057600278883,3.372308983464931],[101.17993287347171,3.375135941297411],[101.17704284147472,3.383098986186509],[101.17302990484663,3.390924120189553],[101.16467304135827,3.396102519937254],[101.16245357787359,3.398715739869357],[101.15624863600716,3.411560490730499],[101.15252337632252,3.416905260878996],[101.1503324055059,3.420484023297433],[101.1486299751138,3.422401729725796],[101.14377348943137,3.429453595741406],[101.1408101906468,3.432509125740233],[101.13824979613995,3.434101696603057],[101.1358137340133,3.43617929483253],[101.13385053534363,3.438484753179198],[101.1322691839639,3.441131920541931],[101.13210723203922,3.443451178048364],[101.13093801088463,3.445456766153344],[101.1294021667679,3.447064612327179],[101.12801384095373,3.448027546863094],[101.12597021371334,3.448480648136184],[101.1249672189111,3.44901423857932],[101.12238950928057,3.451665416642419],[101.12088596829649,3.454276019426145],[101.11929733235444,3.457909301760295],[101.11828155848244,3.459345982911935],[101.11666366477473,3.462496188095716],[101.11117004826458,3.469666944924163],[101.1092635700435,3.474090429415933],[101.1000828133904,3.484863443611435],[101.1090950137478,3.490162742780595],[101.11197682277837,3.492259603889107],[101.1128233503106,3.49220960745584],[101.11586223993262,3.494625929391352],[101.1767698868391,3.535704212635385],[101.2389358718921,3.559232006980077],[101.325602114561,3.590642958917767],[101.34944266117938,3.598894677654605],[101.40880545174709,3.546775259629483],[101.42607055242433,3.528659417782448],[101.43133771507667,3.523505264832418],[101.45709634676336,3.496781793860681],[101.46998193866456,3.483137332647109],[101.46064862299806,3.449721052907177],[101.46012829657245,3.3990279161505],[101.45818202878854,3.401350201839829],[101.45797493208569,3.402014199104289],[101.45753566072536,3.402251110697912],[101.45694277993849,3.401960436121156],[101.4552676487358,3.400166005778266],[101.45284261115353,3.399721121893274],[101.45084622659299,3.400507263900546],[101.44790684384876,3.399089755717939],[101.44651749548078,3.398084893046482],[101.44656984055483,3.397477136477901],[101.4454983904229,3.397118290353312],[101.44403410086917,3.397058556803039],[101.44388519590255,3.395365708620165],[101.444083461401,3.367167271685668],[101.44375797640507,3.35564637617308],[101.446466192914,3.355598365808166],[101.4459529800917,3.332508524756317],[101.43908972849988,3.320473447118342],[101.4370480122829,3.316154663173825],[101.43281948629702,3.309285079008769],[101.4305087843782,3.304630112413709],[101.4308980118996,3.304109676130619],[101.43204073545367,3.303503068812046],[101.43302634961643,3.303348694127104],[101.43409417566751,3.304533697026801],[101.43479526888534,3.304211195035975],[101.43527496469369,3.303756553091414],[101.43538799108065,3.302500361859222],[101.43754249693713,3.301471382650863],[101.43802332967664,3.299976298316232],[101.43855659146652,3.299588648732096],[101.4431323098835,3.299341736337909]]]}},{"type":"Feature","properties":{"OBJECTID":3,"KATEGORI":"Majlis Bandaraya","NAMA_PBT":"Majlis Bandaraya Subang Jaya","Shape_area":16344.9534369,"web_name":"Majlis Bandaraya Subang Jaya","web_type":"Majlis Bandaraya","web_area":16344.9534369},"geometry":{"type":"Polygon","coordinates":[[[101.64631661073946,3.07091113463754],[101.64999353912916,3.070057257903676],[101.65098356319469,3.06950190328826],[101.65050722885915,3.068281732207543],[101.6516296905753,3.067165251370616],[101.64712100519131,3.062106242924516],[101.64881113542995,3.06296721297272],[101.64942971655607,3.061872391687067],[101.64862629322448,3.06139404287955],[101.64906643173336,3.06059237370927],[101.64932232448743,3.060694002067502],[101.64966730029793,3.060077791886313],[101.64797116629485,3.058977551993012],[101.6480897283537,3.057117181238652],[101.64870270630865,3.057475940928632],[101.64963087017705,3.057062970390237],[101.6510056050826,3.057852232741957],[101.65074390886402,3.058354768549391],[101.6522079098374,3.059173916275569],[101.65320121226785,3.05746885678326],[101.65587330843196,3.058939716659384],[101.65708700889739,3.058197669284601],[101.6594197585904,3.058950788575001],[101.65932814733989,3.04952947343353],[101.6583403112395,3.049224650180195],[101.65672803394551,3.050319724215714],[101.65519885720732,3.050595268225208],[101.65423504840895,3.051211633173315],[101.6533543465868,3.0510204331117],[101.65234812443711,3.048514304232903],[101.65132463401065,3.048394919014703],[101.65146112572472,3.046881488524335],[101.65128242426421,3.046091933725207],[101.65932717605972,3.045635320022452],[101.65933317262542,3.045820754406543],[101.66865132263807,3.045483385707485],[101.6684536939259,3.04056041679078],[101.67157196487774,3.04173801565062],[101.6748445669395,3.041456005614541],[101.67863492943957,3.041490881413242],[101.68684742490441,3.045334926768728],[101.68785290378099,3.044868067750733],[101.68845953934023,3.043785195030328],[101.68929871651389,3.044436975510417],[101.69000646952468,3.043222474471041],[101.69059554703321,3.043204363837046],[101.69091092607222,3.043246147729227],[101.6909231113301,3.044269029844792],[101.69279747993104,3.044316355349653],[101.69281558893486,3.045237545212317],[101.69356531152835,3.045165551288413],[101.69358888781855,3.044363985380067],[101.69493956651804,3.044196111334453],[101.69544551045992,3.044782181886081],[101.69909911813703,3.045134057703645],[101.69892690365039,3.046342427434803],[101.6992899055314,3.046449994577867],[101.69879058939378,3.048244673485836],[101.6999329461361,3.047855527015818],[101.70142670395,3.04861477893665],[101.70625852762981,3.049067974954272],[101.70651941466465,3.045897555589939],[101.70809034391226,3.046028688646235],[101.70810276054046,3.047781345530823],[101.70922148174348,3.047966447083157],[101.70904708421965,3.048681966526114],[101.70934041722485,3.050627152363036],[101.71097646920052,3.053619941837237],[101.71230449865574,3.053296525715043],[101.71232575698971,3.052750981544853],[101.71341861499282,3.053978110718873],[101.71502503997029,3.053381838027819],[101.71441534209804,3.052123458666161],[101.71504599916642,3.051848105303414],[101.7159667021465,3.046530029424833],[101.71957281268665,3.047186918910624],[101.7211594375896,3.040265521595863],[101.72312320429563,3.040797290375723],[101.72419957462456,3.038733245277288],[101.7240679250871,3.03632263370474],[101.72216381017826,3.03625144355978],[101.72231768594605,3.033535672525442],[101.72325786431156,3.033649034835731],[101.7235136618445,3.033439593519366],[101.72887021508011,3.037619171054614],[101.73063078919073,3.035345542997824],[101.7309389320634,3.031295192464674],[101.7306827781705,3.030362118356928],[101.72985524720683,3.028938720036589],[101.72979501587241,3.026605850409712],[101.72892636882425,3.024125512148341],[101.72841139257699,3.024071213415573],[101.72383175903185,3.015181936817543],[101.72413773194765,3.013684169996444],[101.71958501016181,3.010886097412995],[101.71759697754494,3.008379928020477],[101.71729400618764,3.007394898410221],[101.71852333304815,3.007289437893021],[101.71835551311781,3.004269230450953],[101.71804579634265,3.003230887941521],[101.71837414211421,3.002895809175313],[101.71920994843379,2.996329959267758],[101.71880389569864,2.991487236112579],[101.71821773213922,2.989209552261857],[101.7169416329313,2.987822163333055],[101.71312859178859,2.986923640228024],[101.71359413990726,2.98374119510893],[101.69472498260998,2.981932945701409],[101.6803733165241,2.980884058711133],[101.63380136386314,2.980029279053573],[101.63300650586562,2.980302227301343],[101.62597124057677,2.980161367867816],[101.60433234035362,2.98036565819377],[101.59818236855949,2.980022294712061],[101.59435062496816,2.980276648766617],[101.58713448704006,2.980311474498037],[101.57788615677926,2.979627436336285],[101.57566974601345,2.979672855096064],[101.5745458005408,2.979415052705852],[101.57286877550374,2.977484395083275],[101.56692808280316,2.975982733682478],[101.56394841488311,2.976452189316682],[101.56056903973034,2.977783085984243],[101.55861854343387,2.979262513139914],[101.55677113423636,2.981468493389536],[101.55658105877518,2.983612417865447],[101.55537227384599,2.985316233306293],[101.55288831261959,2.990475356679119],[101.551279801082,2.993059756549816],[101.55105143136262,2.993825467449072],[101.5511849068423,2.995146240408364],[101.5520990904778,2.996859306278973],[101.5538225602948,2.999050797126162],[101.55393696536332,3.000141869254024],[101.55361346770938,3.001395713920392],[101.57192549985858,3.001408584301402],[101.57192978430861,3.012846227134281],[101.57119799183663,3.013312934026625],[101.57192882743874,3.014243585756727],[101.57197449861104,3.0382286082536],[101.54890300785897,3.042331604161914],[101.55161277007838,3.046201690977801],[101.55410513956878,3.048598833767845],[101.55486936661958,3.049912328817746],[101.5554410242763,3.052661495615571],[101.5554627570904,3.054685748087931],[101.55685552202172,3.057090231378595],[101.55669141561837,3.057894216787858],[101.55775557529107,3.059344047908971],[101.55786993443698,3.060054672686786],[101.55682650460773,3.061817087851802],[101.55627335942472,3.063396381015353],[101.55636993369913,3.064537701347134],[101.5559774856467,3.066353850095427],[101.55604550450546,3.067538244130644],[101.55654187691876,3.06820573973796],[101.556185089753,3.069756289121831],[101.55644254184652,3.072272211122754],[101.55737817673084,3.0736646360207],[101.55697488679559,3.074648114410979],[101.55965641716917,3.076122809107587],[101.56107748115056,3.076635821775993],[101.56671880183009,3.078052588681531],[101.56878974531945,3.0790212976494],[101.57289604880427,3.081590390673589],[101.5782051466815,3.081736610150449],[101.58109717261266,3.082087822092961],[101.58272178889467,3.082740742594247],[101.58625678163509,3.084739218483565],[101.59077687321583,3.084993193351895],[101.60096190291604,3.083253843829493],[101.60518203975272,3.083288882641756],[101.60518184641667,3.082330594648216],[101.60246735895915,3.077109011871684],[101.60111048265749,3.076305326359852],[101.59758297803631,3.076090678899246],[101.59822867705664,3.073387962736794],[101.60112774174065,3.073304839289367],[101.6070510493103,3.074218860387682],[101.6095145574551,3.074225530518577],[101.61321707867211,3.074802600068562],[101.61679810854059,3.074884387843482],[101.61780856050181,3.075149763581333],[101.62006526666094,3.076426991653743],[101.62041862416484,3.075949565715691],[101.61991989776006,3.075162058139296],[101.62008982637353,3.07441709557215],[101.6213247328342,3.072485895789957],[101.62184718184535,3.073022209192777],[101.62287671858483,3.073488565022904],[101.62409059996735,3.073398570138691],[101.62911222967904,3.07076545001659],[101.63788894142894,3.069698671705118],[101.64232233623157,3.070935860520276],[101.64596411777201,3.07129987771591],[101.64631661073946,3.07091113463754]]]}},{"type":"Feature","properties":{"OBJECTID":2,"KATEGORI":"Majlis Bandaraya","NAMA_PBT":"Majlis Bandaraya Petaling Jaya","Shape_area":9780.14164529,"web_name":"Majlis Bandaraya Petaling Jaya","web_type":"Majlis Bandaraya","web_area":9780.14164529},"geometry":{"type":"Polygon","coordinates":[[[101.62744200145454,3.203574428797348],[101.62447526208697,3.199007055219751],[101.62408373656298,3.199287093686367],[101.62349434978339,3.198330140770471],[101.62181238295375,3.197631850668775],[101.61990802673816,3.197751918624854],[101.61867947722209,3.196752037683905],[101.61888382566129,3.195077086534357],[101.61850271632245,3.194024374456132],[101.61962054025136,3.189549733373533],[101.61913302215547,3.180969541079125],[101.61928036965038,3.179887997540874],[101.61973722028377,3.179016944158712],[101.61895575661276,3.175940077930747],[101.61917907011298,3.17392057006821],[101.61706438558352,3.169958690894707],[101.61717821494149,3.167991847163662],[101.61658266012624,3.165919880138981],[101.61667235990527,3.162455196586701],[101.61565274624046,3.158751483995207],[101.6151325754329,3.152985132361285],[101.61580826364822,3.151420143078311],[101.61809306611903,3.149792588675868],[101.61824981697903,3.148175072611121],[101.61946788647029,3.145088189085215],[101.6211767744742,3.144140290156178],[101.62176213436625,3.143202211585597],[101.62339473405385,3.141751854490507],[101.62659863565979,3.141526211836208],[101.62664125162213,3.140506902115549],[101.62727425296178,3.139750656964847],[101.62784996658493,3.138295749548533],[101.62853063038484,3.137793121459235],[101.62933989860188,3.137582375479464],[101.62968255729137,3.137098966407633],[101.62936270841402,3.133227614792064],[101.62953351819566,3.130710430946836],[101.63058556641548,3.130466130334821],[101.6309189688994,3.131150371837288],[101.6314474696907,3.131446946834525],[101.63335173294709,3.131451288261689],[101.63398500015292,3.131881829812957],[101.63495600463152,3.131154213972986],[101.63529881083029,3.131321623685008],[101.63535613206639,3.13214949192452],[101.6358513122502,3.132455643300582],[101.63627498853909,3.132359834125399],[101.6371269045247,3.13133076165065],[101.63823120573161,3.130607896725619],[101.64441937997228,3.127826060276324],[101.64568570995065,3.127825750007314],[101.64645703614953,3.128246678988222],[101.64800865709915,3.126827412731397],[101.64811183826566,3.125348686342104],[101.64352253518287,3.120163590958563],[101.64330076712419,3.118498311012258],[101.64774590882435,3.118228042104688],[101.6492524460597,3.117448838816113],[101.65036602014226,3.115808352416088],[101.65260676480565,3.109806851198143],[101.65854172354031,3.113441081594719],[101.65907358797908,3.112931295919703],[101.6575731651797,3.109601016444759],[101.65887274162941,3.109381749849344],[101.66037346384508,3.0998810751904],[101.65948066714162,3.099091707392704],[101.65973048087362,3.098646597606359],[101.6596083365687,3.09568563935414],[101.65892279989484,3.095585320632567],[101.65884340532392,3.092236730459029],[101.66031082948341,3.092261478370256],[101.66039613793203,3.090764810758069],[101.66301250509825,3.088022080615962],[101.66367969345842,3.086205834333752],[101.66003760557317,3.08485727900255],[101.65936620227919,3.084143223776321],[101.65988354108505,3.082721816326978],[101.66042985033658,3.082915486877386],[101.66065821668118,3.082384244699401],[101.65902640828625,3.081713503634955],[101.6593724771949,3.080712062305428],[101.65984009134556,3.080324322464979],[101.65975782990726,3.079753679833068],[101.65935085980932,3.079936826640059],[101.65655435511908,3.078533367491894],[101.65626014689373,3.078104631714739],[101.65474857984091,3.077560667135041],[101.65439753036183,3.077686372758627],[101.65393331019283,3.077363471352594],[101.65383200530601,3.076771298195575],[101.65163003154032,3.075611375002503],[101.65161804276548,3.075252469755906],[101.65095735146377,3.0744929437109],[101.64596411777201,3.07129987771591],[101.64232233623157,3.070935860520276],[101.63788894142894,3.069698671705118],[101.62911222967904,3.07076545001659],[101.62463800744266,3.073224976330754],[101.62344202084306,3.07351236782125],[101.62240659569257,3.073333141064994],[101.6213247328342,3.072485895789957],[101.62008982637353,3.07441709557215],[101.61991989776006,3.075162058139296],[101.62041862416484,3.075949565715691],[101.62006526666094,3.076426991653743],[101.61780856050181,3.075149763581333],[101.61679810854059,3.074884387843482],[101.61321707867211,3.074802600068562],[101.6095145574551,3.074225530518577],[101.6070510493103,3.074218860387682],[101.60112774174065,3.073304839289367],[101.59822867705664,3.073387962736794],[101.59758297803631,3.076090678899246],[101.60111048265749,3.076305326359852],[101.60246735895915,3.077109011871684],[101.60518184641667,3.082330594648216],[101.60518203975272,3.083288882641756],[101.60096190291604,3.083253843829493],[101.59077687321583,3.084993193351895],[101.59120133214982,3.088614842670147],[101.59128784017526,3.092945669125871],[101.5895416539788,3.097793674861995],[101.58567304424473,3.106891567072592],[101.58435938535493,3.108260454028625],[101.57643353802035,3.110927400019362],[101.56381883423619,3.115715041598259],[101.57023612432612,3.115843160383745],[101.57019993469531,3.126911947145174],[101.56860035483834,3.126873939420553],[101.56856288418189,3.130486971742453],[101.56721151800788,3.131568718281069],[101.5641408859425,3.132112637509164],[101.56145106991481,3.131843902877525],[101.55724386198584,3.131988153417946],[101.55654194341137,3.133740943747363],[101.55481051378557,3.135410152202301],[101.55290087784925,3.136720963503107],[101.5523878203335,3.141974340478845],[101.55167419412128,3.145070649820699],[101.5517029467296,3.14628615404064],[101.55262227203563,3.149530556308736],[101.55433424005608,3.153957701758058],[101.55580715613434,3.15411992303372],[101.55815229416734,3.154903771602284],[101.56250964647089,3.157334654507392],[101.56327742989967,3.157987741337699],[101.57398881353969,3.176078509901359],[101.57646725774158,3.178393026917906],[101.5773672988097,3.179699292462184],[101.57937866384901,3.185617335794249],[101.57922895754227,3.187045822336957],[101.57834732778443,3.188844120779468],[101.57875476302388,3.190900595326999],[101.57783066184322,3.194784163868875],[101.5793428302296,3.204323688871422],[101.57992893981066,3.206333925310799],[101.58224098719799,3.205563970460212],[101.58700146194285,3.202859276649394],[101.59468997487417,3.200488958275986],[101.59583854584565,3.200422926415906],[101.60092697411861,3.201109791725906],[101.60412272074282,3.199940000297214],[101.60610640151677,3.199561197130949],[101.60795506549728,3.199714547829338],[101.60971676399713,3.200372167631209],[101.61087146128321,3.201125625188487],[101.61737227872302,3.207614164566672],[101.61853074828977,3.208152997254806],[101.6277361270751,3.208772646560283],[101.62950350367689,3.208654286635864],[101.62915881579313,3.208443139292081],[101.62744200145454,3.203574428797348]]]}},{"type":"Feature","properties":{"OBJECTID":9,"KATEGORI":"Majlis Perbandaran","NAMA_PBT":"Majlis Perbandaran Kuala Langat","Shape_area":85881.0775266,"web_name":"Majlis Perbandaran Kuala Langat","web_type":"Majlis Perbandaran","web_area":85881.0775266},"geometry":{"type":"Polygon","coordinates":[[[101.58999367698974,2.64245366143358],[101.58874257987625,2.643501203575557],[101.58858382193074,2.644046217164243],[101.58831173289151,2.643875207710414],[101.58719684221509,2.644666552265315],[101.58755656119406,2.645378944083082],[101.58736280262016,2.645525200928214],[101.58645463698005,2.645619223644807],[101.58452170777689,2.647467159977932],[101.58306476640033,2.648084148839982],[101.58316476894781,2.648486157680269],[101.5823058035,2.648342222377226],[101.58029670453068,2.649941168639101],[101.5795612626234,2.650143256172482],[101.57885799397393,2.650018121264238],[101.5784450113629,2.649283271702963],[101.57816971645444,2.649329427103101],[101.5738448254754,2.651032141842641],[101.57125776740341,2.651714108280887],[101.5686406996024,2.652811111336889],[101.56751154750906,2.653539129349911],[101.56449627762377,2.654560806698909],[101.56380161230855,2.654997798466423],[101.56359900194036,2.654211323161701],[101.55928623782533,2.654939761591335],[101.55674279218279,2.656372488130482],[101.55596475007309,2.656562066474631],[101.55540761542669,2.657124590809737],[101.55514713874153,2.656614745485134],[101.55447678922202,2.656931472922482],[101.55401467539473,2.656598037524857],[101.5533987018118,2.656693022268336],[101.5520955811062,2.65752006695636],[101.54790172262969,2.659235064538033],[101.54602471122466,2.659920034400514],[101.54390067965213,2.66034001155298],[101.54019061373042,2.662363017131959],[101.53783876760532,2.663329983538771],[101.53705348552798,2.664090979465886],[101.53382967039259,2.665366994279886],[101.53311866833579,2.665873934673777],[101.53002453779338,2.666946985918234],[101.52856755773126,2.668386934828507],[101.52803948453224,2.66839797502202],[101.52738450800965,2.669050975932048],[101.52615564374402,2.669669974879568],[101.5258597296298,2.670191919779179],[101.5249725915439,2.670393886249937],[101.52418265169479,2.67097688290757],[101.52308347888523,2.671189882972719],[101.52239444669512,2.671594888567629],[101.52087863100931,2.671715910362535],[101.51795565210634,2.673110904699727],[101.51717870927754,2.673857869271948],[101.51504040603429,2.674712912714587],[101.51347041753279,2.674799918712611],[101.51151442936988,2.675431836395466],[101.5096027071249,2.675399814632413],[101.50710161570423,2.67592581557739],[101.49974565312696,2.679113840883077],[101.49595744550241,2.681696820480989],[101.49344364435203,2.682220803217583],[101.48972848908326,2.683666725508061],[101.48607243034256,2.685861770234639],[101.4836155659843,2.686673701548995],[101.48075934845407,2.688924733625594],[101.47653547460372,2.693712709972877],[101.47424229961139,2.695685724213001],[101.46945528888278,2.701095718803853],[101.46686187068785,2.703716764734656],[101.46537191023339,2.704682497359356],[101.46552327063789,2.704920909347012],[101.46473783796314,2.706478574575292],[101.46220934731109,2.709916614792125],[101.4615654608208,2.710455623197803],[101.461309380779,2.71238365731215],[101.4606353060966,2.713313936867129],[101.4602862852491,2.713124605160791],[101.45881609787799,2.716207075575778],[101.4576304265457,2.718063618471161],[101.45492050477972,2.725577576812662],[101.4547041437671,2.725460747376264],[101.45406724994565,2.726582165870134],[101.45405931529946,2.726933013946783],[101.4542761158902,2.727049446217165],[101.45409615601433,2.727324991984297],[101.45436960355973,2.727490596022214],[101.45335794815256,2.728752267356942],[101.45353278384393,2.728853741918091],[101.45237374113144,2.730062979955594],[101.45253044564357,2.730160024742684],[101.4521783510923,2.731056764012405],[101.45169342058333,2.73135915518261],[101.45001452188603,2.734432641883971],[101.44973415746112,2.734257067155975],[101.44903912434982,2.735645312988727],[101.44920964205788,2.73608902284052],[101.44739442826796,2.738655815643567],[101.44749569728388,2.739150995796379],[101.44548475035229,2.742621919966824],[101.44512161940622,2.742442175748456],[101.444827805274,2.74323397892463],[101.4451804722076,2.743416085750832],[101.44449934341966,2.745588341949733],[101.44333620535086,2.748050238759344],[101.44305175274488,2.747510743027279],[101.44048954141968,2.755113336920401],[101.4406538624637,2.755185259425462],[101.44054525316885,2.755516567960465],[101.4384791850756,2.756435601702557],[101.43769130100559,2.757236596673737],[101.43677520600782,2.758819544335292],[101.43642407746435,2.76015553083369],[101.4359482763002,2.760213564064366],[101.43526813377177,2.760749568761532],[101.43452602660383,2.762038589416123],[101.43307221141389,2.763658579187966],[101.43221799611453,2.765571549662116],[101.42952518238552,2.768825555323284],[101.42844498067831,2.770668504801925],[101.4288941260932,2.771129519404336],[101.42880614335299,2.772058533188769],[101.42806097906774,2.772636495060358],[101.42747892718737,2.773572526826215],[101.42749900435315,2.774200557215193],[101.42804907118821,2.774638517526405],[101.42696712074014,2.77487856161258],[101.42699316070558,2.774376520145053],[101.42646599051575,2.774091499296757],[101.42563695390596,2.774361496389633],[101.42383420013337,2.776361485220824],[101.42279393185635,2.77800247465268],[101.42126210645688,2.779138487678932],[101.42068805301987,2.780619519848906],[101.41812017156792,2.780860522339673],[101.41506118232856,2.782678515471154],[101.41445190160897,2.783289490420846],[101.41433604679095,2.784209455280761],[101.41331098785372,2.785123464782491],[101.41265995807598,2.785204444497511],[101.41082000212691,2.787382488145782],[101.4094599599876,2.788573489032268],[101.40943200220573,2.789666477199342],[101.40854007842147,2.790267473936907],[101.4075090989564,2.794951457949373],[101.40678893555416,2.796072421108226],[101.40645109873458,2.797109486464442],[101.40663801241368,2.797855469099156],[101.40594189947953,2.800001410534855],[101.40610187751436,2.800774431422246],[101.40299798503194,2.805305461335276],[101.40255280044626,2.805490462263624],[101.40031706752343,2.805369417841302],[101.39726092413568,2.805657444956655],[101.39368799562179,2.806976357827236],[101.38615978097701,2.806816380975096],[101.37548075625372,2.808982329583479],[101.37320188203623,2.809759313583396],[101.36949588524723,2.810347275265815],[101.36646782701511,2.811166298720637],[101.36146499717097,2.811843244027183],[101.35840500384158,2.812954277542864],[101.35619997179965,2.814681236605164],[101.35526672883013,2.816012230776661],[101.35213980643616,2.817437250926739],[101.35124269252077,2.817140205859009],[101.34994091366735,2.817196187306109],[101.3484746939562,2.817631185480299],[101.34784585007426,2.81828616472106],[101.34509381373198,2.819698195162908],[101.34535181213273,2.821019223394603],[101.3449647629921,2.821543186030686],[101.34174596269406,2.822330188429045],[101.340210896119,2.823520171694568],[101.33535383801151,2.826047186357359],[101.33193368785737,2.827496161304571],[101.32499778564045,2.829870136610555],[101.32310977900772,2.831002063407078],[101.3218967973661,2.831273097178139],[101.32045586946413,2.832106094517659],[101.31979890017574,2.832335072791397],[101.31911170149074,2.831910062886509],[101.3163656838156,2.832107030579456],[101.31448275597486,2.832431030801847],[101.31390688294492,2.832733096676544],[101.31190360843064,2.832584061594519],[101.31089665223294,2.831939038105014],[101.31026666566483,2.831877065504691],[101.30797762192702,2.831885070619091],[101.30751287604849,2.832254984105396],[101.30697268636814,2.832083048839106],[101.30334265075122,2.833178000193087],[101.29986359109557,2.834782967585488],[101.29958170222292,2.835699991689512],[101.29889463498583,2.836267020934685],[101.29806867264843,2.836254024253908],[101.29557976848591,2.837177957554502],[101.29500060307367,2.836834984660665],[101.29440062056473,2.836901978182861],[101.29233459465128,2.837861979746299],[101.29169884465104,2.838791956367056],[101.28972680770899,2.843580985785165],[101.28956173921733,2.845503917705118],[101.28904662137468,2.846939933814287],[101.28799858626671,2.852174924103636],[101.28623074819352,2.857412933561113],[101.28610267718172,2.861628919133732],[101.28581775812553,2.86212393815481],[101.28503253717793,2.86577290499112],[101.28419573162624,2.867243944678678],[101.28383244251148,2.869497938471351],[101.28380556535399,2.873867963910878],[101.2854584447808,2.877157915962961],[101.28415961150884,2.880705935711426],[101.29302046082405,2.887004997528738],[101.29730461638482,2.889392729332127],[101.3017768818083,2.892944701598525],[101.30472911912075,2.895987032344521],[101.31135729594634,2.904414995928876],[101.31536648654603,2.908767330351844],[101.31805832675003,2.910587077729139],[101.32002697419932,2.91147515660269],[101.32176391048043,2.911402689419514],[101.3248476343085,2.910311662829827],[101.32877088544448,2.907750826280517],[101.33260749174592,2.904273080928236],[101.33705211135057,2.89907795187985],[101.34059912746868,2.895934898899433],[101.34201785751155,2.895149191466388],[101.3439863218861,2.894800148775962],[101.34566556862099,2.895091545810944],[101.34798158342743,2.896532686544679],[101.34915373636971,2.89779907856941],[101.34977608577802,2.899094440477085],[101.34947176123745,2.902136184015933],[101.34815368169109,2.906516762940581],[101.34482363318438,2.91056227088476],[101.33964044345353,2.916237520777281],[101.33849663265788,2.917925574163367],[101.3372802404561,2.92092354729305],[101.33777214638904,2.922844718590182],[101.33872755457087,2.924125657452702],[101.34027601983007,2.925202876332141],[101.34369209694306,2.926542382629528],[101.34823742157432,2.927343558081204],[101.34958091735754,2.926957828366084],[101.35074622865658,2.925971307405252],[101.35651931232161,2.916487441722991],[101.35835774440633,2.914115356071784],[101.36076112210863,2.911583334508479],[101.36281692315592,2.909880807461626],[101.36495947429579,2.908309244490698],[101.36795609167876,2.906606830888109],[101.37245813784415,2.904584399398173],[101.37415185902854,2.904453653662845],[101.37655480465202,2.905050631503226],[101.37931948701109,2.906681005451045],[101.3812732408195,2.909068061275478],[101.38531118977973,2.916345570084598],[101.38677234268235,2.922531133806932],[101.38706060854409,2.933490394233178],[101.38732116074036,2.934698360730186],[101.38856596936759,2.937405613488852],[101.39279231085953,2.941932292657371],[101.39862563090736,2.946910461024533],[101.40062297397036,2.950156178275695],[101.40238873007951,2.954129600279538],[101.40354657955456,2.955585087324708],[101.40722275883358,2.96491454090917],[101.40827883540449,2.969004362667826],[101.4091619452378,2.970721822869067],[101.41079759730404,2.972686787085527],[101.41305582086741,2.974768190528563],[101.41577714632982,2.97650038265511],[101.41742732808858,2.977228168132587],[101.41939621777499,2.977548536343951],[101.42090172930612,2.977344942712493],[101.42505645556814,2.975758863155183],[101.43519035208968,2.968002376679644],[101.43752130116107,2.965455522948603],[101.43824515785725,2.9639128644796],[101.4384623515653,2.962879610962048],[101.43824533097516,2.961336797604838],[101.43785470940742,2.960434459353953],[101.43608984124695,2.958456631494723],[101.43321483150214,2.957633643737182],[101.42592256633911,2.954303201060786],[101.42379008442116,2.952484778887335],[101.42167662998462,2.95001552345288],[101.42306651494603,2.950206901831945],[101.43481385875069,2.950378757329882],[101.44172517067726,2.950225314389599],[101.44515228689579,2.950550560349319],[101.45204465054309,2.952024124337719],[101.46942769635092,2.952099567135966],[101.47022721278165,2.950147025136439],[101.49484517366778,2.949738180817298],[101.51912762806329,2.950029903877338],[101.52404100444896,2.949624932115153],[101.54997172742085,2.964668598046852],[101.54982193580943,2.957424593040662],[101.56287701340057,2.964320688041347],[101.56026473093722,2.970264664552263],[101.56900325482098,2.974900877465325],[101.57230700963424,2.976948515576077],[101.5722594667819,2.977293077876268],[101.57286877550374,2.977484395083275],[101.5745458005408,2.979415052705852],[101.57566974601345,2.979672855096064],[101.5815222944443,2.967630149699016],[101.6022731116265,2.928002434976834],[101.6051253751694,2.922081005423744],[101.64790665096481,2.841162226169821],[101.6659688010142,2.823233486665795],[101.66686782008941,2.8236549896919],[101.67029455278299,2.82370440905443],[101.67130113988028,2.823653916624121],[101.6729715006728,2.822971580438856],[101.67436337583337,2.822030896113608],[101.6783818385031,2.818031452532835],[101.68184371166464,2.815924984115319],[101.68336868884342,2.814412395322333],[101.64954545660638,2.776184593010421],[101.63326273122051,2.756249399578012],[101.63294759577971,2.727620342418895],[101.59570881736829,2.727663238450159],[101.59565846028254,2.711392574201092],[101.59689541321274,2.651202471310856],[101.59757559352713,2.651035194832902],[101.5979796179317,2.648283465722594],[101.59703965633187,2.64750598128562],[101.59658267411177,2.646587242730834],[101.59715346280625,2.645101249689763],[101.58999367698974,2.64245366143358]]]}},{"type":"Feature","properties":{"OBJECTID":11,"KATEGORI":"Majlis Perbandaran","NAMA_PBT":"Majlis Perbandaran Hulu Selangor","Shape_area":175591.952594,"web_name":"Majlis Perbandaran Hulu Selangor","web_type":"Majlis Perbandaran","web_area":175591.952594},"geometry":{"type":"Polygon","coordinates":[[[101.36621590871152,3.801472965209296],[101.36716361164741,3.801465256475236],[101.36810442676067,3.802937692935552],[101.3688918014544,3.803006677571279],[101.3694983641357,3.802366850309229],[101.36990073439543,3.800164582930264],[101.37037037239915,3.800062215364203],[101.37180753805731,3.800577948084316],[101.37291115027482,3.801615308675523],[101.37338606000536,3.802401564587873],[101.37362686855401,3.802418936136496],[101.37386142761811,3.801977006731051],[101.37388832398901,3.800769094117911],[101.37466657319868,3.799918912596094],[101.37466346410652,3.799155784745784],[101.37508620465081,3.798732768834094],[101.3755729724165,3.799025855773522],[101.37605222179074,3.798715210375715],[101.3762358663972,3.797786431844091],[101.37671397305476,3.79728895896458],[101.37674987355366,3.796559578257468],[101.37731347716075,3.795402677698614],[101.3789381179288,3.794734973166525],[101.37976872750686,3.795604781255192],[101.37987977020417,3.794675792957649],[101.3813817753563,3.793606102641863],[101.38072377018719,3.7932732385294],[101.38057150149234,3.792902829313463],[101.38118323037817,3.791835095586576],[101.38114769757806,3.790994997196365],[101.38207549611302,3.790860308606127],[101.38296231613157,3.791076252702431],[101.38332953464881,3.790777715388731],[101.38331490393334,3.789715808775838],[101.38429131443252,3.789119994502264],[101.38342768756914,3.787897932768486],[101.38408939593695,3.786958941804077],[101.38334681333397,3.785911615398025],[101.38402403545156,3.78563488434074],[101.38415627291789,3.785347541518226],[101.38373523266,3.784998687203553],[101.38371548156168,3.784534824833441],[101.38478497157472,3.784050636536034],[101.38527167322049,3.783301071493663],[101.38627816467057,3.783386777401633],[101.38613428356005,3.782841157798619],[101.38666882563213,3.781991111162989],[101.38674764334563,3.781592255691638],[101.3861754742085,3.780191281074604],[101.38489984975988,3.779286854740743],[101.38509102907001,3.779048294422304],[101.38617780621037,3.779098899753086],[101.38630302081786,3.778807014255973],[101.3855692721754,3.7780126779281],[101.38648768274314,3.776551545334294],[101.38636218258775,3.776264591929771],[101.38574285694088,3.776083905376002],[101.38565175258755,3.775773874750794],[101.3869925190871,3.775270394840483],[101.38762974086397,3.774520413257302],[101.38704250962718,3.773946672821488],[101.3861091394611,3.773780346746497],[101.38625136893465,3.773344931080074],[101.38705355352909,3.773244072485504],[101.38659442098171,3.772740794316863],[101.38682633804352,3.77223186739984],[101.38785641354958,3.771553954325102],[101.38857025015766,3.771743107907408],[101.39058815056205,3.773215491166159],[101.39120597730277,3.773427260795482],[101.3924109563952,3.773368532820931],[101.39284302513425,3.772920097573302],[101.39297194717304,3.771928980216998],[101.3936753957611,3.771333219868272],[101.3941568454853,3.7711265782329],[101.39478343027655,3.771520670661641],[101.39506612198734,3.771256083546486],[101.39516430940478,3.770481094241928],[101.39618082973598,3.770692869852912],[101.39699702178592,3.770416524651893],[101.39844772070116,3.769252254148554],[101.39848677619284,3.768296208207414],[101.39909049402023,3.767839214410234],[101.39946145791863,3.766722166346187],[101.4002086326973,3.765887415158155],[101.40093338167743,3.765803562562047],[101.40158039125954,3.765065184653492],[101.40193653447577,3.765086268027339],[101.40289995690841,3.765952467436156],[101.40444220823281,3.765231901582863],[101.40462237000835,3.764906819068495],[101.40432514780703,3.764649621516708],[101.40350054217858,3.764920015118094],[101.4033327559441,3.764757585998582],[101.40334609205415,3.763251741105948],[101.40355421575622,3.762791919484314],[101.40465073995335,3.762379851459104],[101.40492629313832,3.761855217408109],[101.40646611642495,3.761485390365918],[101.40651101397597,3.761233690231715],[101.40575785626424,3.76092432127593],[101.40576025425258,3.760481719912758],[101.40610798971797,3.76039254907343],[101.40740748610912,3.760919123966184],[101.40768190033926,3.760790456858268],[101.40771099675923,3.760260032022601],[101.40804180967831,3.75989100270421],[101.40945625696422,3.759873261656861],[101.40988695797519,3.759600045780829],[101.40988252139192,3.75889033460715],[101.41029461631386,3.758727577287718],[101.41250925247697,3.759494156475826],[101.41301300027534,3.759454321857695],[101.41338808531974,3.760524316278658],[101.41379074871699,3.76070804259734],[101.41475184814895,3.760028768200014],[101.41520415400669,3.758398108839602],[101.4155390968286,3.75805876488926],[101.41682714600432,3.758260260774155],[101.41846860628252,3.758946347056901],[101.4189866111257,3.758840128466158],[101.41916506094262,3.758125846501084],[101.41881377586958,3.756895949832073],[101.41905958476534,3.755450679063441],[101.41995721201019,3.752949346705267],[101.4206583408425,3.751965777722218],[101.42171025886387,3.752485975347509],[101.42178415684519,3.751631492202148],[101.422464018269,3.75199038415179],[101.42324109062723,3.751705703462758],[101.42368455665621,3.752183480082871],[101.42505550059117,3.752121780106904],[101.42415445494987,3.751577987877146],[101.42401069838479,3.751275443982098],[101.42436670265987,3.750848255538519],[101.4260520672133,3.752319329228387],[101.4272686778804,3.753004481249271],[101.42766714374412,3.75298158053225],[101.42833363764576,3.751905201619487],[101.42884309366579,3.751636154222379],[101.43145305801538,3.752294984691765],[101.43285212427992,3.752138666984816],[101.43355696732654,3.751824379963686],[101.43481894544239,3.75288555615465],[101.43574390679328,3.753233538998098],[101.43657534481711,3.753024463402318],[101.43720865408348,3.752336043899742],[101.44008358131936,3.750630485382305],[101.44167468783057,3.752115118794147],[101.4418747956317,3.751892961220086],[101.44193445262077,3.750390912077151],[101.4425328932907,3.75029225367044],[101.44260351764133,3.749990595812045],[101.44191467644303,3.749021198305661],[101.44205296918877,3.747669451600562],[101.44314706917898,3.746401215859327],[101.44394161346393,3.74620079070839],[101.44356743165949,3.745293609584234],[101.44401214157638,3.745132620719487],[101.4449269220775,3.745297415227336],[101.44548110350784,3.744827244701992],[101.44531771865428,3.743896912316199],[101.4458049902332,3.743006840294973],[101.4449007551932,3.743095319332948],[101.44444209188354,3.742615248615051],[101.44547365744634,3.740967255434816],[101.4453481302523,3.73978096143777],[101.44591871170014,3.738979021503795],[101.44655071071975,3.738748178760393],[101.4480126422081,3.739037727798922],[101.44926545881556,3.738851013496623],[101.44951180343573,3.737287024607973],[101.44974412178257,3.737012950543431],[101.45029908845041,3.737865801604516],[101.45042312610738,3.737779094854508],[101.45046500205048,3.736086784920263],[101.45100097191542,3.734881139579283],[101.45165669522521,3.735219023685062],[101.45244077099576,3.733927017599231],[101.45338368734652,3.733382179327704],[101.45374477518416,3.732735947474535],[101.45393804203567,3.731232295880938],[101.45355018788926,3.730986451727327],[101.45338670424543,3.730087496247424],[101.45488912895311,3.729572477790967],[101.45483944378039,3.728725561945885],[101.45550676952217,3.728634996434732],[101.45563033812387,3.728412906768788],[101.45544802316206,3.727707786186716],[101.45581330485395,3.726766211649698],[101.45542527390053,3.725676700940825],[101.45677498631683,3.725742353616655],[101.45665990634639,3.724635513798439],[101.45771305972535,3.723698394514886],[101.45789882498936,3.722357238003306],[101.45703910139207,3.721829427548423],[101.45699744004808,3.721433620613687],[101.45746222114086,3.721230850235731],[101.45708992039746,3.720351948735692],[101.45774469803075,3.719914834699511],[101.45827434313507,3.720565521882225],[101.45868742347153,3.719125791308235],[101.45962298240534,3.718788380629614],[101.45954478025664,3.718380036739619],[101.45896582092553,3.717858943805073],[101.45918073862246,3.717463851560563],[101.4596567956656,3.717656800130324],[101.4598085520142,3.717515338862478],[101.45960965751541,3.716599612126911],[101.4597767081393,3.71551051598317],[101.46066199053354,3.715849309302269],[101.46105738992998,3.715302093333952],[101.46185071661246,3.715017985301632],[101.46217258721302,3.714302395888905],[101.46299032755694,3.714547730527139],[101.46391360355771,3.714070940257797],[101.46516024207489,3.714977415556213],[101.46496686913696,3.715923992170059],[101.4659105907917,3.715379139833891],[101.46729864381786,3.715612766630368],[101.46793682647991,3.716287489275294],[101.46860584448753,3.716495098798308],[101.46990082487908,3.716609474360025],[101.47012949626152,3.716325773954371],[101.47011107477412,3.715153632214386],[101.47184048965003,3.714130745808295],[101.4729420314222,3.714096480367632],[101.47406913181776,3.713364737526613],[101.47539327096634,3.712901193090967],[101.47575805860262,3.71232901346816],[101.47632833001875,3.712023925810969],[101.47628798219542,3.711658083092089],[101.4756860980607,3.711183007661405],[101.47652522163213,3.710406658401848],[101.47631078905563,3.709608751500558],[101.47644748278407,3.709110841397454],[101.4761046730018,3.708549146472547],[101.47667127595639,3.707940497635183],[101.47664091193948,3.707728435665563],[101.47580480359892,3.707514438142224],[101.47566413244769,3.707208803620211],[101.47688209176522,3.707293276197456],[101.47646558122858,3.70662539104059],[101.47702578143976,3.706502292473605],[101.47718735906659,3.70554997177107],[101.47779329227095,3.704449078906917],[101.4784332134829,3.704083413738435],[101.47912659120152,3.702590179581149],[101.48008159954084,3.701714658101003],[101.48100488502135,3.701530375580211],[101.48247378277105,3.701821289162336],[101.48369251804753,3.701619725946339],[101.48571968798227,3.699818401301006],[101.48773743841853,3.699606023460105],[101.48975376493745,3.698060443615446],[101.49097011665008,3.698419047705307],[101.49261850642014,3.698193210743983],[101.49257274357298,3.699189943897915],[101.49334734832642,3.699465936682973],[101.49765508905254,3.698450327357622],[101.49829000637651,3.697642307687427],[101.49992549535914,3.696675067464163],[101.50071524623337,3.694584299151737],[101.50165788502846,3.693690063050941],[101.50556382030709,3.692056037836299],[101.50659285323425,3.691252476402919],[101.50887070961173,3.688782772629734],[101.51327898165809,3.686443484411929],[101.51438327886237,3.685159634017058],[101.51508245120051,3.683460058115731],[101.51646223962952,3.682250719755522],[101.5172030590045,3.680229615016862],[101.518928678379,3.678368714544321],[101.51979785128042,3.678179398092897],[101.522159149722,3.678528885622931],[101.52339057163097,3.679854288296932],[101.52361891874206,3.679665217487114],[101.52556930336645,3.681221368504448],[101.52646980764362,3.681335720621928],[101.52693256655397,3.681028327745554],[101.52770337300336,3.681671141941206],[101.52945226572689,3.681082879879648],[101.53151061490222,3.681654255205206],[101.53227415937549,3.681645852303719],[101.53301746719487,3.681207501930387],[101.53447593593155,3.679489597349459],[101.53515852856498,3.679030731564384],[101.53587711073149,3.679002136446438],[101.53591979068997,3.67945616506622],[101.53451700893002,3.680547051582411],[101.5345792302377,3.681269072821964],[101.53564950479381,3.682180341863084],[101.53749235752828,3.683073049832862],[101.53887514727838,3.68315476766029],[101.53880939482325,3.683761129899533],[101.53838252863193,3.68443096718192],[101.53836418372236,3.685088615220278],[101.53910005856703,3.687449197088106],[101.5406860424303,3.688459921275553],[101.54173215208918,3.690851860798624],[101.54257240259568,3.692050518174895],[101.54261329716246,3.69317920075163],[101.54287215596065,3.693484860503751],[101.5444736162024,3.693864491375176],[101.54630892322581,3.696347576078263],[101.5463530618927,3.696678097568106],[101.5456121774855,3.697047219758954],[101.54583240415309,3.697918900774769],[101.54556317466555,3.700039948414184],[101.54583064994748,3.700811419359248],[101.54662217751917,3.701611427234658],[101.5475410448679,3.70202625442801],[101.5486491412298,3.701738947323378],[101.5506659917742,3.701967903323193],[101.5512114644411,3.702301461811509],[101.5519846706628,3.703330354427687],[101.5533565864938,3.703710207892798],[101.55400285938694,3.70422718315073],[101.55468771571438,3.704195093098485],[101.55510701688608,3.703833585419664],[101.55606929501816,3.703578382993457],[101.55674693648321,3.703722639178701],[101.55881600789924,3.703246814903089],[101.55977678095898,3.703456263515759],[101.56063191736703,3.705430797832493],[101.55981089379752,3.707173913182683],[101.55997877791137,3.707523419496141],[101.56047008072876,3.707917878477306],[101.56094276538093,3.707797036602345],[101.56182256239647,3.70809784424526],[101.56275644544702,3.709550835074972],[101.56451933808248,3.710077273780505],[101.56621297942259,3.711264620342511],[101.5675086613398,3.711220574850971],[101.56790261382122,3.711513022467528],[101.56834762964394,3.712934189315868],[101.56937671807367,3.714136726388662],[101.56936618812763,3.715580145278741],[101.56967186850719,3.716062292382623],[101.57012882236467,3.718083537716092],[101.57140313149462,3.719116859306656],[101.57234527011025,3.720652966547475],[101.5734838315922,3.72055818749305],[101.57396301946841,3.720104405109103],[101.57489056235377,3.720121556865434],[101.57546622784906,3.720214938658696],[101.57574945838226,3.720676957649119],[101.57690112301754,3.721060156616502],[101.57760965774682,3.720369275190769],[101.57840885172276,3.720408413792125],[101.57922636444516,3.722379736839973],[101.57909036339365,3.724042158416944],[101.57984551337228,3.725222769494335],[101.58037694213046,3.725342599194925],[101.58136243088586,3.726231849555993],[101.58116336201712,3.730183224056657],[101.5805472928183,3.731556369945144],[101.58059157734725,3.733781165073049],[101.58035780248908,3.734959165354122],[101.58140302802902,3.738842327557975],[101.58225889796762,3.740029991677608],[101.58264900438857,3.741051928575802],[101.58563598121621,3.743267819536014],[101.5865290295787,3.743795324870547],[101.58725576844323,3.743902100663605],[101.58941069620374,3.745402113584595],[101.59030481476914,3.745736291317448],[101.59113291795153,3.746465713024631],[101.59124467107802,3.747095172314107],[101.593264075669,3.749110930164903],[101.59392610064101,3.750525042088539],[101.59556571762579,3.751986947138658],[101.5956942228789,3.752450538427988],[101.59652520591962,3.753376686748206],[101.59707414851502,3.753588414696568],[101.59761046170188,3.755203157080868],[101.59858523938584,3.756667837395833],[101.59878517047925,3.758563777740341],[101.59950708183611,3.760328245640143],[101.59981719266966,3.762595589964481],[101.60092950254787,3.765066848340903],[101.60103552046803,3.765960569172529],[101.60150200692769,3.767055064984537],[101.60268097987654,3.768120903047876],[101.60277687947963,3.76901092280257],[101.60325287488061,3.770129469950875],[101.6040057660053,3.770908152636444],[101.60453370812148,3.77261445676035],[101.60477621073076,3.772955114449655],[101.60690728055233,3.774152896046514],[101.60843817433492,3.774049778370016],[101.61038720421686,3.774921467196448],[101.61111140704975,3.774824999566607],[101.61195023722499,3.774246350979957],[101.61260787157838,3.774104201812738],[101.61360495685193,3.774352423750217],[101.61455732969644,3.774152250899926],[101.61589474823153,3.773458732598344],[101.61776718466716,3.773478025784835],[101.61819167002099,3.773185179426292],[101.62111622491281,3.773718512860623],[101.62239786793923,3.773267631413386],[101.6236132956562,3.773405328867119],[101.62448558603779,3.773065401070994],[101.62499395026396,3.772081888190341],[101.62595751105455,3.772677384122527],[101.6267000083196,3.771030064115578],[101.62476797439474,3.7640329424888],[101.62869958818575,3.762089204293009],[101.63333743021606,3.760241674765333],[101.6336500526267,3.759339711525598],[101.63471267484485,3.758701132787569],[101.6362848495774,3.757276981922934],[101.63769538609466,3.756462642733895],[101.63798548113732,3.753250159498947],[101.63885489421187,3.753355189091913],[101.64118702714858,3.752224035637802],[101.64326703468252,3.748780260019943],[101.64490477015494,3.745096508210664],[101.64565276793063,3.744247950328137],[101.64619372679451,3.742823391684806],[101.64651716162172,3.742422866205684],[101.647077105315,3.742289763895047],[101.64856350157675,3.741274075746256],[101.6502640797156,3.738990136956765],[101.65084178229151,3.737267481326868],[101.65232605860122,3.734953308034555],[101.65326016643515,3.734491031170323],[101.65364040304388,3.733873575633572],[101.65374569583291,3.732042870030523],[101.65450923001562,3.730594288453259],[101.65533667737948,3.726642201832259],[101.65584472392337,3.727006415612409],[101.65682906433972,3.727155057293982],[101.65943786311725,3.726411010257427],[101.66106701688948,3.726345069016019],[101.66417337361878,3.725087578655789],[101.66491696595686,3.724520789647869],[101.66576730413918,3.724360714897622],[101.66943399709983,3.72177026344421],[101.67191570045387,3.720754798833526],[101.67516813519076,3.72025343151069],[101.67693273230933,3.721048173660982],[101.6775670746239,3.720968940854339],[101.67816090388499,3.719744328522915],[101.67983452031453,3.719437649667979],[101.68005137631,3.717971552488796],[101.68093076125518,3.717089942350819],[101.68316434234445,3.716741142840434],[101.68324876037016,3.715586185610836],[101.68408238191103,3.714203045552285],[101.68408154704052,3.71224487984625],[101.68447502507613,3.7114872536899],[101.68505984384002,3.711061933370378],[101.68645639177736,3.710839335277162],[101.68730027654776,3.709510486227525],[101.68896969682666,3.708258896896893],[101.69192417589421,3.707041340833503],[101.69315014741834,3.707543285445837],[101.69489307625943,3.708798645552934],[101.69629825525028,3.710347953237051],[101.69695808531891,3.710658256342477],[101.69907417490069,3.710136141453117],[101.70022561406475,3.710749536349851],[101.70192508707274,3.710788552754055],[101.70309367780334,3.710128106048815],[101.70563297260311,3.709573115239964],[101.70720061270283,3.708397266120794],[101.7092239644044,3.710161494460787],[101.71057410896506,3.712147616686419],[101.71184826248144,3.710172836059802],[101.71259248658731,3.710021494202986],[101.71363357228883,3.70938021781041],[101.71586255499635,3.709522276697385],[101.7167628538701,3.70881168121485],[101.7192841376331,3.7076647445346],[101.72221084011757,3.708030528069896],[101.72520406086764,3.710651028161173],[101.7261402273368,3.711009571682592],[101.72892498044786,3.71323270692275],[101.7292017014602,3.713281440357146],[101.7315898609196,3.711444200356993],[101.73247188964837,3.711668252615702],[101.73356470878373,3.712406413683353],[101.73485386161796,3.712196171243085],[101.73877139755923,3.710103771023516],[101.74024091734645,3.709719201670245],[101.7399865642049,3.707953512226152],[101.73784966232964,3.70674845367222],[101.73777446304221,3.706303446581222],[101.73809567937428,3.705488615104954],[101.73765946226939,3.704573590786979],[101.73834841348061,3.70313771583886],[101.73896179315808,3.700312924907038],[101.74014370594932,3.698747649481426],[101.7404717622712,3.697168356415047],[101.74186908933284,3.696088757873371],[101.74329574453499,3.696081516615673],[101.74409732921323,3.696548882007643],[101.7443723877867,3.696473402481411],[101.74612200185008,3.695128860363966],[101.74716536249866,3.694812873368871],[101.74838318791824,3.69347496478391],[101.74911811749736,3.690944418877622],[101.75100709785428,3.690670490660501],[101.75309355768411,3.688940131388605],[101.75367909586411,3.68805699630291],[101.75414257095602,3.685713187438231],[101.75500842840366,3.684907230737401],[101.75676075322093,3.684527736019513],[101.75824699995692,3.684706569077879],[101.75876809340151,3.683504037114655],[101.75953602341184,3.683108927010524],[101.76010369978937,3.682250919035786],[101.76154367359953,3.68284609012999],[101.7621617172644,3.682838652664465],[101.76360794615134,3.681298363533974],[101.76474768310813,3.681545523122453],[101.76639017823538,3.682322443002541],[101.76805702737964,3.681546509989863],[101.76731752819512,3.678752192879646],[101.76788316438066,3.675904681085206],[101.76835897376941,3.674665078074598],[101.771053742544,3.671673095475422],[101.77101547751245,3.67129985628718],[101.76995274584542,3.67008483782144],[101.7692326688658,3.66814708691955],[101.76828887258056,3.666568329940628],[101.76828350667554,3.665137518461479],[101.76906718926811,3.66402032342332],[101.77035867359187,3.663068675445584],[101.77223584757938,3.662374695425323],[101.77255007592879,3.662030016885665],[101.77312101620637,3.66050325185173],[101.7738352276004,3.659856925268426],[101.77668195954165,3.655926941825078],[101.77753368510547,3.653854526034907],[101.77812403279817,3.65317953861288],[101.77887165624422,3.652715036757286],[101.78219620943064,3.652335542424272],[101.78412443697195,3.650343999352969],[101.7844286725787,3.648951336161579],[101.7827365424227,3.646195734396167],[101.78341241045729,3.645042174396782],[101.7840123501636,3.644539451493819],[101.78452129829692,3.642912217331144],[101.78374259415916,3.637605635387671],[101.78366552698715,3.635634115426195],[101.78386474569818,3.633719898068482],[101.78413127359954,3.633246033943195],[101.78532653706607,3.632613845691365],[101.78609784985181,3.631905277900909],[101.78690208013315,3.630230059681575],[101.78839216593475,3.628497113478617],[101.79127391097174,3.628682459458071],[101.79329777324106,3.627676636659848],[101.79597446474304,3.627326104053604],[101.79631729673427,3.627081898003886],[101.79644486744388,3.624775316892325],[101.79759178385613,3.622587907917426],[101.79837641674582,3.619759429661696],[101.79789934770226,3.618051287069912],[101.79827044721391,3.617122767389542],[101.79829386320307,3.616232687588508],[101.79906023570571,3.615179570477476],[101.79997432858197,3.614279515977204],[101.80093626552777,3.61385797066938],[101.80419421545406,3.613980899973943],[101.80618928862964,3.612611382626993],[101.80831316967087,3.611705977243056],[101.80909879924815,3.611131375614725],[101.80847346730886,3.608121703668666],[101.80872041541114,3.606537650752252],[101.80933433461429,3.605441529761636],[101.8102152925667,3.605029584235145],[101.81256818176776,3.605004562120872],[101.81427787848438,3.604563513718377],[101.81507271079049,3.603314175037057],[101.81433743616456,3.59947670118643],[101.81434114528197,3.597203676981437],[101.81470224584916,3.595303739713637],[101.81444463660395,3.594413792440722],[101.81401562125681,3.593648343176131],[101.81252438673484,3.592677620067172],[101.8111997092591,3.591386200925273],[101.81059310307182,3.587634796047428],[101.81015450991649,3.586740145040555],[101.80806771454114,3.585286370633718],[101.80759081148898,3.583927559863054],[101.80804281829731,3.582908080111071],[101.80778027707676,3.581620950559918],[101.80800396716546,3.581261949226224],[101.80798420259701,3.579692374572165],[101.80778725537336,3.578633713605873],[101.80678242371525,3.576276208466877],[101.80662959357187,3.574405614254825],[101.80860760186322,3.572348219387905],[101.80890708513806,3.571088347472807],[101.80802013634481,3.568723610674493],[101.80791245894628,3.567585950658813],[101.80812997173362,3.566738850024873],[101.80673791711055,3.56115142942352],[101.80499979075628,3.556443463314587],[101.80437332447335,3.553400282331088],[101.80440875261569,3.552747069990402],[101.80491577628932,3.552294628188798],[101.80521539626851,3.551336232262137],[101.80509327020036,3.549821733334362],[101.80462521106669,3.549538414336895],[101.80197868574889,3.550278936913612],[101.80154286769755,3.550203763375138],[101.80094981156851,3.549970744277117],[101.80003119757596,3.548592981244338],[101.79863751617341,3.547226195141393],[101.79687269669206,3.546645560505404],[101.79531180707802,3.546807754472121],[101.79316894556831,3.547576741565719],[101.79177575891383,3.54732612158745],[101.79077864132343,3.546095530568969],[101.78954608124354,3.545575662034787],[101.78812804547748,3.545676768749374],[101.7865532296895,3.546685957758045],[101.785717243018,3.546356129864487],[101.78424075458663,3.543395838511676],[101.78285083167755,3.542395101387466],[101.78139674631701,3.541703043252491],[101.7810181504727,3.541782162120914],[101.78053561161977,3.541014320372836],[101.78053176989415,3.540371890571033],[101.77953406272873,3.537676971731264],[101.77683206242618,3.533823518675472],[101.77629524341073,3.531343741169473],[101.77659442747131,3.529272760173281],[101.77619701569033,3.527029798074527],[101.77397793947907,3.524801949240849],[101.77380614735631,3.523972960009724],[101.77209750377013,3.520858408589061],[101.77092806745766,3.517352429292689],[101.7694658747456,3.514158810839348],[101.76912999291518,3.513846704306878],[101.76597578628146,3.513227088552276],[101.76526835614536,3.512724913273717],[101.76408158605093,3.510439191864523],[101.76306661752716,3.509025529240005],[101.76199828941878,3.508153827403526],[101.76213192223669,3.502859980052036],[101.76266927145114,3.497820790909099],[101.76222947261887,3.496640181195419],[101.76235373513545,3.494741543478122],[101.76207454578945,3.493248625143567],[101.76248866895867,3.49273164204196],[101.76386731708159,3.4925767634665],[101.76458847693844,3.491718700378749],[101.7655509713221,3.486977228182256],[101.76651497419354,3.486040108340799],[101.76636751564698,3.483488379693163],[101.76714918221171,3.482117062358631],[101.76751639450025,3.480419311532803],[101.76717251637082,3.477932264195698],[101.76893257368162,3.475918118751431],[101.77007636183646,3.473925090520178],[101.77244205059588,3.472133877272817],[101.77272723410871,3.47076275890793],[101.77357656835001,3.468953551152202],[101.77506509829661,3.466813892516584],[101.77784056097111,3.458694412848565],[101.77812377659824,3.452514021230779],[101.7791968572529,3.44765406033371],[101.78060700751732,3.446092259951842],[101.78137073559492,3.444634806644148],[101.78214897168127,3.443722876322247],[101.78345845665186,3.440578361605836],[101.78332500620971,3.437409322092427],[101.7847134647995,3.435258929354857],[101.78475947852927,3.434246809785632],[101.7844697329087,3.433155871497238],[101.78485450471601,3.430830033932853],[101.78548273155644,3.429939698625718],[101.7872038582253,3.429066852260942],[101.79064913393698,3.426025518570558],[101.79136308307082,3.42516744527859],[101.79209818864996,3.423659752525194],[101.79210150367416,3.42304603105019],[101.79160097494213,3.421811623894758],[101.78942485892777,3.41925716487225],[101.78229015619519,3.413374147850734],[101.78170771060275,3.412652995497812],[101.78023822394331,3.408680560011617],[101.77640520940723,3.406618432640436],[101.77579021591198,3.404860063515938],[101.77373544629562,3.401882005979901],[101.77227453318376,3.401398072483988],[101.76724837477528,3.398485780346067],[101.76433055996864,3.398608949814236],[101.76395542218121,3.39825378311292],[101.7634119462218,3.396649702646173],[101.76347890773903,3.394323991299903],[101.76444941290384,3.391936914997513],[101.76519817384896,3.388738806055887],[101.7657286966372,3.38455739045159],[101.76533913206136,3.383821793081229],[101.76447455001322,3.383021777774665],[101.76400607087513,3.381385365970096],[101.76286645706159,3.380481373795517],[101.75991485052634,3.376118258033852],[101.7597351528523,3.373135848246774],[101.75993630320129,3.372712406676376],[101.75972212478024,3.372470691222488],[101.75738396878522,3.371470474768949],[101.7547847036439,3.371548513026577],[101.75248426414095,3.370377104587543],[101.75162577425273,3.370267333878869],[101.7499749233288,3.37101089616763],[101.74552571945839,3.374362518913735],[101.74289145097782,3.374621176982399],[101.73952278637412,3.374361402473757],[101.73795476074586,3.375658878448107],[101.73718112026695,3.377386378286352],[101.73613625686879,3.378254938755172],[101.73488621223662,3.378544635805534],[101.73341479275284,3.379235757887574],[101.73125371457759,3.379152773371878],[101.72975531570087,3.379717550447368],[101.72870844694788,3.382748894735927],[101.72637063970892,3.384715680843521],[101.72391834998267,3.385859932173249],[101.72230437285953,3.387720462505889],[101.72209110192232,3.388379005589964],[101.71903430184312,3.38864538061882],[101.71759241550787,3.388501437727252],[101.71654313690046,3.387658303457007],[101.71595373393208,3.384879283573436],[101.71371497025534,3.38364433791969],[101.71354980323763,3.383282791992519],[101.71316961199786,3.381109315438938],[101.7122249713668,3.378428585771938],[101.71216959515893,3.375736997917583],[101.71201370964499,3.375312141052999],[101.71053301785874,3.374630523791641],[101.70987437367509,3.373946658396792],[101.70929074059283,3.369630296603721],[101.70691666476769,3.36609828773262],[101.70691952244428,3.364894613281376],[101.70654268339938,3.363884469390424],[101.70623813848802,3.363508658935199],[101.70472385029785,3.36320539769503],[101.7038586043536,3.362761188606362],[101.70218293428235,3.361148691505845],[101.70068605592895,3.35667335145527],[101.70049254315477,3.352193053082108],[101.70028768721707,3.35154680385491],[101.69987566799423,3.35114813123592],[101.69807052386145,3.350999974038828],[101.69536705030694,3.348601639092238],[101.69406666546433,3.346195257822126],[101.69273761195701,3.342800001576468],[101.69008778611449,3.342277379377765],[101.68942455838544,3.341728885955106],[101.68860660664814,3.340231788713381],[101.68831480984667,3.340045714754929],[101.68742157404816,3.340220332593609],[101.6862500475653,3.33939843851179],[101.6858843975095,3.338421925619429],[101.68624690173361,3.337366146604209],[101.68620869419094,3.336729270606666],[101.68221221993089,3.332748320974245],[101.68120707500707,3.332252970880328],[101.68032623080512,3.332345190512191],[101.67997176067254,3.335148462245289],[101.6791447057849,3.338311676498746],[101.6779526219429,3.338655826211744],[101.67682285182312,3.339357022728279],[101.6760866523676,3.337634250042512],[101.67416302465585,3.336287365616478],[101.67298668726579,3.33441435148124],[101.67180771778042,3.333480472024083],[101.6710472582111,3.330595687881889],[101.66910888751468,3.328387734714665],[101.66803676215741,3.329292314524906],[101.66434666885019,3.331092122732151],[101.66421805091551,3.330558722983187],[101.66352597879524,3.329862682667655],[101.66295883965854,3.329389789287799],[101.66236167188487,3.329266248218885],[101.66113744100643,3.330003075247469],[101.65866495066953,3.330298194889584],[101.65725672301437,3.330930766629836],[101.65678353190022,3.331408092874972],[101.65659247803467,3.331725025433302],[101.65687200902559,3.33282637160178],[101.65535385072648,3.333628443977049],[101.6540440627508,3.333928626785724],[101.65218029234201,3.335074509158276],[101.65040811628505,3.335642910396133],[101.64926421394215,3.335057014486539],[101.64844603630704,3.333677182619729],[101.64659174991871,3.331720750948377],[101.64504564164608,3.329365174373937],[101.64354520473616,3.328744754112961],[101.6430254144962,3.328201183896108],[101.6421012455077,3.326206904253494],[101.64177276597826,3.324891936598567],[101.64047480651224,3.32320366583854],[101.6394828344979,3.321331125747419],[101.63786363751214,3.32157407679409],[101.63510486193398,3.32344257424031],[101.63281148759825,3.324460951507127],[101.63144405813125,3.324458043872336],[101.63061209153118,3.324152216918959],[101.62867746961358,3.323262384714426],[101.62782376694744,3.322346771480146],[101.62746391085575,3.322707853783633],[101.62696602738986,3.324006915284305],[101.6259944047031,3.323821624014854],[101.62361482887351,3.324058671503761],[101.61921973676165,3.322933170316317],[101.61502391973426,3.322940579047939],[101.61382287622625,3.323513199724505],[101.61233323366362,3.324742716711929],[101.61056815281152,3.325072009816522],[101.60930087291105,3.326182208479374],[101.60873253736358,3.326258506552263],[101.60737589806307,3.32574972811008],[101.60653054189824,3.325771658208044],[101.60500240851677,3.326032172634104],[101.60204216260134,3.327220803198197],[101.59876738947985,3.327196384090054],[101.5968033460137,3.327688505096326],[101.59100018329534,3.327689715168415],[101.59105433936689,3.330578913197238],[101.59039046375833,3.332377178517075],[101.59055147262931,3.333877380701342],[101.58837380345767,3.337664304966078],[101.58786705049319,3.339451769655946],[101.58868515401426,3.340908769412208],[101.59058891399957,3.342365545202612],[101.59059974485352,3.342939795581936],[101.58988563272192,3.343600333018105],[101.58715029177148,3.34472068383075],[101.58478613043935,3.344713981961156],[101.58307540985979,3.344219029956645],[101.5822039066495,3.343598291604487],[101.58089987778743,3.340878024989798],[101.57951063751437,3.340702431380594],[101.57757478224197,3.339382024126174],[101.5752536181599,3.340064393986228],[101.57301074869694,3.339300343460758],[101.57092525123532,3.339813971993824],[101.56988240028033,3.339516271276482],[101.5683110570936,3.339480669427444],[101.5678361355054,3.339760704807652],[101.56769714848967,3.341368639692807],[101.56738297707203,3.341903470477565],[101.56200483721749,3.34264737660244],[101.56084098361985,3.344761552668441],[101.55717674543541,3.343897220194917],[101.55471261877923,3.344051971504201],[101.55429481177916,3.344217140164531],[101.55390822012082,3.34581546724471],[101.55319309629769,3.346838657602353],[101.54411059508935,3.348752543923072],[101.54027450702141,3.349034079397815],[101.53320127519467,3.348186868081684],[101.53086622269556,3.348593900792505],[101.52802124245734,3.348529352148661],[101.52468282387255,3.347635639758626],[101.52332079934597,3.346252831604649],[101.52228754587023,3.346449176684281],[101.52193048196045,3.346899058057148],[101.52159071029308,3.34818533247227],[101.52082754009453,3.348942964680617],[101.51855225825689,3.34925880261957],[101.5174474513122,3.349866935687242],[101.51560621601128,3.349391324721546],[101.51401500757441,3.348546146539536],[101.51295131587251,3.348840362741433],[101.5124234389057,3.349266412297909],[101.51092388958426,3.35213141449125],[101.51031433562211,3.352530258963661],[101.50849775621967,3.352801848954498],[101.50673198370369,3.350955304107281],[101.50555005083267,3.350457599644294],[101.50334623137779,3.350943087064759],[101.50263919503391,3.351579635504848],[101.50204281708864,3.351780693983324],[101.49858272079773,3.355904957175846],[101.49839372303359,3.3584245219811],[101.49741170972764,3.359250123246894],[101.49839378529099,3.358984420529544],[101.49887235863659,3.359167410414905],[101.49755111368268,3.360369904836005],[101.49672270411536,3.361565164927533],[101.49658349217579,3.362193271650754],[101.49592464410765,3.362281577307636],[101.49407053002284,3.364442271598503],[101.49381959330883,3.364900946148177],[101.49412675724845,3.365191629546715],[101.49449916209466,3.36678352859484],[101.49367154194555,3.367037290442213],[101.4933734678283,3.367614348699774],[101.4921271599236,3.368407671419576],[101.48857732884937,3.3690540786772],[101.48762375712715,3.368781404853013],[101.48718452462909,3.369187016954841],[101.48713804171605,3.368630712109851],[101.48679874075663,3.368379509759391],[101.48618090695106,3.368433408174658],[101.4854701798116,3.368092515082791],[101.48355516660911,3.369309198422123],[101.48237258854256,3.369336565884994],[101.48188907409036,3.369790022520435],[101.4815180194948,3.369462885952156],[101.48119403202426,3.369527812361571],[101.48102412859527,3.370720163513303],[101.48022417170186,3.370953530149366],[101.47949570474032,3.371875995601166],[101.47951007295654,3.372773267851511],[101.4790636487937,3.37270152750705],[101.47872439644537,3.372974330113243],[101.47975666802493,3.374635984723737],[101.48016394163695,3.376139776935218],[101.47951782892842,3.379405912991705],[101.47877155868903,3.38098518375866],[101.47853953863691,3.382284457194638],[101.47760764280278,3.38485433408791],[101.4769006362861,3.386272090612364],[101.47678646384745,3.387517516451343],[101.47254365738866,3.38763633276873],[101.47033677480543,3.39050779627358],[101.46980830082911,3.391641994324033],[101.46997264770211,3.392388512057052],[101.46852290984778,3.395518322415766],[101.46649431027303,3.395130865501593],[101.46437305825064,3.397363450120035],[101.4630872271255,3.395838184887031],[101.46255152558142,3.395999735147994],[101.46205869956155,3.396408929361023],[101.46278023667855,3.397844512003959],[101.46282676990207,3.39922272050205],[101.46212678813872,3.399488366861075],[101.46061602582446,3.398892690796073],[101.46012829657245,3.3990279161505],[101.46064862299806,3.449721052907177],[101.46998193866456,3.483137332647109],[101.45709634676336,3.496781793860681],[101.43133771507667,3.523505264832418],[101.42607055242433,3.528659417782448],[101.40880545174709,3.546775259629483],[101.34944266117938,3.598894677654605],[101.34861341740799,3.610085034204559],[101.34618502774099,3.63594407821313],[101.34277384283534,3.651434364416669],[101.34173515935855,3.657267754767297],[101.34201139024682,3.657966442755015],[101.34413573437935,3.65913419811352],[101.34570751471307,3.660981453430445],[101.34599324881633,3.662254392723492],[101.34588833641,3.664771525845412],[101.3454404492933,3.667652335011764],[101.34615482164469,3.670174293047776],[101.3458878649663,3.674581663819787],[101.34639748874143,3.675667981630025],[101.34781039720093,3.676740308259091],[101.34856057696017,3.677741694533017],[101.34897965550608,3.679871230954269],[101.34894147839431,3.681440850983379],[101.34854128893808,3.682929102144617],[101.34699093104496,3.685083963445735],[101.34922011232057,3.686867836088687],[101.34391814798695,3.693091034628007],[101.34195314713989,3.694795741704719],[101.34135652665145,3.694813655078318],[101.34072777340049,3.694454713669721],[101.33976273421345,3.694848451079825],[101.33962194025759,3.696034793712727],[101.34101456497436,3.697837486724531],[101.34207960738522,3.699965377795166],[101.34318317599192,3.700765313041193],[101.34362755304906,3.701860092515406],[101.34512751183654,3.703810910074549],[101.34585970548584,3.705953946954772],[101.34669672563686,3.706704211784648],[101.34642339494323,3.708283594324038],[101.34687337257587,3.709389414219124],[101.3463348009574,3.709897430241336],[101.34633394853945,3.710186274812564],[101.34686871687406,3.710969579341753],[101.34674687376064,3.711932141081775],[101.34630990721622,3.712615964787591],[101.34494809670471,3.712658076376796],[101.34420538165233,3.713031531742134],[101.34410713620461,3.713241804686088],[101.34467678261291,3.714218247652783],[101.34470661149558,3.714692586517445],[101.34426776564246,3.715725167138187],[101.34421751079532,3.716642718836821],[101.34363120180447,3.717211640968299],[101.34366600256985,3.718193313366905],[101.34257838605029,3.71865111688003],[101.34234113037397,3.719631432806531],[101.34164203945889,3.72028170557467],[101.34072498186599,3.721951917790944],[101.34027952875356,3.723311763032006],[101.34025437942127,3.723633886190645],[101.34082803175092,3.72411235311108],[101.34088600140383,3.724488419202993],[101.3402256981664,3.725434152540326],[101.34071704201644,3.72729613512995],[101.33968554551264,3.727703222918665],[101.3397817908186,3.729119196025589],[101.33910888775306,3.730611496975437],[101.33887850626249,3.73268532801928],[101.33834085373526,3.734296163858449],[101.33826210756945,3.735803198622567],[101.33721862091359,3.737400686937955],[101.3379586568278,3.740310830338565],[101.3376951432808,3.741315095521715],[101.33691280462774,3.742701372603321],[101.33696457570369,3.744121177348314],[101.33665203502717,3.745431952148633],[101.33746416822524,3.746140619195093],[101.33741900645332,3.746662789463888],[101.33417036345487,3.749540644710097],[101.33263107650154,3.750103943317496],[101.33233839566229,3.749372202952242],[101.33190123030283,3.749351703580365],[101.33094806015356,3.750745954704014],[101.33097846493015,3.752249355713226],[101.33019649626077,3.751143956439333],[101.32971135792657,3.750981998752306],[101.32866635097919,3.752412153881229],[101.32827529085212,3.753910363018484],[101.32651404508856,3.754551851417792],[101.32632403206868,3.75590142010065],[101.32744572874599,3.757339630577709],[101.32663488290275,3.758740511667489],[101.32666291457161,3.75924565531362],[101.32783913515726,3.761270204395372],[101.3263641568843,3.764871398314695],[101.32574408456829,3.765794345425885],[101.32440049790925,3.766666551590244],[101.32482000043588,3.767608382319151],[101.32475945124057,3.768002475573137],[101.32402970383444,3.767872578978205],[101.3231162340492,3.767082761912956],[101.3213166770581,3.768100305994438],[101.31989264589087,3.768117024790082],[101.31959366122317,3.768550547834739],[101.32034614294716,3.771509652981587],[101.32037311200142,3.772647042366474],[101.32086483457925,3.772775109771662],[101.32201425380939,3.772199386053171],[101.32266299584235,3.772321696714041],[101.32276572386732,3.773999418573267],[101.3230854599466,3.774620736986155],[101.32464442936664,3.77483532242998],[101.32503357531708,3.775299135729558],[101.32481095689337,3.778132714049394],[101.32674566482898,3.778406344302014],[101.32717373893523,3.778743934593922],[101.32660244358401,3.780566928791251],[101.3267185752343,3.781623750988484],[101.32712229969773,3.782294213101584],[101.32836874199694,3.782208848988199],[101.32869903209658,3.782597026816999],[101.32639829384851,3.785029378772344],[101.32674599988295,3.786084057172768],[101.32736074803968,3.786756836871303],[101.32877919693837,3.787019901745454],[101.32964374514373,3.787712916157904],[101.33087641127617,3.787814614144082],[101.33145395687035,3.788227825581866],[101.33358112206668,3.788700700961257],[101.33369034041394,3.790379016302228],[101.33431905016673,3.790902886355225],[101.33487381289649,3.79093786553532],[101.33634364916468,3.790391890269602],[101.33685982169474,3.791100271166913],[101.33650893285807,3.793555894823188],[101.33736696246781,3.795117421093043],[101.3379890286891,3.79532415562483],[101.33876766379478,3.794734885202896],[101.33982352486545,3.79496973967203],[101.34093675937048,3.79464768931956],[101.34234886422193,3.79496950462148],[101.34332478045033,3.794365827666276],[101.34344009044963,3.795234699809555],[101.34386393222248,3.795865932271281],[101.34592328086356,3.796635068093904],[101.34754118734485,3.797961962484255],[101.34802489567033,3.797670000882952],[101.34714104692456,3.796644280551797],[101.3476693290334,3.7952710882342],[101.34750448284301,3.794689227327912],[101.34772535638828,3.794217589652727],[101.34826173025695,3.794192871402928],[101.34935157915244,3.794732494198984],[101.35058495798117,3.79431496734282],[101.3509540843116,3.794516997710138],[101.35107917567058,3.795127290042454],[101.35024898650347,3.796025624056796],[101.35025066598503,3.796692364772948],[101.35054378486203,3.796907175494018],[101.35243582123196,3.796979678497441],[101.3528439695909,3.797212630219704],[101.35275998051185,3.797734412608348],[101.35219380493734,3.798129863706271],[101.35257944132206,3.799218286703764],[101.35348859756348,3.800538017330716],[101.35488366649699,3.800252664685923],[101.35523949463456,3.800385975517034],[101.35608521974233,3.802699549658304],[101.35655635324213,3.802568649370023],[101.35716021882162,3.80179796371284],[101.3577874904972,3.801484934065793],[101.35990076999518,3.803344892140349],[101.36292875595095,3.804273391686443],[101.36430259433669,3.803555529284733],[101.36506801456518,3.802385093638176],[101.36621590871152,3.801472965209296]]]}},{"type":"Feature","properties":{"OBJECTID":8,"KATEGORI":"Majlis Perbandaran","NAMA_PBT":"Majlis Perbandaran Sepang","Shape_area":55101.1213494,"web_name":"Majlis Perbandaran Sepang","web_type":"Majlis Perbandaran","web_area":55101.1213494},"geometry":{"type":"Polygon","coordinates":[[[101.72088427945691,3.011770792491892],[101.72566770529394,3.003617273690525],[101.72648852160506,3.002641990789336],[101.72836217440951,3.000595642980726],[101.73127548220538,2.998200722598831],[101.73313868873862,2.996071928316287],[101.73580966888328,2.994156917309744],[101.73853310962198,2.988826296542292],[101.74065025583336,2.985475830162876],[101.7418037558802,2.982957136765203],[101.74213663357088,2.981946111574862],[101.74237376164213,2.979212369454333],[101.74243077420314,2.971400167940204],[101.74284617374339,2.967954538380756],[101.74499583587341,2.962230494607414],[101.74929349866079,2.955666696257285],[101.7511897097119,2.951336890087378],[101.75167456486908,2.949326859952416],[101.75180611845784,2.944005442764718],[101.7526233593232,2.939526033094484],[101.75696045101773,2.927714222031589],[101.75694048533354,2.924871696629788],[101.75593899229655,2.918880694849907],[101.75611929080544,2.917119605396752],[101.75715596747396,2.914219307787784],[101.75819307902053,2.912668494637026],[101.76153366069045,2.910446961792768],[101.76336087452525,2.908905453460188],[101.76458841464044,2.907517276283363],[101.76594886106264,2.905037981402448],[101.76643369948225,2.903085373931441],[101.76682920452033,2.890088082562995],[101.76802756605943,2.886891031196342],[101.76926452950042,2.88529229130989],[101.7716485008403,2.883549601604622],[101.78049984942186,2.879239719539315],[101.7849252768053,2.876438727513452],[101.78785594394331,2.873238529918206],[101.78960349064656,2.869257125673777],[101.76686331871505,2.869999057840029],[101.76606243786638,2.870278873085912],[101.75120091771569,2.870594750921188],[101.7523166116983,2.861729414196724],[101.75269566107325,2.85629784713186],[101.75440716461956,2.823724171475981],[101.75492366060097,2.820264151615469],[101.75818233207906,2.762178910988558],[101.76202869899221,2.703819500550316],[101.75979764812962,2.700532181889462],[101.76045410125982,2.699651462464522],[101.76020168239604,2.698991151386545],[101.75972572902178,2.698761596892023],[101.75873129975851,2.699317010360537],[101.75794608117849,2.699283752029042],[101.75746046637438,2.698575656974494],[101.75687504033809,2.698279138613142],[101.75627544145365,2.698327174929203],[101.75533775041951,2.697657499273312],[101.75499474838354,2.69643253363382],[101.75437588667904,2.695714906301567],[101.75402345568983,2.694781854085298],[101.75432303615513,2.694025666252288],[101.75519376708188,2.693580358856886],[101.7550314361622,2.691800228829835],[101.75476003709502,2.691307411602375],[101.75292785763835,2.691178755760933],[101.75155644517261,2.688212199816673],[101.7514372692273,2.687513562617813],[101.75250245108899,2.684847760371359],[101.75187357930096,2.682431305997004],[101.75144982029867,2.681656192496206],[101.75037428615276,2.681479451103893],[101.74816158779775,2.681925150659139],[101.74570105749147,2.681078852034334],[101.7440730954057,2.67947142164899],[101.74102164866427,2.675687026671435],[101.74018828814106,2.673648670650774],[101.74001622885358,2.67102630064099],[101.74044410262029,2.669576190376666],[101.74158578204693,2.668121089262557],[101.74394568681802,2.666656064145803],[101.74536327687248,2.664894612589455],[101.74602852467982,2.661520687637212],[101.74723129409797,2.657428790898611],[101.74749727372918,2.655672458962291],[101.74717741019428,2.654433150826245],[101.74637833741411,2.653414059234756],[101.74509418447475,2.652494938664133],[101.73991057524695,2.650788714070541],[101.73910615197919,2.650037628937921],[101.73504022226693,2.648247938462512],[101.73234316941624,2.646617939752467],[101.72823698473448,2.64219893936531],[101.72499498022297,2.637042309185164],[101.72452708932114,2.635703707070847],[101.72531546536436,2.634357586347879],[101.72671061353478,2.633212289046925],[101.7277166765283,2.631812271725257],[101.72903642259067,2.629005246929489],[101.72978878224959,2.626481914619601],[101.73028966532411,2.622258621541611],[101.73024993307166,2.620507159253902],[101.72964079623152,2.617469452431659],[101.72894623902567,2.616631303663882],[101.72758286357809,2.616412739971266],[101.72686559324895,2.616700061165923],[101.72486410768369,2.619191427361986],[101.72397205160877,2.619826935649241],[101.72211277933526,2.620301193322401],[101.7199320669467,2.619871083552069],[101.71716046376216,2.618906963593748],[101.71323959790512,2.616840060254475],[101.70889548214579,2.613786863423721],[101.70428344905564,2.609635453417262],[101.70297326449761,2.607988388196275],[101.7024694558326,2.605569464244744],[101.70270814606992,2.603857406125269],[101.70377857138742,2.602923973307396],[101.70762535214546,2.601157168419414],[101.71056202656766,2.599229077063832],[101.71239943572748,2.597085917521133],[101.71262756285508,2.595991185718558],[101.71072792126296,2.596016784515893],[101.70625594441884,2.594663950946261],[101.69511284829447,2.595495187115764],[101.69109005499567,2.598013612851751],[101.6878488821798,2.601667125989021],[101.68771926414584,2.606251663662947],[101.6866196848734,2.608303939618879],[101.68449238265019,2.608799061583372],[101.68119328038489,2.612452577581725],[101.67628758957902,2.614738209794836],[101.67154120729528,2.618086247461761],[101.66055727189716,2.620678206210167],[101.65385720323623,2.624928767505609],[101.65181668993472,2.62540927584589],[101.64569505975277,2.625890220128118],[101.64326380455083,2.626428978650615],[101.64117972742568,2.625512283902906],[101.63754727905865,2.625905616411996],[101.62971816604669,2.628933612583538],[101.62968927123255,2.629501228898103],[101.63009452096043,2.629792264708527],[101.6288788564915,2.629734164843376],[101.62720013262872,2.63021460081478],[101.62518852549132,2.630433101556367],[101.62359666351784,2.631175496277839],[101.62303221189542,2.630797139046213],[101.62223627882703,2.631204726098788],[101.61206246667702,2.632500879685343],[101.60976143722841,2.63298135014826],[101.6078511583157,2.633665537076862],[101.60773541914881,2.634204049297769],[101.60708414014726,2.633723807581751],[101.60607108016741,2.633607457566179],[101.60501462963366,2.633825845578341],[101.59808268324215,2.637159223547882],[101.59553569770146,2.639109640827661],[101.59398727403074,2.640637919794641],[101.59239537506669,2.641423937191786],[101.59217831645745,2.641802358047175],[101.590122025841,2.641620963605527],[101.5902506032242,2.642209559157102],[101.58999367698974,2.64245366143358],[101.59715346280625,2.645101249689763],[101.59658267411177,2.646587242730834],[101.59703965633187,2.64750598128562],[101.5979796179317,2.648283465722594],[101.59757559352713,2.651035194832902],[101.59689541321274,2.651202471310856],[101.59565846028254,2.711392574201092],[101.59570881736829,2.727663238450159],[101.63294759577971,2.727620342418895],[101.63326273122051,2.756249399578012],[101.64954545660638,2.776184593010421],[101.68336868884342,2.814412395322333],[101.68184371166464,2.815924984115319],[101.6783818385031,2.818031452532835],[101.67436337583337,2.822030896113608],[101.6729715006728,2.822971580438856],[101.67130113988028,2.823653916624121],[101.67029455278299,2.82370440905443],[101.66686782008941,2.8236549896919],[101.6659688010142,2.823233486665795],[101.64790665096481,2.841162226169821],[101.6051253751694,2.922081005423744],[101.6022731116265,2.928002434976834],[101.5815222944443,2.967630149699016],[101.57566974601345,2.979672855096064],[101.57788615677926,2.979627436336285],[101.58713448704006,2.980311474498037],[101.59435062496816,2.980276648766617],[101.59818236855949,2.980022294712061],[101.60433234035362,2.98036565819377],[101.62597124057677,2.980161367867816],[101.63300650586562,2.980302227301343],[101.63380136386314,2.980029279053573],[101.6803733165241,2.980884058711133],[101.69472498260998,2.981932945701409],[101.71359413990726,2.98374119510893],[101.71312859178859,2.986923640228024],[101.7169416329313,2.987822163333055],[101.71821773213922,2.989209552261857],[101.71880389569864,2.991487236112579],[101.71920994843379,2.996329959267758],[101.71837414211421,3.002895809175313],[101.71804579634265,3.003230887941521],[101.71835551311781,3.004269230450953],[101.71852333304811,3.007289437893021],[101.71729400618764,3.007394898410221],[101.71759697754494,3.008379928020477],[101.71958501016181,3.010886097412995],[101.72088427945691,3.011770792491892]],[[101.70700841417175,2.982838008399972],[101.70671509458457,2.980817446643492],[101.70599013537841,2.979941923143357],[101.70517966350192,2.97964785326019],[101.70477247610917,2.978915799960243],[101.70381572657345,2.978941198449295],[101.70297664634651,2.97847127045885],[101.70220878210395,2.977348110204614],[101.69712489574651,2.976516883926871],[101.69392581024672,2.975121626709435],[101.69009093284933,2.972452411355279],[101.68478905749548,2.970670078417507],[101.6820617784764,2.971320431794654],[101.67702831921218,2.972050345008728],[101.67590364759693,2.971537400364956],[101.67359392968018,2.971728221866243],[101.67062340375351,2.970483574698386],[101.66957008341339,2.969762438002967],[101.66816697635863,2.969310570247637],[101.66552826819901,2.967258279740878],[101.66499612053536,2.966350374637079],[101.66331795009405,2.965152039086662],[101.66290008583941,2.964416380364714],[101.66333830901031,2.960841541644069],[101.66428722069894,2.958045407369318],[101.66808849757729,2.955288036303654],[101.66889527248051,2.955187338010962],[101.66945936802668,2.955384594747867],[101.67427766093796,2.951115942036365],[101.6747380440835,2.950591817162737],[101.67477355159299,2.949841689571703],[101.67456931926968,2.946905871870131],[101.67378377223321,2.94622773702325],[101.66863587040335,2.945705040328966],[101.66747199910486,2.945342835410947],[101.66587243502893,2.944298811560502],[101.66480499776154,2.944119622983991],[101.66713555770929,2.941822026259727],[101.66794563535468,2.940684082844585],[101.66882679148785,2.938271995565826],[101.66870137870995,2.936391345994787],[101.66742574964795,2.931571522420279],[101.66744701613104,2.93095419416544],[101.66832823539843,2.929218333761123],[101.66810318779817,2.92821555688207],[101.6694131345292,2.927493822112023],[101.66941288482772,2.926488877941089],[101.67085490402195,2.925734806788759],[101.6710367128395,2.924726227682681],[101.67253543786111,2.922346284467259],[101.67207485634331,2.922041328846443],[101.67173912402541,2.921359487406267],[101.67241691734394,2.91948581296333],[101.6720918897289,2.918782434316609],[101.67219504029073,2.917289348343807],[101.67183406208117,2.915570267126638],[101.66965648120849,2.915524156394471],[101.6696742163383,2.915064748789768],[101.6693207135987,2.914684393985267],[101.66975181140279,2.911267474966237],[101.66948742382564,2.910359501912819],[101.66885544457408,2.909832063704652],[101.66577107691123,2.909470330138766],[101.66491764893087,2.908426115202059],[101.66417878445974,2.908742136267401],[101.66379323254971,2.908670448852327],[101.66305322517633,2.904248870993105],[101.6605930496922,2.90166173309639],[101.65968216410897,2.899131643122686],[101.66187565960156,2.89122434706546],[101.6627856525883,2.890043316095571],[101.66372789444735,2.889375516683698],[101.66339557097913,2.887954317401681],[101.66260645630804,2.887071592077973],[101.66278097735564,2.885424157038221],[101.66586015038332,2.879336311015426],[101.67112641060767,2.883372739065257],[101.67186458607065,2.880336186049559],[101.67433393132616,2.876836206759168],[101.67524172833804,2.881254145408595],[101.67647333212761,2.881512248166923],[101.67851103446048,2.879196768859484],[101.67940357597928,2.879684656577217],[101.6792787073495,2.879961048185605],[101.680902952957,2.88013290759221],[101.68083903953634,2.881471653076598],[101.68304889544112,2.882346818975194],[101.68356280506978,2.8818621590914],[101.68466948830878,2.88218129957132],[101.68494510296321,2.885081207856098],[101.68669782082877,2.885080748508518],[101.68785927252846,2.89006567919698],[101.68808825888075,2.892071915992428],[101.69067670021616,2.893585820403362],[101.69255424333106,2.893104380366065],[101.69564571309769,2.893462453274811],[101.697190769908,2.894421764269344],[101.69748190040336,2.898465129976459],[101.70088062811824,2.899716783102742],[101.70168435579978,2.901672607740504],[101.70109519559003,2.905453266428175],[101.6975209119051,2.906301275242048],[101.69760270134614,2.909521852729558],[101.70029669446183,2.909554607289738],[101.70037857972444,2.913091022305255],[101.70721833196903,2.913294876397299],[101.70749770136644,2.929257803811594],[101.73267688942525,2.929232385198092],[101.73263107437029,2.953205951392423],[101.73111326190885,2.955125374496552],[101.71526287727866,2.955203142572641],[101.7154016989614,2.963990638400368],[101.7147268870121,2.963671410824397],[101.71415579213097,2.963998184697694],[101.71386301941496,2.963869064506145],[101.71256305316203,2.962117980631492],[101.71169185642431,2.961658834804068],[101.71066012533099,2.961587354651302],[101.70920729907056,2.962061534626915],[101.70875029613465,2.961882213608785],[101.70871861240529,2.963436290683018],[101.7034244158409,2.963513183514006],[101.70328619787925,2.967091528756418],[101.70211908688546,2.968025020250231],[101.69978088623486,2.968449193473931],[101.70010675612939,2.972038175255322],[101.70060327723164,2.973093222265592],[101.70616802509825,2.977809963426483],[101.70787503480396,2.979747566862256],[101.70815008217141,2.980296614627994],[101.70794000333842,2.982209650282866],[101.70836140698682,2.982708408303119],[101.70783436275308,2.983145232031038],[101.70700841417175,2.982838008399972]]]}},{"type":"Feature","properties":{"OBJECTID":6,"KATEGORI":"Majlis Perbandaran","NAMA_PBT":"Majlis Perbandaran Kajang","Shape_area":80543.1453318,"web_name":"Majlis Perbandaran Kajang","web_type":"Majlis Perbandaran","web_area":80543.1453318},"geometry":{"type":"Polygon","coordinates":[[[101.94510832552037,3.176970453841938],[101.94695586085373,3.170910121573765],[101.94710949513086,3.168870322435394],[101.94755636435771,3.166973549645955],[101.9488749053225,3.165059105293489],[101.94995144310472,3.1639519306578],[101.95070571768785,3.161158128080358],[101.95158553620308,3.159434958017016],[101.95551241612513,3.158021165577786],[101.95588705154844,3.15751252746968],[101.95586273223255,3.156561472080034],[101.956623478542,3.154760604631474],[101.95891294404267,3.151726695909477],[101.95734595140269,3.148228341366083],[101.95724413462848,3.147026102773166],[101.95788010997222,3.145602142488461],[101.95890914785845,3.144740233512986],[101.96080119331897,3.144117111860828],[101.9618481748216,3.143428656012041],[101.96303768211753,3.142201780423755],[101.96410797312814,3.140616076413267],[101.9659466049682,3.140274109906386],[101.96622598058991,3.139699725667655],[101.96616631766351,3.139418625647171],[101.96441624356191,3.138468526916935],[101.96399346459974,3.137978272720667],[101.96280122361733,3.134180640101968],[101.96186012044609,3.132578099324999],[101.96206702757772,3.130053767073861],[101.96177450929972,3.128343201081865],[101.96264102628669,3.1241077806478],[101.96251563160169,3.123318283344912],[101.96076487886192,3.121052229142637],[101.95945422555681,3.11829544270222],[101.95691773022477,3.115539317669281],[101.953547183973,3.11379864904888],[101.95185077130039,3.112491419788466],[101.95024082955955,3.113098813339482],[101.94977655234021,3.112869368971368],[101.94886538673148,3.111531178488088],[101.94883225548924,3.109639821598123],[101.94923864701283,3.108433719208604],[101.9489691982828,3.105268412230939],[101.94918631238045,3.103976276045688],[101.9503956248052,3.101980178136285],[101.95151602439819,3.100648081876415],[101.95338970003336,3.099179202077893],[101.95436064791474,3.098809020741803],[101.95377098920822,3.097779309836211],[101.95373140896616,3.097201511060707],[101.95555154557056,3.095779313896337],[101.95641810938466,3.093830052702093],[101.9557389304236,3.092305116600795],[101.95643440692048,3.090905055763425],[101.95725672673912,3.086328712653896],[101.95843382173629,3.08422854929211],[101.95843243464903,3.081619389242778],[101.95860715350669,3.081192211312599],[101.9595205122929,3.07998224709775],[101.9619652139339,3.078172103891034],[101.96258569430444,3.076761315506485],[101.96262013189265,3.074392596626949],[101.96203350024942,3.072325683433033],[101.96221154793788,3.071449886051461],[101.96157526242952,3.069996707664852],[101.96165254240505,3.067617198288883],[101.95971617973751,3.065217235152053],[101.95932537017201,3.062098653121614],[101.96097925252246,3.060917262921999],[101.96193137769377,3.061024420586897],[101.96235970660518,3.060832780428504],[101.96332281585826,3.059217239544584],[101.96557119774666,3.057577079372742],[101.96737985867873,3.057085613846601],[101.9665339741517,3.055351417560432],[101.96510511449823,3.053916612363842],[101.96423542283159,3.052158499534768],[101.96503155087228,3.049861149910523],[101.9650310227094,3.048868210115776],[101.96534002763397,3.048090440341041],[101.96667226924272,3.04689341021542],[101.96773050514085,3.045158186024079],[101.96716979623776,3.04257445217192],[101.96719325342603,3.041928430496453],[101.96769267863597,3.041174484388543],[101.9681082759189,3.039439606761591],[101.96769076708652,3.037585546395601],[101.96777370188293,3.036891640214431],[101.96853500149122,3.036257184590605],[101.96879639974772,3.035479440437233],[101.96868692500527,3.031029215292394],[101.96966219405678,3.029952008904599],[101.96980457309297,3.029150402670854],[101.96812453833516,3.025263288120156],[101.96701810609817,3.025850074412097],[101.96436445372004,3.026138606950342],[101.96285235207147,3.024727760734471],[101.96191193380976,3.024189918349113],[101.96153112577267,3.024202083354516],[101.96093647940789,3.024920187147889],[101.96018688218288,3.02517180991364],[101.95725963112233,3.025675806476058],[101.95528412936885,3.025628991556979],[101.95467690817595,3.025055078099537],[101.95418837020158,3.023859017688828],[101.95379547615015,3.023512291408176],[101.95195066751646,3.023046690490315],[101.94811620684396,3.018119852800597],[101.94740152474267,3.016828198551923],[101.94667529764119,3.016230413797805],[101.94541357369296,3.015668793073567],[101.94456897630312,3.01631523836051],[101.94172477176862,3.016280803759932],[101.94053440422535,3.015623434958227],[101.93984374446379,3.0147504732316],[101.93965281583736,3.013709772432626],[101.93996135256066,3.011974952698536],[101.9411857479831,3.009318501747968],[101.94178032241642,3.008444886319257],[101.94318427719705,3.007893864219717],[101.94343393519553,3.007403246151076],[101.9428372273892,3.004041894450058],[101.94096754661416,3.001363089599845],[101.94029981132852,2.998719561832126],[101.93953785954012,2.99803804485886],[101.93476623778892,2.998734310794012],[101.932778856057,2.998627635547324],[101.93215988792417,2.998304937550097],[101.93146917164006,2.997276445264873],[101.9312775743828,2.994848008152852],[101.93156244188097,2.993352464793317],[101.93149038838534,2.992024583819364],[101.93007330344948,2.990039392772384],[101.92959574947409,2.9868693761055],[101.92979697978284,2.984680007539834],[101.93036704561807,2.982358861384472],[101.92984164729545,2.978674449067213],[101.92775824275095,2.976797248027161],[101.92621096159135,2.976199845014281],[101.92519905150115,2.975338987137343],[101.9241629339236,2.973628750300248],[101.92368458413871,2.968736020363124],[101.91946706054966,2.958282185905392],[101.91856214152594,2.957146111693367],[101.91747811782503,2.954718091067149],[101.91702498011207,2.95270848138398],[101.9158572459781,2.949383253459235],[101.91149688410009,2.938450895727875],[101.91093746748012,2.938152076822986],[101.90901579595867,2.932932700938147],[101.88367101689327,2.870043222137465],[101.88185595259522,2.866105679740467],[101.87096637251159,2.866526660901799],[101.86797249569524,2.866178592946413],[101.86409371546652,2.866711389706589],[101.8461364716201,2.867699732792866],[101.81596138120719,2.868338325653569],[101.78960349064656,2.869257125673777],[101.78785594394331,2.873238529918206],[101.7849252768053,2.876438727513452],[101.78049984942186,2.879239719539315],[101.7716485008403,2.883549601604622],[101.76926452950042,2.88529229130989],[101.76802756605943,2.886891031196342],[101.76682920452033,2.890088082562995],[101.76643369948225,2.903085373931441],[101.76594886106264,2.905037981402448],[101.76458841464044,2.907517276283363],[101.76336087452525,2.908905453460188],[101.76153366069045,2.910446961792768],[101.75819307902053,2.912668494637026],[101.75715596747396,2.914219307787784],[101.75611929080544,2.917119605396752],[101.75593899229655,2.918880694849907],[101.75694048533354,2.924871696629788],[101.75696045101773,2.927714222031589],[101.7526233593232,2.939526033094484],[101.75180611845784,2.944005442764718],[101.75167456486908,2.949326859952416],[101.7511897097119,2.951336890087378],[101.74929349866079,2.955666696257285],[101.74499583587341,2.962230494607414],[101.74284617374339,2.967954538380756],[101.74243077420314,2.971400167940204],[101.74237376164213,2.979212369454333],[101.74213663357088,2.981946111574862],[101.7418037558802,2.982957136765203],[101.74065025583336,2.985475830162876],[101.73853310962198,2.988826296542292],[101.73580966888328,2.994156917309744],[101.73313868873862,2.996071928316287],[101.73127548220538,2.998200722598831],[101.72836217440951,3.000595642980726],[101.72648852160506,3.002641990789336],[101.72566770529394,3.003617273690525],[101.72088427945691,3.011770792491892],[101.72413773194765,3.013684169996444],[101.72383175903185,3.015181936817543],[101.72841139257699,3.024071213415573],[101.72892636882425,3.024125512148341],[101.72979501587241,3.026605850409712],[101.72985524720683,3.028938720036589],[101.73089119857924,3.030876484072252],[101.73063078919073,3.035345542997824],[101.73053859658629,3.054988255582809],[101.74958376990878,3.054949464733499],[101.74963912931325,3.063917285043166],[101.75009919454756,3.073071596939474],[101.7486427621961,3.073813827310821],[101.74952401393445,3.075536272262179],[101.74949089353412,3.076139243681779],[101.74779143277826,3.076154175174196],[101.74780656837294,3.078709573138582],[101.74550815304967,3.081318390532886],[101.74607701096281,3.082313121416558],[101.75170900351678,3.086998505440144],[101.75237337363171,3.087841703610183],[101.76479507305017,3.099315120238822],[101.77951341188411,3.112352322997876],[101.78319545040013,3.11484891365288],[101.78243134261577,3.114755885606746],[101.78208873787925,3.115179519865036],[101.7893696000993,3.126575522870775],[101.80726863501283,3.145163226691991],[101.80854791194078,3.147725270340461],[101.80994921904342,3.151841306631621],[101.81137872584746,3.155020594339149],[101.81167971811323,3.157654809752133],[101.81139102159672,3.158943384566204],[101.8100138893088,3.161707489038569],[101.80961137220194,3.164090760253744],[101.80781004545732,3.168642366609975],[101.80605484195998,3.172490505301921],[101.8044740081793,3.174885019521001],[101.80283301712586,3.178661328736337],[101.804840292814,3.180081770090802],[101.80251043129897,3.184543860735672],[101.80278597617156,3.18605472654038],[101.80362944893133,3.18803552399794],[101.8060017525928,3.191433360821976],[101.80687010018065,3.1930875434085],[101.80775602674755,3.194056215631907],[101.8089146083964,3.198172341198144],[101.8097470629474,3.19934201756104],[101.81035536567927,3.202474976180722],[101.81203050409725,3.203604822388727],[101.81258791545119,3.204519789396978],[101.81306258553528,3.210682724013609],[101.81142761320952,3.214643281229017],[101.81139862191773,3.216503598146475],[101.81242853580447,3.217322660599468],[101.81310161730148,3.218734057758399],[101.81525089846136,3.220790857233487],[101.81554274261752,3.221341049524093],[101.81561470142428,3.222645026314106],[101.81715722649332,3.225342115013001],[101.81653349354971,3.228117878985112],[101.8166350495418,3.229033033462781],[101.8179688886333,3.230773138236239],[101.81863031268026,3.232722885312566],[101.8199220869438,3.233482008826565],[101.82157719567917,3.234940831239193],[101.82447232822183,3.24136988805729],[101.82537148923728,3.2425179807048],[101.82662768627205,3.24354030213492],[101.82720551381809,3.244784238800992],[101.82871809472823,3.246883146037483],[101.82924267330313,3.248106446355147],[101.82992705243942,3.248742916411184],[101.83068943116498,3.250094439103324],[101.83063613029353,3.250698611025418],[101.83002952097473,3.251721742646295],[101.83049990099346,3.252206051298242],[101.831523673441,3.252462812758297],[101.83119778160582,3.25577081837251],[101.8307466009055,3.25685298104422],[101.8307899118566,3.257908128129299],[101.83200818520191,3.259249876878878],[101.833118853914,3.259497026594817],[101.83541969980169,3.262137507514686],[101.83599450278574,3.2618680764363],[101.83708764008952,3.26283661744647],[101.83826624334567,3.263266769155433],[101.83929165468696,3.264500923300455],[101.84026640435496,3.264231309812054],[101.84054142521993,3.264360389664737],[101.84179232841177,3.266750095163461],[101.84307496886383,3.268231768344388],[101.84410097590214,3.270761542149774],[101.84416398309052,3.272057857709816],[101.84452719725537,3.272422573078162],[101.84694944108004,3.272265942523999],[101.84893701884144,3.271678827558004],[101.85023456670378,3.27188160547391],[101.85241966362452,3.273728923443814],[101.85369427120567,3.275803962391178],[101.85431312703352,3.275218577064266],[101.8578884824318,3.27436691221612],[101.85863068943728,3.273167842175758],[101.86076557288476,3.271960937132769],[101.86149357520682,3.270941321573432],[101.86291456348638,3.270387945231767],[101.8688495091057,3.270363579583666],[101.8696349794709,3.270061727849315],[101.87234938828695,3.271043799083546],[101.87448536624701,3.272155346598426],[101.87533520031539,3.272032907999033],[101.87631325319538,3.271214144752369],[101.87768290989823,3.267911618108432],[101.88167347354815,3.264270440919931],[101.88334426454418,3.263422619797649],[101.88517140744051,3.261009926949369],[101.8855355622701,3.260844653898485],[101.88824969849733,3.261295516054306],[101.88918520678573,3.261137134918605],[101.89049174052582,3.260267951429255],[101.89109901681068,3.260705501713412],[101.89229981193635,3.262635764539743],[101.8931723065128,3.265011222510076],[101.89378682936541,3.26564974902251],[101.89759390479803,3.266516351320871],[101.89917943572935,3.266565789683093],[101.90030784777561,3.266543679927371],[101.90101471579266,3.266184422150058],[101.90354904727235,3.264123058133489],[101.9062127998407,3.263777145612499],[101.90791564910876,3.263278595657185],[101.90901011560344,3.262063763575685],[101.90934783066946,3.259096715508867],[101.91003793407272,3.258558013410046],[101.91112706784162,3.258557447069744],[101.91384775081382,3.260147131209028],[101.91511511618012,3.259536344468069],[101.91668621801048,3.259326163230671],[101.91747782165115,3.259415470234711],[101.91871020346012,3.260198408217307],[101.9207691889331,3.259712809635194],[101.92301040314176,3.260168992912296],[101.92539584544274,3.260275387967073],[101.92568499429949,3.260092196790856],[101.92589543029828,3.259621931743689],[101.92834048094103,3.257668231829162],[101.92791804132426,3.255655058722854],[101.92860300887953,3.254434448409777],[101.92923487562257,3.254085980774699],[101.93008853091963,3.254473127584661],[101.93108114392925,3.254282378124653],[101.93177714221511,3.25366470345432],[101.93332569461151,3.251381296162353],[101.93480365971836,3.250655527934875],[101.93344583208838,3.249005349069124],[101.932648729385,3.247523545336803],[101.93218370262983,3.246005671984063],[101.93086906216675,3.244965585531357],[101.93228122643856,3.242882019426903],[101.93317884525096,3.24091359622838],[101.9351538890223,3.239351337328396],[101.93839653639616,3.237704644423076],[101.9401394485062,3.236118578045603],[101.94260024911186,3.230422778557496],[101.94390259950481,3.228573760571967],[101.94508852108261,3.225600031677891],[101.94717803006637,3.222299451290942],[101.94729490203517,3.218341983101384],[101.9490689287799,3.214957833481451],[101.9486054976128,3.212000802880096],[101.9480429267614,3.210584677296899],[101.9482187669663,3.21000077988012],[101.95033570336064,3.206855704923377],[101.94553552997405,3.204848530276278],[101.94722902748683,3.197834814371875],[101.94783888606447,3.192074231011571],[101.9475291155138,3.191500169443406],[101.94514171967815,3.189677089548301],[101.94355474076829,3.187445028440156],[101.94135777946019,3.185585944309449],[101.9404228226238,3.184402095070585],[101.94093421145487,3.183636178407302],[101.94463800389417,3.181243386608923],[101.94509803712052,3.17998517208067],[101.94510832552037,3.176970453841938]]]}},{"type":"Feature","properties":{"OBJECTID":7,"KATEGORI":"Majlis Perbandaran","NAMA_PBT":"Majlis Perbandaran Ampang Jaya","Shape_area":13914.6619901,"web_name":"Majlis Perbandaran Ampang Jaya","web_type":"Majlis Perbandaran","web_area":13914.6619901},"geometry":{"type":"Polygon","coordinates":[[[101.8320934132473,3.289999482410249],[101.83485351296312,3.289287626411509],[101.83591733120528,3.288497569492825],[101.83728838652142,3.287998081780321],[101.83836637496655,3.286960375646334],[101.83981614754019,3.286812570733748],[101.84176563099558,3.286147721398462],[101.84364444657052,3.287151782234019],[101.84430509232038,3.287162246942255],[101.84703316257928,3.286726726267659],[101.84843633947952,3.286205675532012],[101.85115970911303,3.283322456151066],[101.85369427120567,3.275803962391178],[101.85241966362452,3.273728923443814],[101.85023456670378,3.27188160547391],[101.84893701884144,3.271678827558004],[101.84694944108004,3.272265942523999],[101.84452719725537,3.272422573078162],[101.84416398309052,3.272057857709816],[101.84410097590214,3.270761542149774],[101.84307496886383,3.268231768344388],[101.84179232841177,3.266750095163461],[101.84054142521993,3.264360389664737],[101.84026640435496,3.264231309812054],[101.83929165468696,3.264500923300455],[101.83826624334567,3.263266769155433],[101.83708764008952,3.26283661744647],[101.83599450278574,3.2618680764363],[101.83541969980169,3.262137507514686],[101.833118853914,3.259497026594817],[101.83200818520191,3.259249876878878],[101.8307899118566,3.257908128129299],[101.8307466009055,3.25685298104422],[101.83119778160582,3.25577081837251],[101.831523673441,3.252462812758297],[101.83049990099346,3.252206051298242],[101.83002952097473,3.251721742646295],[101.83063613029353,3.250698611025418],[101.83068943116498,3.250094439103324],[101.82992705243942,3.248742916411184],[101.82924267330313,3.248106446355147],[101.82871809472823,3.246883146037483],[101.82720551381809,3.244784238800992],[101.82662768627205,3.24354030213492],[101.82537148923728,3.2425179807048],[101.82447232822183,3.24136988805729],[101.82157719567917,3.234940831239193],[101.8199220869438,3.233482008826565],[101.81863031268026,3.232722885312566],[101.8179688886333,3.230773138236239],[101.8166350495418,3.229033033462781],[101.81653349354971,3.228117878985112],[101.81715722649332,3.225342115013001],[101.81561470142428,3.222645026314106],[101.81554274261752,3.221341049524093],[101.81525089846136,3.220790857233487],[101.81310161730148,3.218734057758399],[101.81242853580447,3.217322660599468],[101.81139862191773,3.216503598146475],[101.81142761320952,3.214643281229017],[101.81306258553528,3.210682724013609],[101.81258791545119,3.204519789396978],[101.81203050409725,3.203604822388727],[101.81035536567927,3.202474976180722],[101.8097470629474,3.19934201756104],[101.8089146083964,3.198172341198144],[101.80775602674755,3.194056215631907],[101.80687010018065,3.1930875434085],[101.8060017525928,3.191433360821976],[101.80362944893133,3.18803552399794],[101.80278597617156,3.18605472654038],[101.80251043129897,3.184543860735672],[101.804840292814,3.180081770090802],[101.80283301712586,3.178661328736337],[101.8044740081793,3.174885019521001],[101.80605484195998,3.172490505301921],[101.80781004545732,3.168642366609975],[101.80961137220194,3.164090760253744],[101.8100138893088,3.161707489038569],[101.81139102159672,3.158943384566204],[101.81167971811323,3.157654809752133],[101.81137872584746,3.155020594339149],[101.80994921904342,3.151841306631621],[101.80854791194078,3.147725270340461],[101.80726863501283,3.145163226691991],[101.7893696000993,3.126575522870775],[101.78208873787925,3.115179519865036],[101.78243134261577,3.114755885606746],[101.78319545040013,3.11484891365288],[101.77951341188411,3.112352322997876],[101.76479507305017,3.099315120238822],[101.75237337363171,3.087841703610183],[101.75170900351678,3.086998505440144],[101.74607701096281,3.082313121416558],[101.74590236388742,3.083210442631532],[101.74508353323534,3.084073633049342],[101.74506103015597,3.086190462194475],[101.75115944309248,3.092265368754487],[101.75172138124618,3.096360278197348],[101.75248216800456,3.097232154682508],[101.75064845394078,3.101532462651361],[101.75361249647516,3.103336730982955],[101.7531843240352,3.104140825298788],[101.75350576449968,3.104445782904581],[101.7517144776458,3.1075365700267],[101.74927285459758,3.109123767858462],[101.74685595862094,3.109942896251566],[101.74765968476282,3.111073172090339],[101.74566354480781,3.110259137833035],[101.74528511522131,3.110363348604881],[101.74558174941613,3.111224619474029],[101.74455715939563,3.111587460641896],[101.7439138663185,3.109742907258213],[101.7426750352013,3.110055572150358],[101.74114685530421,3.109934057666508],[101.73806369461991,3.113599267780817],[101.73851400735528,3.114901933084558],[101.73747655785039,3.115988564165216],[101.73763853582624,3.116347415395743],[101.7385716898502,3.116586374786786],[101.73830535405803,3.117366483793214],[101.73779596128198,3.117337940981972],[101.73755803089206,3.117639500354391],[101.73882918825014,3.117878346938482],[101.73936265974332,3.118739540714504],[101.7392487029977,3.119639233946819],[101.74052991530836,3.121476398010456],[101.74042079804595,3.12261057415955],[101.74089260381615,3.124127386953681],[101.73649703922678,3.134001136810629],[101.73549736214574,3.134192885442288],[101.7353501967857,3.135456279992753],[101.73501223142321,3.135585598040576],[101.73626537159765,3.13886796539785],[101.73955597899307,3.141781169907778],[101.74038493638226,3.143561057907741],[101.73889039382739,3.144523426849133],[101.74163862833112,3.148398668817666],[101.74060085292291,3.148590436671582],[101.74066350803426,3.150873049419802],[101.74677586135851,3.149578903133822],[101.74683861030387,3.152095998148671],[101.7471615792142,3.153665074689919],[101.74815780041608,3.153445022599187],[101.75034918347528,3.157602765350474],[101.74913065774015,3.158277930148449],[101.74905460230838,3.158617719374239],[101.7509309819929,3.160445083727438],[101.74978368360522,3.160593831715617],[101.74837987939247,3.162132211067775],[101.74822255834303,3.161795508368993],[101.74651835501342,3.162265067589869],[101.74207181448656,3.162391016336951],[101.73999604164331,3.162195522149399],[101.73961527446102,3.162482775113407],[101.73953034501366,3.164760652166074],[101.73585501356104,3.164795390828925],[101.73512648475968,3.164417588835202],[101.7352575603381,3.172045468067381],[101.73348655645414,3.172132198822858],[101.73344399549899,3.172998370040405],[101.73182050510145,3.172869705853618],[101.73105423734977,3.173563843405707],[101.73237360472882,3.175420138841184],[101.73329245453311,3.175434188106563],[101.73375927695409,3.176214051612055],[101.7328409456416,3.177769613087309],[101.73403605805107,3.178175971620333],[101.74046773959637,3.177432057697567],[101.74043900290403,3.17692481577755],[101.7434476719427,3.176349536583789],[101.74354268353808,3.175746544427549],[101.74647064657755,3.175850810241105],[101.74678941656215,3.175247740253434],[101.75015076753769,3.175787315371363],[101.75010808767858,3.17627065461973],[101.75198405327731,3.176805958036235],[101.7518985716222,3.177418517828114],[101.7525748621336,3.178126516352895],[101.75343211539557,3.17897322641151],[101.75528448252982,3.180073206902581],[101.7562896166171,3.181738162225338],[101.75741441911988,3.185211948426332],[101.75801430615282,3.185250015948342],[101.75848639102922,3.187369770929726],[101.75797729239409,3.188264820962276],[101.7583300164541,3.189432327469864],[101.75792577488362,3.190657531219896],[101.75783123870406,3.192571718575176],[101.75692185096877,3.192433269656239],[101.75643315035683,3.197147048139239],[101.75383960439375,3.200471426683407],[101.75076158674729,3.200328960028307],[101.75065848355896,3.201606694667296],[101.74988027126273,3.20219916163337],[101.74801879038654,3.202376877391311],[101.74753805795011,3.20274073583836],[101.74598357232509,3.209536532006167],[101.74495547184281,3.21034083710989],[101.74347567681491,3.212896751094854],[101.74131017215433,3.215122709599596],[101.74023909404836,3.215577692279325],[101.73921548671832,3.215625899357708],[101.73861571455231,3.21597543936809],[101.7395777718521,3.216932186098624],[101.73983041809248,3.217841323060343],[101.73949270876807,3.218793732330147],[101.73935534762334,3.2208706391365],[101.73954154463809,3.222377972713615],[101.74027521070926,3.22372241338463],[101.7411608633545,3.223990087961957],[101.7424422262823,3.225822445796587],[101.74263284172619,3.226320059651499],[101.74242837099652,3.227061866158099],[101.74328566775144,3.227927721823422],[101.7439284474716,3.228018419093865],[101.74363813350601,3.229202704777808],[101.74473115927533,3.22907510972093],[101.74499309281721,3.229284378302439],[101.74514828919081,3.230606286703826],[101.74632078782327,3.230821215673728],[101.74680906139163,3.23156277785182],[101.74681519502107,3.232083186340307],[101.74847567243928,3.232190268651623],[101.74914229635685,3.232381446842207],[101.74924958183675,3.232836020109949],[101.75051850173412,3.233065265609494],[101.75074718302498,3.233481512149232],[101.75046216109541,3.235304845104554],[101.75024799399529,3.235541798172135],[101.75026976469579,3.2365180085511],[101.74984836847554,3.236417666148283],[101.74952715658644,3.236884355748541],[101.7500130315892,3.23755892119814],[101.74995612143744,3.238190612121056],[101.75137756314004,3.238864841753909],[101.75247016229883,3.238627572457152],[101.75328040920868,3.238768212323543],[101.75336718637026,3.23902920194349],[101.7540182286592,3.239277214826386],[101.75497419011077,3.23897120657598],[101.75572738710669,3.239029177846908],[101.75748415885529,3.238452194255219],[101.75785640925656,3.23843220706832],[101.758406230793,3.238883189545999],[101.75863838307934,3.239669241591947],[101.76002742711214,3.241155199462672],[101.76032922738433,3.241793181449569],[101.7608882613765,3.241913239736056],[101.76121642289662,3.242695196312074],[101.76192238824851,3.243360210692325],[101.76273727973695,3.243670218487109],[101.7626213257892,3.244412220346514],[101.76241915700076,3.244674185579042],[101.76199918719693,3.244601214510745],[101.76182528017219,3.245184236516511],[101.76354721268387,3.245212206329481],[101.76406517936566,3.245822187297338],[101.76424341200345,3.246446182254893],[101.76383817462812,3.247090218522479],[101.76401238461303,3.247730220992638],[101.76310028967944,3.24886520506396],[101.76449036668167,3.248196231822241],[101.76485120250861,3.248341206544254],[101.76530133826519,3.248909240033237],[101.76508418886753,3.249956232805602],[101.7655042336666,3.250320239509803],[101.7657073457936,3.251354193158342],[101.76656213011591,3.251397207036742],[101.76679334877149,3.250887245773953],[101.76777830980078,3.25133820270174],[101.76881112898246,3.253659271871521],[101.77074527794407,3.255122280738368],[101.77161722097688,3.256853264144797],[101.77237014510412,3.256999220837394],[101.77277532925629,3.257362232665344],[101.77279027079855,3.258861277220741],[101.77390231128462,3.25966020847666],[101.78051516266676,3.283204221676508],[101.78364309089673,3.286099267643431],[101.78426621110219,3.286026292735606],[101.78464211688379,3.285720230748405],[101.78540807294453,3.284731238828904],[101.78525003727619,3.284425233138871],[101.78655323674609,3.283057237881736],[101.78839210921194,3.28237227913268],[101.78923206351647,3.282444306841531],[101.78969512017127,3.282590238730476],[101.79098513704841,3.287320257036144],[101.79189809261223,3.288163263390329],[101.79282516647427,3.28854131300802],[101.79441801617403,3.288541314581673],[101.79557502403338,3.287173259069057],[101.79603825959741,3.284655275772166],[101.79641405505932,3.28397135243364],[101.79679123716843,3.283810350867679],[101.79993314342308,3.283431317146296],[101.8005400681643,3.283053282689511],[101.80934508234273,3.282875329944126],[101.81313926381378,3.283645370813487],[101.81605104487086,3.285304418817867],[101.82072913265728,3.289013363803533],[101.82264106674997,3.289275405610287],[101.82478423473432,3.289143415088946],[101.82975163116733,3.291870392282842],[101.8320934132473,3.289999482410249]]]}},{"type":"Feature","properties":{"OBJECTID":5,"KATEGORI":"Majlis Perbandaran","NAMA_PBT":"Majlis Perbandaran Selayang","Shape_area":52326.3364395,"web_name":"Majlis Perbandaran Selayang","web_type":"Majlis Perbandaran","web_area":52326.3364395},"geometry":{"type":"Polygon","coordinates":[[[101.43281948629702,3.309285079008769],[101.4370480122829,3.316154663173825],[101.43908972849988,3.320473447118342],[101.4459529800917,3.332508524756317],[101.446466192914,3.355598365808166],[101.44375797640507,3.35564637617308],[101.444083461401,3.367167271685668],[101.44388519590255,3.395365708620165],[101.44403410086917,3.397058556803039],[101.4454983904229,3.397118290353312],[101.44656984055483,3.397477136477901],[101.44651749548078,3.398084893046482],[101.44790684384876,3.399089755717939],[101.45084622659299,3.400507263900546],[101.45284261115353,3.399721121893274],[101.4552676487358,3.400166005778266],[101.45694277993849,3.401960436121156],[101.45753566072536,3.402251110697912],[101.45797493208569,3.402014199104289],[101.45818202878854,3.401350201839829],[101.45981759725888,3.399243284693437],[101.46034459719917,3.398899889129164],[101.46212678813872,3.399488366861075],[101.46282676990207,3.39922272050205],[101.46278023667855,3.397844512003959],[101.46215158741772,3.396818079043885],[101.46215154183034,3.396211522141305],[101.4630872271255,3.395838184887031],[101.46437305825064,3.397363450120035],[101.46649431027303,3.395130865501593],[101.46852290984778,3.395518322415766],[101.46997264770211,3.392388512057052],[101.46980830082911,3.391641994324033],[101.47033677480543,3.39050779627358],[101.47254365738866,3.38763633276873],[101.47678646384745,3.387517516451343],[101.4769006362861,3.386272090612364],[101.47760764280278,3.38485433408791],[101.47853953863691,3.382284457194638],[101.47877155868903,3.38098518375866],[101.47951782892842,3.379405912991705],[101.48016394163695,3.376139776935218],[101.47975666802493,3.374635984723737],[101.47872439644537,3.372974330113243],[101.4790636487937,3.37270152750705],[101.47951007295654,3.372773267851511],[101.47949570474032,3.371875995601166],[101.48022417170186,3.370953530149366],[101.48102412859527,3.370720163513303],[101.48119403202426,3.369527812361571],[101.4815180194948,3.369462885952156],[101.48188907409036,3.369790022520435],[101.48237258854256,3.369336565884994],[101.48355516660911,3.369309198422123],[101.4854701798116,3.368092515082791],[101.48618090695106,3.368433408174658],[101.48679874075663,3.368379509759391],[101.48713804171605,3.368630712109851],[101.48718452462909,3.369187016954841],[101.48762375712715,3.368781404853013],[101.48857732884937,3.3690540786772],[101.4921271599236,3.368407671419576],[101.4933734678283,3.367614348699774],[101.49367154194555,3.367037290442213],[101.49449916209466,3.36678352859484],[101.49412675724845,3.365191629546715],[101.49381959330883,3.364900946148177],[101.49407053002284,3.364442271598503],[101.49592464410765,3.362281577307636],[101.49658349217579,3.362193271650754],[101.49672270411536,3.361565164927533],[101.49755111368268,3.360369904836005],[101.49887235863659,3.359167410414905],[101.49839378529099,3.358984420529544],[101.49741170972764,3.359250123246894],[101.49839372303359,3.3584245219811],[101.49858272079773,3.355904957175846],[101.50204281708864,3.351780693983324],[101.50263919503391,3.351579635504848],[101.50334623137779,3.350943087064759],[101.50555005083267,3.35045759964426],[101.50673198370369,3.350955304107247],[101.50849775621967,3.352801848954498],[101.51031433562208,3.352530258963609],[101.51092388958426,3.35213141449125],[101.5124234389057,3.349266412297859],[101.5129513158725,3.348840362741382],[101.51401500757441,3.348546146539536],[101.51560621601128,3.349391324721513],[101.51744745131218,3.349866935687242],[101.5185522582569,3.34925880261957],[101.5208275400945,3.348942964680566],[101.52159071029308,3.34818533247227],[101.52193048196045,3.346899058057148],[101.52228754587023,3.346449176684281],[101.52332079934597,3.346252831604649],[101.52468282387255,3.347635639758626],[101.52802124245734,3.348529352148661],[101.53086622269556,3.348593900792505],[101.53320127519467,3.348186868081651],[101.54027450702142,3.349034079397815],[101.54411059508935,3.348752543923072],[101.55319309629766,3.346838657602318],[101.5539082201208,3.34581546724471],[101.55429481177916,3.344217140164531],[101.55471261877923,3.344051971504201],[101.55717674543541,3.343897220194917],[101.56084098361985,3.344761552668441],[101.56200483721749,3.34264737660244],[101.56738297707203,3.341903470477565],[101.56769714848967,3.341368639692807],[101.5678361355054,3.339760704807652],[101.5683110570936,3.339480669427444],[101.56988240028033,3.339516271276482],[101.57092525123532,3.339813971993824],[101.57301074869694,3.339300343460758],[101.5752536181599,3.340064393986228],[101.57757478224197,3.339382024126174],[101.57951063751437,3.340702431380594],[101.58089987778743,3.340878024989798],[101.5822039066495,3.343598291604487],[101.58307540985979,3.344219029956645],[101.58478613043935,3.344713981961156],[101.58715029177148,3.34472068383075],[101.58988563272192,3.343600333018105],[101.59059974485352,3.342939795581936],[101.59058891399957,3.342365545202612],[101.58868515401426,3.340908769412208],[101.58786705049319,3.339451769655946],[101.58837380345767,3.337664304966078],[101.59055147262931,3.333877380701342],[101.59039046375833,3.332377178517075],[101.59105433936689,3.330578913197238],[101.59100018329534,3.327689715168415],[101.5968033460137,3.327688505096326],[101.59876738947985,3.327196384090054],[101.60204216260134,3.327220803198197],[101.60500240851677,3.326032172634104],[101.60653054189824,3.325771658208044],[101.60737589806307,3.32574972811008],[101.60873253736358,3.326258506552263],[101.60930087291105,3.326182208479374],[101.61056815281152,3.325072009816522],[101.61233323366362,3.324742716711929],[101.61382287622625,3.323513199724505],[101.61502391973426,3.322940579047939],[101.61921973676165,3.322933170316317],[101.62361482887351,3.324058671503761],[101.6259944047031,3.323821624014854],[101.62696602738986,3.324006915284271],[101.62746391085574,3.322707853783633],[101.62782376694744,3.322346771480146],[101.62867746961358,3.323262384714426],[101.63061209153118,3.324152216918959],[101.63144405813125,3.324458043872336],[101.63281148759825,3.324460951507127],[101.63510486193398,3.32344257424031],[101.63786363751211,3.321574076794056],[101.6394828344979,3.321331125747419],[101.64047480651224,3.32320366583854],[101.64177276597826,3.324891936598567],[101.64210124550767,3.32620690425346],[101.6430254144962,3.328201183896108],[101.64354520473616,3.328744754112961],[101.64504564164608,3.329365174373937],[101.64659174991868,3.331720750948377],[101.64844603630704,3.333677182619729],[101.64926421394215,3.335057014486505],[101.65040811628502,3.335642910396082],[101.65218029234201,3.335074509158276],[101.65404406275077,3.333928626785724],[101.65535385072647,3.333628443977015],[101.65687200902559,3.33282637160178],[101.65659247803464,3.331725025433302],[101.65678353190022,3.331408092874972],[101.65725672301437,3.330930766629802],[101.65866495066953,3.330298194889584],[101.66113744100643,3.330003075247469],[101.66236167188487,3.329266248218885],[101.66295883965854,3.329389789287799],[101.66352597879524,3.329862682667655],[101.66421805091551,3.330558722983187],[101.66434666885019,3.331092122732151],[101.6680367621574,3.329292314524906],[101.66910888751468,3.328387734714615],[101.6710472582111,3.330595687881838],[101.67180771778042,3.33348047202405],[101.67298668726579,3.33441435148124],[101.67416302465585,3.336287365616478],[101.6760866523676,3.337634250042512],[101.67682285182312,3.339357022728279],[101.6779526219429,3.338655826211744],[101.6791447057849,3.338311676498746],[101.67997176067253,3.335148462245238],[101.68032623080512,3.332345190512158],[101.68120707500707,3.332252970880328],[101.68221221993086,3.332748320974195],[101.68620869419094,3.336729270606666],[101.68624690173361,3.337366146604209],[101.6858843975095,3.338421925619429],[101.6862500475653,3.33939843851179],[101.68742157404816,3.340220332593609],[101.68831480984667,3.340045714754929],[101.68860660664814,3.340231788713381],[101.68942455838544,3.341728885955106],[101.69008778611449,3.342277379377715],[101.692737611957,3.342800001576468],[101.69406666546433,3.346195257822126],[101.69536705030694,3.348601639092238],[101.69807052386145,3.350999974038828],[101.69987566799423,3.35114813123592],[101.70028768721707,3.35154680385491],[101.70049254315477,3.352193053082058],[101.70068605592895,3.356673351455219],[101.70218293428235,3.361148691505845],[101.7038586043536,3.362761188606362],[101.70472385029785,3.363205397695081],[101.70623813848802,3.363508658935199],[101.70654268339936,3.363884469390424],[101.70691952244428,3.364894613281376],[101.70691666476769,3.36609828773262],[101.7092907405928,3.36963029660367],[101.70987437367509,3.373946658396792],[101.71053301785874,3.374630523791641],[101.71201370964499,3.375312141052965],[101.7121695951589,3.375736997917583],[101.7122249713668,3.378428585771938],[101.71316961199786,3.381109315438989],[101.71354980323763,3.383282791992519],[101.71371497025531,3.38364433791969],[101.71595373393208,3.384879283573436],[101.71654313690043,3.387658303457057],[101.71718413294481,3.388310514305444],[101.71833334722514,3.388625362560009],[101.72209110192232,3.388379005589964],[101.72230437285953,3.387720462505838],[101.72391834998267,3.385859932173249],[101.72637063970892,3.384715680843521],[101.72870844694788,3.382748894735927],[101.72975531570086,3.379717550447368],[101.73125371457758,3.379152773371828],[101.73341479275281,3.37923575788754],[101.73488621223662,3.378544635805534],[101.73613625686879,3.378254938755122],[101.73718112026692,3.377386378286352],[101.73795476074585,3.375658878448107],[101.7397338728871,3.374197578608447],[101.74175439585837,3.37460715809823],[101.74552571945839,3.374362518913701],[101.7499749233288,3.37101089616763],[101.75160829850957,3.370266170994503],[101.75248426414095,3.370377104587543],[101.75476360426858,3.371548642386671],[101.75694815516331,3.371423918089446],[101.75818313920885,3.371657754760352],[101.75993630320129,3.372712406676376],[101.76170709411097,3.371151698785971],[101.76394465777733,3.369916212651605],[101.765277052264,3.367566083882615],[101.76630994029642,3.36648897656426],[101.76707640048758,3.366014927674454],[101.76920471172711,3.365516419386231],[101.770860972774,3.363386284665906],[101.77322677562316,3.361385072496942],[101.77454558186506,3.360891658736294],[101.77564519485846,3.360010716521638],[101.77793083802557,3.36004808841991],[101.77842123124921,3.359885190170547],[101.7794826794541,3.35883677196521],[101.78051591918843,3.358702366962993],[101.7812915237752,3.357309516544867],[101.78120014702164,3.355041295246],[101.78214712349077,3.35353352702763],[101.78287971238056,3.351753079606026],[101.78186449102071,3.349289031314472],[101.78171169817973,3.34823631468131],[101.7808824892441,3.346528275860511],[101.780762965228,3.345312843401121],[101.78139956089333,3.341623078685266],[101.78227974955267,3.339828216919529],[101.78433132614964,3.338114233558243],[101.78685943804297,3.337347553253243],[101.78772555846933,3.336122150771487],[101.78825874486367,3.335839597873525],[101.79131067711975,3.335201898080916],[101.79236314200512,3.335569937502777],[101.79366307440462,3.335602899080828],[101.79548609021467,3.333946414116214],[101.79703354882852,3.333797425619477],[101.79865256751386,3.333978593763305],[101.7993562357348,3.331446851325549],[101.79967032006711,3.331011253418403],[101.79944789800787,3.328870319619866],[101.80021589448674,3.326320320848803],[101.80071993304017,3.325663307023235],[101.8011588796328,3.323769275663572],[101.80389308260763,3.321587932110747],[101.80616045221744,3.320839263757998],[101.80673759750698,3.320384411420613],[101.80683226783673,3.319050456867845],[101.8064862465216,3.317118521188902],[101.80679492927086,3.315479326794749],[101.80734833938624,3.314898952734539],[101.80824698335448,3.314683230677009],[101.8087241289735,3.314276349496733],[101.81213120311473,3.308184674366003],[101.81332587383187,3.307102675176998],[101.81482481080238,3.304929486455517],[101.81554834642482,3.304445855443017],[101.81693791768241,3.30263639739193],[101.81803740387613,3.301683639183495],[101.82023669826651,3.30053898825765],[101.82180263845565,3.299212767202148],[101.82503917624034,3.294050126629231],[101.82559853230957,3.293798650662159],[101.82751500394697,3.293809769025922],[101.82975163116733,3.291870392282842],[101.82478423473432,3.289143415088946],[101.82264106674997,3.289275405610287],[101.82072913265728,3.289013363803533],[101.81605104487086,3.285304418817867],[101.81313926381378,3.283645370813487],[101.80934508234273,3.282875329944126],[101.8005400681643,3.283053282689511],[101.79993314342308,3.283431317146296],[101.79679123716843,3.283810350867679],[101.79641405505932,3.28397135243364],[101.79603825959741,3.284655275772166],[101.79557502403338,3.287173259069057],[101.79441801617403,3.288541314581673],[101.79282516647427,3.28854131300802],[101.79189809261223,3.288163263390329],[101.79098513704841,3.287320257036144],[101.78969512017127,3.282590238730476],[101.78923206351647,3.282444306841531],[101.78839210921194,3.28237227913268],[101.78655323674609,3.283057237881736],[101.78525003727619,3.284425233138871],[101.78540807294453,3.284731238828904],[101.78464211688379,3.285720230748405],[101.78426621110219,3.286026292735606],[101.78364309089673,3.286099267643431],[101.78051516266676,3.283204221676508],[101.77390231128462,3.25966020847666],[101.77279027079855,3.258861277220741],[101.77277532925629,3.257362232665344],[101.77237014510412,3.256999220837394],[101.77161722097688,3.256853264144797],[101.77074527794407,3.255122280738368],[101.76881112898246,3.253659271871521],[101.76777830980078,3.25133820270174],[101.76679334877149,3.250887245773953],[101.76656213011591,3.251397207036742],[101.7657073457936,3.251354193158342],[101.7655042336666,3.250320239509803],[101.76508418886753,3.249956232805602],[101.76530133826519,3.248909240033237],[101.76485120250861,3.248341206544254],[101.76449036668167,3.248196231822241],[101.76310028967944,3.24886520506396],[101.76401238461303,3.247730220992638],[101.76383817462812,3.247090218522479],[101.76424341200345,3.246446182254893],[101.76406517936566,3.245822187297338],[101.76354721268387,3.245212206329481],[101.76182528017219,3.245184236516511],[101.76199918719693,3.244601214510745],[101.76241915700076,3.244674185579042],[101.7626213257892,3.244412220346514],[101.76273727973695,3.243670218487109],[101.76192238824851,3.243360210692325],[101.76121642289662,3.242695196312074],[101.7608882613765,3.241913239736056],[101.76032922738433,3.241793181449569],[101.76002742711214,3.241155199462672],[101.75863838307934,3.239669241591947],[101.758406230793,3.238883189545999],[101.75785640925656,3.23843220706832],[101.75748415885529,3.238452194255219],[101.75572738710669,3.239029177846908],[101.75497419011077,3.23897120657598],[101.7540182286592,3.239277214826386],[101.75336718637026,3.23902920194349],[101.75328040920868,3.238768212323543],[101.75247016229883,3.238627572457152],[101.75137756314004,3.238864841753909],[101.74995612143744,3.238190612121056],[101.7500130315892,3.23755892119814],[101.74952715658644,3.236884355748541],[101.74984836847554,3.236417666148283],[101.75026976469579,3.2365180085511],[101.75024799399529,3.235541798172135],[101.75046216109541,3.235304845104554],[101.75074718302498,3.233481512149232],[101.75051850173412,3.233065265609494],[101.74924958183675,3.232836020109949],[101.74914229635685,3.232381446842207],[101.74847567243928,3.232190268651623],[101.74681519502107,3.232083186340307],[101.74680906139163,3.23156277785182],[101.74632078782327,3.230821215673728],[101.74514828919081,3.230606286703826],[101.74499309281721,3.229284378302439],[101.74473115927533,3.22907510972093],[101.74363813350601,3.229202704777808],[101.74330691630449,3.229995400550999],[101.73996437558871,3.233330984384871],[101.73940493750544,3.233313233233704],[101.73916655943712,3.232374183194502],[101.73176285186818,3.231874253462102],[101.73047175703255,3.232945422002298],[101.72972775206748,3.232706403298161],[101.72814430642454,3.231582367838102],[101.72491246453919,3.228251097194092],[101.72393586978882,3.229137235842822],[101.72380427383928,3.227103485511013],[101.72173252530285,3.225034483305909],[101.72148258586402,3.225088401059974],[101.72025630092375,3.224143686204138],[101.72000015513592,3.223408014676238],[101.71846413292438,3.221619971458709],[101.71836782236312,3.218228349960268],[101.71561237652118,3.218271112004643],[101.715605955054,3.216793621117545],[101.71491561289282,3.216823751531923],[101.71495656956849,3.214610489621888],[101.71565882044389,3.214604282517505],[101.71567094560172,3.215304143735608],[101.71723019160672,3.215321586771358],[101.71479534600753,3.212911723220454],[101.71273685162598,3.214976085782419],[101.71105871720331,3.215395341630519],[101.70994018513788,3.216394648675833],[101.70865432341219,3.215174775471023],[101.70810103854741,3.215773125027508],[101.70654795604085,3.216443568319572],[101.7043935191881,3.216234877622914],[101.70375682316215,3.216540144756285],[101.70333417239806,3.216187351723222],[101.70246543360616,3.216684106159564],[101.70220959676242,3.216911491951497],[101.70220403424794,3.218185608685094],[101.70172798369853,3.218365208188243],[101.70176524073887,3.223443711389018],[101.6968553856691,3.223463159073104],[101.69693417635546,3.228194709418243],[101.69676758288396,3.228344304126935],[101.68888205021526,3.228478269064567],[101.67293213523018,3.227657382262016],[101.67297990060288,3.228213673976484],[101.67224784353525,3.228076298165089],[101.67237967553012,3.231330347120722],[101.67318949739078,3.232885381387908],[101.67066141620364,3.237468128901956],[101.66822799642972,3.240076859294367],[101.6662530045637,3.243337472485064],[101.66419325423934,3.244545838815772],[101.66105153223336,3.243733687257401],[101.66081288299426,3.241520493136759],[101.65830139421432,3.241610893612573],[101.65658658460468,3.238596531866223],[101.65722327952535,3.238183619926576],[101.65718126724718,3.236843711885198],[101.65400919393007,3.236982130215192],[101.65388969034785,3.235151735685613],[101.6499794001846,3.234327266679292],[101.64972969762185,3.235332271179396],[101.64914028345572,3.234453100503519],[101.64668843229646,3.234968162306051],[101.64623553881725,3.232641362222374],[101.64244440971287,3.232289393831829],[101.64251575376463,3.231996268253588],[101.64039700091715,3.231769489009735],[101.63856942190064,3.229718186980937],[101.63835496794952,3.228880788953141],[101.6365338188606,3.228767581760866],[101.63663486919152,3.228259104658075],[101.6360753490201,3.227882388354398],[101.636271526041,3.2269790897105],[101.63875838466221,3.223646621369576],[101.63929966796725,3.222462093042211],[101.63929943865037,3.221522951687767],[101.63638793643389,3.216134069134714],[101.63523947109259,3.216702618510586],[101.63459672707675,3.216690810445595],[101.63398392374367,3.217450646363165],[101.63388225930336,3.215386951414001],[101.63415736691589,3.215347759378371],[101.63417955446681,3.214256320401546],[101.63352474715339,3.21356258970585],[101.63157247740646,3.212516242624366],[101.63033384293277,3.209244493754504],[101.62950350367689,3.208654286635864],[101.6277361270751,3.208772646560283],[101.61853074828977,3.208152997254806],[101.61737227872302,3.207614164566672],[101.61087146128321,3.201125625188487],[101.60971676399713,3.200372167631209],[101.60795506549728,3.199714547829338],[101.60610640151677,3.199561197130949],[101.60412272074282,3.199940000297214],[101.60092697411861,3.201109791725906],[101.59583854584565,3.200422926415906],[101.59468997487417,3.200488958275986],[101.58700146194285,3.202859276649394],[101.58224098719799,3.205563970460212],[101.57724553303014,3.207133738399216],[101.57640652541211,3.207787107634276],[101.57545694034208,3.209086532963735],[101.56797046706973,3.217163334346505],[101.562104968373,3.224880901074056],[101.56083774905986,3.227379125542877],[101.56001685184827,3.22972294233157],[101.55158190799679,3.225668654799343],[101.54715502425873,3.218280605373312],[101.53070070197109,3.218303159829895],[101.53052254359511,3.216320158145678],[101.52999218360853,3.216519272902458],[101.52874634732773,3.217755152031617],[101.52777372380976,3.220736712701533],[101.52701821004793,3.221265659620923],[101.5242072666467,3.221239551193524],[101.52311850698572,3.220543701667949],[101.5222078623689,3.218877465101006],[101.52214180625673,3.21771702512191],[101.5216504620418,3.21702418494369],[101.52119614767126,3.216875363400939],[101.52089294188657,3.217103632876808],[101.52068980956868,3.218011673056439],[101.51912773300951,3.217716045353671],[101.51775579378219,3.218426998213336],[101.51733950695127,3.218319402838765],[101.51678112305692,3.218551694790492],[101.51629579197878,3.219385322702743],[101.51568537124676,3.219417504128876],[101.51408926962947,3.218534607858831],[101.51329572498271,3.219656837712869],[101.51242312268636,3.220202867498777],[101.51139741439503,3.221911347838511],[101.51034168324719,3.221919391434565],[101.5098153196929,3.222160728279701],[101.50930796613342,3.222879718245562],[101.50864550672041,3.223022508040698],[101.50775989470459,3.222554909042844],[101.50653404404265,3.222883727530915],[101.5054282795793,3.222651431811159],[101.50513007875894,3.221845960325616],[101.50446962607548,3.221333109210462],[101.50428250728261,3.220044959262848],[101.50344993003951,3.220394894001858],[101.50221608195393,3.219996673069768],[101.50095719846166,3.221328047653708],[101.49986242219107,3.222938974550722],[101.49837439778425,3.2224834278607],[101.4979641118042,3.222614147188728],[101.49713351406483,3.224165744935907],[101.4947788335035,3.226905913489025],[101.49336169563247,3.229670273390604],[101.49262848143485,3.229632064904639],[101.49258956657309,3.230826723215759],[101.49197083123427,3.232903680716403],[101.4922280874135,3.234444576078847],[101.4928566662905,3.235526028061613],[101.49233696879476,3.275089943459739],[101.46337276331653,3.275015458482509],[101.462112178982,3.274667408511792],[101.46241613754145,3.299509605705028],[101.4431323098835,3.299341736337909],[101.43855659146652,3.299588648732096],[101.43802332967664,3.299976298316232],[101.43754249693713,3.301471382650863],[101.43538799108065,3.302500361859222],[101.43527496469369,3.303756553091414],[101.43479526888534,3.304211195035975],[101.43409417566751,3.304533697026801],[101.43302634961643,3.303348694127104],[101.43204073545367,3.303503068812046],[101.4308980118996,3.304109676130619],[101.4305087843782,3.304630112413709],[101.43281948629702,3.309285079008769]]]}},{"type":"Feature","properties":{"OBJECTID":1,"KATEGORI":"Majlis Bandaraya","NAMA_PBT":"Majlis Bandaraya Shah Alam","Shape_area":30119.4494789,"web_name":"Majlis Bandaraya Shah Alam","web_type":"Majlis Bandaraya","web_area":30119.4494789},"geometry":{"type":"Polygon","coordinates":[[[101.49807344395595,3.222579313171456],[101.49837439778425,3.222483427860751],[101.49986242219107,3.222938974550722],[101.50095719846166,3.221328047653708],[101.50221608195395,3.219996673069819],[101.50344993003951,3.220394894001858],[101.50428250728262,3.220044959262848],[101.50446962607548,3.221333109210462],[101.50513007875894,3.22184596032565],[101.5054282795793,3.222651431811159],[101.50653404404267,3.222883727530915],[101.50775989470459,3.222554909042844],[101.50864550672041,3.223022508040698],[101.50930796613342,3.222879718245613],[101.50981531969293,3.222160728279751],[101.5103416832472,3.221919391434565],[101.51139741439506,3.221911347838511],[101.51242312268636,3.220202867498828],[101.51329572498274,3.21965683771292],[101.51408926962948,3.218534607858865],[101.51568537124676,3.219417504128876],[101.5162957919788,3.219385322702743],[101.51678112305692,3.218551694790526],[101.51733950695129,3.218319402838798],[101.51775579378221,3.218426998213336],[101.51912773300954,3.217716045353671],[101.52068980956868,3.218011673056473],[101.5208929418866,3.217103632876841],[101.52119614767129,3.216875363400972],[101.5216504620418,3.21702418494369],[101.52214180625673,3.21771702512191],[101.5222078623689,3.218877465101006],[101.52311850698572,3.220543701667999],[101.52420726664671,3.221239551193524],[101.52701821004796,3.221265659620974],[101.52777372380979,3.220736712701533],[101.52874634732774,3.217755152031617],[101.52999218360853,3.216519272902508],[101.53052254359514,3.216320158145678],[101.53070070197109,3.218303159829929],[101.54715502425873,3.218280605373312],[101.55158190799679,3.225668654799343],[101.56001685184827,3.22972294233157],[101.56083774905986,3.227379125542877],[101.562104968373,3.224880901074056],[101.56847383809964,3.216535154401605],[101.57545694034208,3.209086532963735],[101.57640652541211,3.207787107634276],[101.57724553303014,3.207133738399216],[101.57992893981066,3.206333925310799],[101.5793428302296,3.204323688871422],[101.57783066184322,3.194784163868875],[101.57875476302388,3.190900595326999],[101.57834732778443,3.188844120779468],[101.57922895754227,3.187045822336957],[101.57937866384901,3.185617335794249],[101.5773672988097,3.179699292462184],[101.57646725774158,3.178393026917906],[101.57398881353969,3.176078509901359],[101.56327742989967,3.157987741337699],[101.56250964647089,3.157334654507392],[101.55815229416734,3.154903771602284],[101.55580715613434,3.15411992303372],[101.55433424005608,3.153957701758058],[101.55262227203563,3.149530556308736],[101.5517029467296,3.14628615404064],[101.55167419412128,3.145070649820699],[101.5523878203335,3.141974340478845],[101.55290087784925,3.136720963503107],[101.55481051378557,3.135410152202301],[101.55654194341137,3.133740943747363],[101.55724386198584,3.131988153417946],[101.56145106991481,3.131843902877525],[101.5641408859425,3.132112637509164],[101.56721151800788,3.131568718281069],[101.56856288418189,3.130486971742453],[101.56860035483834,3.126873939420553],[101.57019993469531,3.126911947145174],[101.57023612432612,3.115843160383745],[101.56381883423619,3.115715041598259],[101.57643353802035,3.110927400019362],[101.58435938535493,3.108260454028625],[101.58567304424473,3.106891567072592],[101.58630597476244,3.105695083099451],[101.59094530986643,3.094132529134456],[101.59138290385248,3.092175191597217],[101.59077687321583,3.084993193351895],[101.58625678163509,3.084739218483565],[101.58272178889467,3.082740742594247],[101.58109717261266,3.082087822092961],[101.5782051466815,3.081736610150449],[101.57289604880427,3.081590390673589],[101.56878974531945,3.0790212976494],[101.56671880183009,3.078052588681531],[101.56107748115056,3.076635821775993],[101.55965641716917,3.076122809107587],[101.55697488679559,3.074648114410979],[101.55737817673084,3.0736646360207],[101.55644254184652,3.072272211122754],[101.556185089753,3.069756289121831],[101.55654187691876,3.06820573973796],[101.55604550450546,3.067538244130644],[101.5559774856467,3.066353850095427],[101.55636993369913,3.064537701347134],[101.55627335942472,3.063396381015353],[101.55682650460773,3.061817087851802],[101.55786993443698,3.060054672686786],[101.55775557529107,3.059344047908971],[101.55669141561837,3.057894216787858],[101.55685552202172,3.057090231378595],[101.5554627570904,3.054685748087931],[101.5554410242763,3.052661495615571],[101.55486936661958,3.049912328817746],[101.55410513956878,3.048598833767845],[101.55161277007838,3.046201690977801],[101.54890300785897,3.042331604161914],[101.57197449861104,3.0382286082536],[101.57192882743874,3.014243585756727],[101.57119799183663,3.013312934026625],[101.57192978430861,3.012846227134281],[101.57192549985858,3.001408584301402],[101.55361346770938,3.001395713920392],[101.55393696536332,3.000141869254024],[101.5538225602948,2.999050797126162],[101.55158488112842,2.996026709382245],[101.55103246705875,2.99434230222717],[101.551279801082,2.993059756549816],[101.55185083983937,2.991930298017012],[101.55288831261959,2.990475356679119],[101.55537227384599,2.985316233306293],[101.55658105877518,2.983612417865447],[101.55677113423636,2.981468493389536],[101.55938575806717,2.978548891340034],[101.56056903973034,2.977783085984243],[101.56394841488311,2.976452189316682],[101.56564290282377,2.976059508785704],[101.56789914464322,2.97615485317485],[101.5722594667819,2.977293077876268],[101.57230700963424,2.976948515576077],[101.56900325482098,2.974900877465325],[101.56026473093722,2.970264664552263],[101.56287701340057,2.964320688041347],[101.54982193580943,2.957424593040662],[101.54997172742085,2.964668598046852],[101.52404100444896,2.949624932115153],[101.4814225949936,3.022967011439632],[101.47923799985631,3.02690086996851],[101.4779626996963,3.032188943706927],[101.47708075524487,3.032499418262633],[101.47271077636145,3.030742622586069],[101.47070941915696,3.036997533521713],[101.47412662301599,3.043956569041081],[101.47415529635843,3.045381446577489],[101.47348070827233,3.047700069970969],[101.47360574520145,3.048719369554535],[101.47422346323873,3.049620189185883],[101.4772690250806,3.051654972343244],[101.47893995319771,3.052412137118654],[101.48109639676969,3.052720617992953],[101.4811751007118,3.054586951869644],[101.47965775103476,3.054587081405554],[101.479690032373,3.056367280530745],[101.48170364858274,3.056374286233374],[101.4817253498853,3.059636791049108],[101.48151115847709,3.059913171551647],[101.48035435217113,3.059385670942147],[101.48031790736657,3.060426457790443],[101.47530651024323,3.058810469271349],[101.47280775040618,3.064146488471348],[101.47123694456997,3.065606184795607],[101.46811905715073,3.067640253462985],[101.4765603520176,3.073864483162759],[101.47630066102161,3.085432223288501],[101.46875700438365,3.091677878445714],[101.46873567618968,3.092937659484719],[101.44434653104865,3.092896146982735],[101.44384774960095,3.094940406069114],[101.44205648131015,3.1097942599605],[101.44483784555365,3.109950242645156],[101.4448272379033,3.111923658653812],[101.45025905713405,3.112124346795277],[101.45021629445564,3.113555209886325],[101.45295363509175,3.11372194076045],[101.45282188400247,3.119622453467947],[101.45507483093958,3.11949310587137],[101.45505790431079,3.134312558321805],[101.45134815194805,3.134287662617337],[101.45110190442088,3.13627604623827],[101.45151259583571,3.137675775975982],[101.45408692997461,3.137585890691397],[101.45801421971863,3.147019620826333],[101.46354191408115,3.153939046519031],[101.4673698046642,3.157168964305032],[101.46865352757979,3.157959630480633],[101.47052312533263,3.158228842066458],[101.47112632719478,3.158583412653667],[101.47309986627776,3.160578269566447],[101.42774175382648,3.1919795352842],[101.46681214589172,3.192453220669227],[101.4677048444106,3.192761815830016],[101.46867619284428,3.194290700877963],[101.47019030537,3.195984640953619],[101.4715614956169,3.196443937089827],[101.47431799743282,3.195359800563963],[101.47475353068288,3.194232784398133],[101.47588178411776,3.193163135265185],[101.47772425316718,3.193005056646491],[101.47939525089367,3.191964069469728],[101.48221612406641,3.192200697858553],[101.48348736837943,3.193026076021436],[101.48396782578351,3.19304752579571],[101.48489416985969,3.192430153597222],[101.48689373004356,3.192092588507499],[101.48809349452014,3.192192968177251],[101.4884799655597,3.191976784933174],[101.48885755633573,3.191489429160156],[101.48845758658202,3.190951102081356],[101.48861460052657,3.189946137019574],[101.48990708882158,3.188897991576936],[101.48969979927041,3.186945537986224],[101.48994970014307,3.186464573153678],[101.49097078608392,3.185158037449721],[101.49297024258547,3.183944719002551],[101.49262848143485,3.229632064904639],[101.49336169563247,3.229670273390604],[101.4947788335035,3.226905913489025],[101.49713351406486,3.224165744935941],[101.49807344395595,3.222579313171456]]]}},{"type":"Feature","properties":{"OBJECTID":4,"KATEGORI":"Majlis Bandaraya","NAMA_PBT":"Majlis Bandaraya Diraja Klang","Shape_area":55507.8385437,"web_name":"Majlis Bandaraya Diraja Klang","web_type":"Majlis Bandaraya","web_area":55507.8385437},"geometry":{"type":"MultiPolygon","coordinates":[[[[101.25900782735292,2.924799560020396],[101.25919761535921,2.91823577019647],[101.25808405011013,2.912981516786838],[101.25611654704325,2.908833183024975],[101.25461171154588,2.906344124678981],[101.25424991050254,2.906096699404524],[101.25451026862271,2.905936660829799],[101.25442361372227,2.905412635547105],[101.25275957849041,2.903200112054103],[101.25183332140743,2.902472171991803],[101.24986471783808,2.901685793917778],[101.24928599403789,2.900623256947376],[101.24783847373685,2.901044927151677],[101.24582612795167,2.901029970542922],[101.24378578221048,2.899137451949676],[101.24063022570205,2.897783147140877],[101.23840127957295,2.897156785968275],[101.2370114813499,2.897112824368249],[101.23608498701132,2.897418221100777],[101.23426137328185,2.897170339288645],[101.23347964576517,2.897373956523364],[101.23250785028505,2.904708793494766],[101.2338391733313,2.906848586946914],[101.2343169187035,2.907052424774664],[101.23476511138517,2.908842661209607],[101.23453341224112,2.909584899123576],[101.23408445182041,2.909453741120895],[101.23321583048075,2.910108486850068],[101.23291152347849,2.911796630308081],[101.23304145827532,2.91344126067892],[101.23379330795981,2.916177588564693],[101.23344552645197,2.917487333260663],[101.23396648356974,2.919146632534284],[101.23495076616682,2.919656221798531],[101.2381062015688,2.920239200785922],[101.23914861481035,2.920093929107141],[101.23940864691271,2.921301920363406],[101.2401613601573,2.922029829530427],[101.24278103371057,2.924111645893462],[101.24414153040667,2.924868841752142],[101.24600833200934,2.926921327662062],[101.24773050596278,2.928493575110068],[101.24810675556755,2.928566428227337],[101.24843967798274,2.929148705262168],[101.25116045189621,2.931696251526439],[101.25499526755972,2.937445917494204],[101.25697824432993,2.938639824101732],[101.25763678090244,2.938758714198482],[101.25745664986799,2.936020175846963],[101.2579927225514,2.933138628176847],[101.25821075054941,2.929121841439711],[101.25876181202823,2.925206944157334],[101.25900782735292,2.924799560020396]]],[[[101.256135733483,2.943922926989806],[101.2553976648827,2.940469113329385],[101.25230092296216,2.938042306937168],[101.25068022664534,2.935101971964656],[101.24833584151312,2.932016027667656],[101.23924701717294,2.923354256523297],[101.23736560428242,2.922233109802576],[101.23568670396577,2.920486282114561],[101.23334166541176,2.92031102916672],[101.2323575309155,2.920660119172847],[101.23203871022498,2.921329480722661],[101.23216849099923,2.92358536032623],[101.23189294559934,2.925419126834932],[101.23135680536605,2.92688892166159],[101.23066202000177,2.927776476401589],[101.23054575144661,2.929086278831319],[101.2307768531743,2.930760076823217],[101.2316594341479,2.933394533766084],[101.23235355051092,2.936640191402995],[101.23277207634388,2.940453497314904],[101.23278591543905,2.944150134284778],[101.23316167176107,2.946216925417759],[101.23413098252871,2.949098835451645],[101.23530286002952,2.951165737072554],[101.23893530820618,2.955372711555702],[101.24350878058038,2.959070563027591],[101.25194713543881,2.965126982591951],[101.2544947419987,2.966379223743353],[101.25533428571273,2.965491598195035],[101.25579832179751,2.962813846897282],[101.2559731490873,2.957297889658735],[101.25546691883824,2.955594979779132],[101.25658273312025,2.951112681334497],[101.25669916852293,2.947386926359295],[101.256135733483,2.943922926989806]]],[[[101.27233493640999,2.955709826712669],[101.2719298818866,2.95557878179664],[101.27126363635738,2.956087981283911],[101.27158212484294,2.956903111668863],[101.27355034940851,2.958286138696784],[101.2743317460134,2.959799954098242],[101.27926683260397,2.967092484456497],[101.28192981954463,2.969494426842499],[101.28307330773849,2.97006229528996],[101.28331971784283,2.969494718294168],[101.28314601211066,2.968475900607856],[101.28142388799627,2.9661469226348],[101.28032440549454,2.963512449280175],[101.2800352092064,2.962057025183353],[101.27899306063944,2.960776020723785],[101.27693766114261,2.959523940073467],[101.27580875626843,2.958170240654318],[101.27314560132602,2.956728783952487],[101.27233493640999,2.955709826712669]]],[[[101.3024270821348,2.975931431941687],[101.30446840994911,2.97572801147802],[101.30459891171247,2.974913064912965],[101.30257257578602,2.972016428842149],[101.30163225629188,2.969047236501182],[101.30121303751315,2.965728894947911],[101.30047538434613,2.963094508560068],[101.29879659253022,2.959979642991523],[101.29772599735931,2.956733848083183],[101.29585928608594,2.953502556335332],[101.29571469023774,2.952716608035551],[101.29604742648678,2.952556575279301],[101.2961922670186,2.952090879463043],[101.29487577058696,2.948772270433322],[101.29413781974613,2.947782484186191],[101.29334168921234,2.946021336420003],[101.2892172765102,2.939674956864782],[101.28627942485211,2.936399725169565],[101.28581671398136,2.934740546607157],[101.28484693256493,2.933575948380188],[101.28370393847278,2.930752319507742],[101.28285002574871,2.929966223030608],[101.28198186068543,2.928452396580458],[101.281808128451,2.927579105965223],[101.27717760434291,2.919457116037921],[101.27599109226729,2.918263414593417],[101.2744134181015,2.916021796006328],[101.2717069292813,2.913940031773626],[101.27080994527266,2.912615430947914],[101.26626546795289,2.908437410760773],[101.2653678755366,2.908291686220727],[101.26384767574508,2.910096049315666],[101.2626316175284,2.910736169939876],[101.26234202759126,2.911201828553818],[101.2637883037305,2.916470633312715],[101.26433743297876,2.921215321569225],[101.264670441266,2.921433686960428],[101.26474144025843,2.927677342640895],[101.26376878399735,2.939611346049944],[101.26415933655149,2.941779949917931],[101.26660463053008,2.946379533028392],[101.26731331079834,2.949377839277049],[101.26803663847167,2.951269942956377],[101.27019314366657,2.952754921370292],[101.27023654240158,2.95354085074856],[101.27098894517796,2.954225029105633],[101.27389837254862,2.955710165881568],[101.274737875608,2.95658360149652],[101.27779197732082,2.958476290849553],[101.28006434034884,2.960499764213359],[101.28203310313603,2.961096857589291],[101.2829738374161,2.961781067900962],[101.28476864604617,2.962581931705195],[101.28712794490788,2.963935966540373],[101.28932802630509,2.965624640694291],[101.29073201454844,2.9671676228861],[101.2918754444942,2.968041107048674],[101.29194753699021,2.969467435000814],[101.29410376060574,2.972713360404806],[101.29589836994082,2.974663946531771],[101.29927138220488,2.975741583137574],[101.30081994169731,2.976484180998631],[101.3024270821348,2.975931431941687]]],[[[101.30643650601148,2.978188050003681],[101.30520638963257,2.976703311803484],[101.30397608578532,2.976237353904608],[101.29993686462049,2.977328123080919],[101.29757735777366,2.976832797317147],[101.29326405837888,2.972713193338687],[101.29209194343271,2.971199401487683],[101.29074617960866,2.96836107612728],[101.28932770158987,2.96724010219725],[101.28848822079576,2.966162957045041],[101.28239474694024,2.962217618992917],[101.28167064227874,2.96218832653791],[101.2811495144389,2.962668510582303],[101.28129401869725,2.963847420287015],[101.28164135258179,2.964516937288361],[101.28546193101701,2.970703184464081],[101.28715538797047,2.972420900286713],[101.28884860313082,2.973570984745247],[101.29167107451185,2.976307704837778],[101.29308958857932,2.977312201189222],[101.29513090134027,2.977210703700289],[101.29631766816586,2.977502083903082],[101.29961805261969,2.97993316434262],[101.30248399265047,2.98152013046498],[101.30409061309227,2.981855204017957],[101.30491598988826,2.981476972007689],[101.30637857099008,2.979919979135161],[101.30643650601148,2.978188050003681]]],[[[101.31124198902265,2.982948091811876],[101.30995385167286,2.98166706735252],[101.30947604786031,2.981536021513315],[101.30801371732566,2.981754040259294],[101.30724648520201,2.983151068002818],[101.30708672959857,2.98443182451409],[101.31064759677164,2.986324435741983],[101.31329703827136,2.986586925793791],[101.31404980070167,2.985539139021453],[101.31371723111567,2.984724106647031],[101.31124198902265,2.982948091811876]]],[[[101.31926075698895,2.988494608602504],[101.31500539379809,2.985903221304481],[101.3141364332818,2.986354216408496],[101.31399149175697,2.987402114508161],[101.31529448346585,2.988231894430793],[101.31672759284719,2.988363108839944],[101.31730646194669,2.989178275463673],[101.31933288624539,2.989906273385164],[101.32051994108578,2.990721546402994],[101.32266233686879,2.99133317386532],[101.32244528608851,2.990867411384208],[101.32160563258842,2.990503445881862],[101.31926075698895,2.988494608602504]]],[[[101.35614570931733,2.995569720884992],[101.35838012548547,2.995479197628501],[101.36040370259767,2.994783371305251],[101.36426495714257,2.994363273877716],[101.3675573072321,2.99353921446297],[101.37003936001317,2.993230624437681],[101.37003941519049,2.993412751232071],[101.37003991942757,2.99323175673161],[101.37101120918891,2.992942215747155],[101.37278207030923,2.992775231339028],[101.37992121264125,2.993025804779361],[101.38066271990893,2.993314923150733],[101.38368939975858,2.993553444708267],[101.38660245973082,2.993504548203895],[101.38785969575899,2.993278783131792],[101.38946077266921,2.99259446868975],[101.3899197755285,2.991849693817928],[101.38986471889531,2.991103246809156],[101.38980891982209,2.9905291721082],[101.38912708152276,2.989264467754091],[101.38644933909453,2.986673853284456],[101.38456703204498,2.98574979650166],[101.3843374536347,2.986151004100749],[101.38405313201498,2.9856910385167],[101.38279773163758,2.985342883867196],[101.37988889810202,2.983727104128384],[101.3766397576186,2.981364380863802],[101.37421163519623,2.978648254478974],[101.37391377259009,2.978916182269],[101.37407951470124,2.980322496736218],[101.3735677947964,2.980664441983504],[101.37378737753122,2.980337809502664],[101.37376978053157,2.978623045767354],[101.37322919970839,2.977688478857861],[101.37240632917262,2.976972155872224],[101.37120058703343,2.977718014203798],[101.37191688733678,2.976770185424758],[101.37188677746813,2.976470847245432],[101.36899462701767,2.9727221458343],[101.3666705461344,2.969112045511536],[101.36455921014493,2.964907113891433],[101.36238361756804,2.959200388592629],[101.35960884735601,2.95000129698252],[101.35624541123062,2.941768742768287],[101.35443693517382,2.938282722991195],[101.35078454895887,2.933093927409437],[101.34872437493446,2.931121847376454],[101.3431290714691,2.929904763476338],[101.33933754252428,2.928178005434458],[101.33725161609149,2.926590142764296],[101.33605147730007,2.924779775518653],[101.33558367334084,2.923246640751145],[101.33555353602114,2.92119306296428],[101.33443142232345,2.920159720369871],[101.33520516744831,2.920504874493139],[101.33544186034867,2.920393069612065],[101.33651442730287,2.916790887493503],[101.33756403017887,2.914609141336745],[101.33931115295276,2.912584456122774],[101.3431231113775,2.909006692364863],[101.34669776581288,2.904300775423472],[101.34811675655969,2.901355941835468],[101.34880433800856,2.898831572935785],[101.3481663136297,2.897657700658437],[101.34766728799357,2.897174278112383],[101.34455735562642,2.895821885627127],[101.34223678661351,2.895786755971439],[101.34118688704129,2.896640938500353],[101.33892002267991,2.899211016196499],[101.33565588226224,2.904568509523613],[101.3337427600494,2.906971664418909],[101.33166620522442,2.909208506854704],[101.32927752365518,2.911276631303587],[101.32513976719696,2.913191318607745],[101.31895513277912,2.913849652844544],[101.31719514488572,2.913468690546323],[101.31549714983294,2.912417637409645],[101.3149201375511,2.912290290426732],[101.3117993803294,2.909968814736519],[101.30915558281883,2.906959709306248],[101.30850758584465,2.905763488687695],[101.30359373992859,2.899369390759084],[101.29999050170278,2.895690483326108],[101.29832115704619,2.894772307564631],[101.29754579891237,2.894012015193547],[101.2950332150338,2.892372051317993],[101.29361080900695,2.892186163737224],[101.29206842258608,2.890522017287547],[101.29040160821901,2.889930793912404],[101.28725834149344,2.888016996254158],[101.28270264430546,2.884741019975605],[101.27390148460738,2.890905789929336],[101.27171533109677,2.893536044598471],[101.27158078341998,2.896124553709904],[101.27202983314965,2.89633745160537],[101.27298146014952,2.896213519073634],[101.27356479662166,2.89664323736596],[101.27610924512858,2.897442094026818],[101.27682048508547,2.898161802186268],[101.27801518717693,2.898849513475815],[101.27828897378627,2.900638935693257],[101.27897842499786,2.901313371373901],[101.27927344589123,2.902241584851424],[101.28030458341502,2.903336304694266],[101.28047585968311,2.904096045005387],[101.2818039925809,2.905816636390706],[101.28212516082444,2.907245353417323],[101.28268089775479,2.908406283895494],[101.283904229133,2.909617111411422],[101.28611896471266,2.91388528109308],[101.2861461047249,2.914735609058999],[101.28689351857271,2.915289832640924],[101.28687884963689,2.916015713723932],[101.287524519172,2.916775648184719],[101.28824427799812,2.920298480843597],[101.28896185377275,2.921880896070049],[101.2889510641691,2.923030363999443],[101.29058073019182,2.926690240563301],[101.29279855681347,2.930677279438905],[101.29902822020078,2.940247520413121],[101.30165909856186,2.945502211119394],[101.30460689306368,2.950297759540621],[101.30536844828329,2.952049853689815],[101.3064520324733,2.953518007698186],[101.30705193351042,2.954986797983597],[101.30962791967363,2.959387979560445],[101.3119357502857,2.962793756695352],[101.31358489434062,2.964646088239649],[101.31565050267268,2.96824843410335],[101.31893763691804,2.971935546535957],[101.32150356360118,2.974212584003553],[101.32492742010031,2.976849732396964],[101.32561781059957,2.977623923543281],[101.3331217362198,2.982434328098117],[101.33426270488287,2.983913379043849],[101.33559210312183,2.984838530708339],[101.33577434030937,2.985207515500253],[101.33954522556506,2.988418103442114],[101.34469771566594,2.990954296597642],[101.34704043854897,2.991543129928346],[101.3484640664643,2.992759023927005],[101.35207053741419,2.994141693304756],[101.35384164165585,2.995641115667318],[101.35480707419963,2.996163427516115],[101.35614570931733,2.995569720884992]]],[[[101.25238242959574,3.01654800815526],[101.25336699869061,3.01622805008182],[101.25481457136883,3.016228396532895],[101.25445298373216,3.014932958171907],[101.25587182288656,3.014613190341012],[101.25927360161946,3.016214879622666],[101.26025816757482,3.015894914354149],[101.26051985288608,3.010088016494006],[101.2599128395207,3.006536674180992],[101.26020290753279,3.004120795686378],[101.25997178004589,3.002345186252107],[101.25879968198954,2.999274095236717],[101.25787347590439,2.997993096563448],[101.25667209301015,2.997017658273142],[101.25428397995398,2.995576304585544],[101.25341513031587,2.99541600094781],[101.24904421429076,2.991718225204843],[101.2474229465234,2.990917434050014],[101.24468769106396,2.988180625881439],[101.2438192092237,2.988020314975249],[101.24284898480772,2.988675036939893],[101.24132902834842,2.988849237569094],[101.24025807087084,2.987670095047938],[101.23998331609133,2.986258380469212],[101.24119971338062,2.984643137125791],[101.24099722687218,2.983668021212576],[101.24051959500642,2.982867415099169],[101.23844976347327,2.981746215054384],[101.23766834878835,2.980450758581807],[101.23635125333121,2.980130231285642],[101.23688689298245,2.979329878453372],[101.2368438471029,2.978674998091196],[101.23517923631519,2.97707360222546],[101.23402126126538,2.976913211172917],[101.23312378387524,2.97611258486728],[101.23224095003143,2.975792164119316],[101.23040222182306,2.976432082490317],[101.22988089611684,2.977567110026234],[101.22849111817969,2.977057407000085],[101.22920088192917,2.975471187798493],[101.23033021282757,2.974991187244644],[101.23059099528598,2.974656488681918],[101.2309966076903,2.974016292607454],[101.23095320017674,2.973375892231746],[101.23024384570074,2.973375709779645],[101.23034523519382,2.972560677528632],[101.22986797518175,2.971760158165047],[101.22873868944907,2.97208006178457],[101.22850763591504,2.97021702486078],[101.22886977790414,2.969183861599864],[101.22807366027327,2.967728207753767],[101.2262359675985,2.96579208097686],[101.22559932361327,2.964511225791923],[101.2245427091624,2.96371046301816],[101.22390603018204,2.962575134294728],[101.22289286259196,2.962254673126889],[101.22115549680458,2.962268694296532],[101.21940426466112,2.961613358909446],[101.21742084129527,2.962107602211927],[101.21645058272198,2.962922398119692],[101.21504574103402,2.96631302176656],[101.21594219252242,2.969529689393176],[101.21618792509224,2.971625500661401],[101.21712842096748,2.973081200586684],[101.21721476901162,2.974696676366815],[101.21864720010572,2.977273098297905],[101.21960169878356,2.981624941718492],[101.22094742927327,2.982585884597136],[101.22225052213709,2.982746329124117],[101.22282925837344,2.983794310174325],[101.22201869143741,2.983881429285032],[101.2208459883301,2.983560921934084],[101.22045512993255,2.984201206745754],[101.22084530733515,2.986136958487457],[101.22162670598496,2.987432425987387],[101.2220452049195,2.992584611052695],[101.22240674832325,2.993880056762237],[101.22341998629184,2.994040423265226],[101.22440458912209,2.993545821511997],[101.22520107483865,2.99225077296299],[101.22675032658962,2.991610790713362],[101.22774920063468,2.991611051914756],[101.22866104709351,2.992571784054824],[101.22938481784932,2.992571971954912],[101.22871872878783,2.993707051268415],[101.22511328418634,2.996122045924043],[101.22380985469901,2.998552210504419],[101.22441751334097,2.999192671381172],[101.22435911471086,3.000808198971039],[101.22469194428126,3.00176877982273],[101.22556047594506,3.001769009794645],[101.22560383323497,3.002584079109992],[101.22696423156899,3.004025222724358],[101.2276593279867,3.003545204113458],[101.22868693659456,3.003865577377836],[101.22939568673381,3.006281703691857],[101.23074177332664,3.007402735289106],[101.23187113695904,3.006922735960599],[101.23385393658228,3.009179091430755],[101.23569276329043,3.008364595313955],[101.23520011137947,3.009979923855755],[101.23564866201764,3.010460330858895],[101.23669100384268,3.010940888990128],[101.23842804243169,3.011101427268442],[101.24007801998955,3.012382533097491],[101.24125071762695,3.012863119794376],[101.24268388160984,3.012863478622876],[101.24258213454965,3.013678511649744],[101.2431902120923,3.014158864616622],[101.246085596762,3.014625304043764],[101.24728666614867,3.015440657464082],[101.24992126985697,3.016241788982411],[101.25238242959574,3.01654800815526]]],[[[101.26538309139937,3.007073153297445],[101.26494885923246,3.006912956568851],[101.26423944610697,3.007072891962074],[101.26386289824705,3.008193489892351],[101.26384761792791,3.010463815975526],[101.26620580273398,3.017071895340424],[101.2674506086443,3.018833164231971],[101.26907196613459,3.019473921611435],[101.26975232645668,3.018833683995485],[101.26939072121958,3.017538339917506],[101.26914581843748,3.012866487165335],[101.26848004548953,3.011090690601624],[101.26675794891761,3.008514255529664],[101.26538309139937,3.007073153297445]]],[[[101.26051538536497,3.061752952596823],[101.26177519327288,3.061098289049314],[101.2652497969406,3.061419295911028],[101.26863758952554,3.060270343225223],[101.26889845199042,3.059630011524071],[101.26844983058415,3.059309713066124],[101.26787038299568,3.059469678042748],[101.2672770356128,3.058989249478985],[101.26752349451999,3.058348914823614],[101.271085095052,3.057694856140988],[101.27219980589483,3.056880048887368],[101.27263470284964,3.054144005160767],[101.27451747227052,3.051874096335872],[101.2760668200565,3.051059381439443],[101.27651603797294,3.048643532877266],[101.2775733269153,3.046868209572606],[101.27823992478164,3.043317152212961],[101.27819656404864,3.042342075339344],[101.27771924357572,3.041541481741566],[101.27728496152163,3.041541386239678],[101.27721286007667,3.040260678812704],[101.27667745123922,3.038324907056118],[101.27562080558403,3.037189417923959],[101.27470903422184,3.035544616598912],[101.27268285062203,3.03349212714844],[101.27113417402327,3.03139602800358],[101.26896285630185,3.031075342710476],[101.26858659321653,3.02929961162496],[101.26754461679761,3.028659074597136],[101.26640087512234,3.02899348991484],[101.26634315591231,3.027858311044469],[101.26479453457199,3.025602107462207],[101.26375252737422,3.025121574516336],[101.26341962178526,3.024321009132423],[101.26009052929889,3.021263988030896],[101.25473496238605,3.017726093747192],[101.25053675307139,3.017244791311159],[101.24536825677158,3.017578291290865],[101.24387738808905,3.016457239088412],[101.24093895089824,3.015335912802795],[101.23927460823738,3.013880045998034],[101.23784139909192,3.014054350177824],[101.23517828188635,3.012147525885907],[101.23008288805802,3.009758956161609],[101.22449550060342,3.006497437276974],[101.2210501618111,3.006511087724001],[101.22000783093819,3.006030515962362],[101.2190089001261,3.006190342583122],[101.21766209255529,3.007805429570635],[101.21719845149127,3.009901046612692],[101.21796448772669,3.01345244324248],[101.21942595769055,3.016669174795599],[101.22080003146195,3.020861124193782],[101.22239194143222,3.023815975155189],[101.22544476620766,3.030875370014892],[101.2271956961073,3.033102536331632],[101.22781785925574,3.03480557795662],[101.23105898114481,3.040846235232541],[101.23273803646823,3.0426076546015],[101.23527059459278,3.04695999078311],[101.23618212529679,3.047935290945134],[101.23765874506512,3.048576060876383],[101.23786119851572,3.049696703053191],[101.2383388498618,3.05051188333893],[101.23954037288607,3.051079816722956],[101.24106055836481,3.050337910196027],[101.24014800839815,3.051953221504774],[101.24124804165542,3.053729052923495],[101.24184137385346,3.054209495340604],[101.24312987014177,3.054049724085051],[101.2446495159437,3.055490892523647],[101.24835520890329,3.057587563132941],[101.24981748431685,3.058068217049919],[101.25219135648061,3.05934957897358],[101.25261127913947,3.059189583227576],[101.25314731415516,3.058374656353556],[101.2540735577759,3.059670140641984],[101.25554980530184,3.060470986017704],[101.25708420255043,3.062072330363595],[101.26051538536497,3.061752952596823]]],[[[101.3212592849181,3.06804669498612],[101.32542870432634,3.067654476785985],[101.32954073344574,3.065908772909743],[101.33195861738473,3.065239650589246],[101.3334208440505,3.064133871486266],[101.33392805538584,3.063056890981684],[101.33578141803338,3.061558212661693],[101.33605631350898,3.060743196166372],[101.33636138872417,3.055940479023544],[101.33669437945207,3.054383261795528],[101.33656489243107,3.051254128719361],[101.33588451876962,3.049885894771072],[101.33634837813696,3.047397252247611],[101.33481427899571,3.043380150699992],[101.33465554598031,3.040745877456764],[101.33509012048714,3.03895581651562],[101.33354151030777,3.035680918937624],[101.3330932519404,3.03310479038186],[101.33388973343476,3.031256597302052],[101.33475836196322,3.030805497318451],[101.33551149578065,3.029757786773731],[101.33629355444198,3.027982352747705],[101.33751038527186,3.023092353455674],[101.33778584540144,3.02092387497867],[101.33742435556618,3.018406044738323],[101.33791677766654,3.015058718287984],[101.33842399074683,3.013778013215455],[101.33909028097843,3.010750909669394],[101.33903261281135,3.008815239122717],[101.33945273853382,3.007170699634002],[101.3395398987229,3.004769325951341],[101.33985884046142,3.003095627911047],[101.33949741756864,3.000141124229629],[101.33864343828157,2.999209538455445],[101.33244790022462,2.996283226363848],[101.3294657779189,2.995627763362576],[101.32664299973231,2.993880773472708],[101.3242690526239,2.993327397640293],[101.32108438899998,2.991667664419832],[101.31891304251431,2.991871001879384],[101.31905791928254,2.991172441039953],[101.31788533013068,2.990007921968127],[101.31274649738604,2.988435151343368],[101.3108500889377,2.987605259224002],[101.31002526716935,2.986906520810155],[101.30621810579112,2.984999199804165],[101.30348240127725,2.983936274966042],[101.30255608996201,2.982990078391301],[101.30006644488948,2.981330422536991],[101.29651991169258,2.97996169809885],[101.29472513035793,2.978840655919848],[101.29266945812135,2.978709288346015],[101.28929691157809,2.977093143845131],[101.2863008660634,2.974458287215854],[101.28491132313994,2.972696920570572],[101.28326135533058,2.971386740667561],[101.27842661551938,2.969551968425698],[101.27780417991573,2.968896873127641],[101.2772543519948,2.967150247936905],[101.27655996573756,2.966204172821612],[101.27616889463906,2.96633504480525],[101.27572029261486,2.966087516095033],[101.2755178182877,2.964923164351141],[101.27480857188243,2.964442717440163],[101.27434568901454,2.963627646398603],[101.27415769387332,2.962113960739395],[101.27216033155952,2.960570829561731],[101.26951208028227,2.956829894046093],[101.2667761720219,2.9555194528954],[101.26557466474405,2.955271751623832],[101.26447448724771,2.955970089399851],[101.26379348400604,2.958051118285612],[101.26292399402988,2.962475287528722],[101.26338722871182,2.96329045225761],[101.26390776287153,2.965502799155548],[101.26292318345493,2.966084683914411],[101.26315374528754,2.970392716298045],[101.26366010715127,2.97318716758568],[101.26352886904793,2.977145781010528],[101.26313763840092,2.977960751956456],[101.26443982572198,2.982167122037908],[101.26791290423061,2.986621322327496],[101.26869417834551,2.9887318200982],[101.27040172052388,2.991890443941907],[101.2732818911109,2.995878866505308],[101.27496008784563,2.999968834904474],[101.27562628653347,2.99979431096343],[101.2765956353407,3.001497406455678],[101.27608886748605,3.002079404633899],[101.2766242270977,3.004175273326652],[101.27827428583363,3.00523812356702],[101.28058970754094,3.008411347240332],[101.28111060034661,3.010856459063458],[101.2825436861003,3.011220672746759],[101.2820944244169,3.014014915140637],[101.28426499697301,3.017755729007745],[101.2852054473838,3.020026350333901],[101.28559630102856,3.021030641664236],[101.28631931767622,3.024756578427638],[101.28689820364879,3.025469854427223],[101.28798389152307,3.02547008135466],[101.2892705909708,3.033867934295673],[101.29051523734017,3.03667710024119],[101.29058737806886,3.037841422726658],[101.29141255809209,3.038671134228374],[101.29306192695469,3.043459749801865],[101.29387228050466,3.044624223735758],[101.29504424048558,3.049063401140014],[101.29637592372261,3.048961766314627],[101.29597057390201,3.050125991618593],[101.29630312401531,3.051057504988135],[101.29712831732388,3.051887303192694],[101.29812678440689,3.054216120025639],[101.29934283403809,3.054347319661222],[101.29990731818442,3.055162493167066],[101.30042786114545,3.057855030139096],[101.30112270708688,3.058670228708241],[101.30850526966015,3.064289487860983],[101.30951841078519,3.06536665452083],[101.31102389308492,3.066080096718621],[101.31184927363665,3.066021969496562],[101.3212592849181,3.06804669498612]]],[[[101.47309986627776,3.160578269566447],[101.47112632719478,3.158583412653667],[101.47052312533263,3.158228842066458],[101.46865352757979,3.157959630480633],[101.4673698046642,3.157168964305032],[101.46354191408115,3.153939046519031],[101.45801421971863,3.147019620826333],[101.45408692997461,3.137585890691397],[101.45151259583571,3.137675775975982],[101.45110190442088,3.13627604623827],[101.45134815194805,3.134287662617337],[101.45505790431079,3.134312558321805],[101.45507483093958,3.11949310587137],[101.45282188400247,3.119622453467947],[101.45295363509175,3.11372194076045],[101.45021629445564,3.113555209886325],[101.45025905713405,3.112124346795277],[101.4448272379033,3.111923658653812],[101.44483784555365,3.109950242645156],[101.44205648131015,3.1097942599605],[101.44384774960095,3.094940406069114],[101.44434653104865,3.092896146982735],[101.46873567618968,3.092937659484719],[101.46875700438365,3.091677878445714],[101.47630066102161,3.085432223288501],[101.4765603520176,3.073864483162759],[101.46811905715073,3.067640253462985],[101.47123694456997,3.065606184795607],[101.47280775040618,3.064146488471348],[101.47530651024323,3.058810469271349],[101.48031790736657,3.060426457790443],[101.48035435217113,3.059385670942147],[101.48151115847709,3.059913171551647],[101.4817253498853,3.059636791049108],[101.48170364858274,3.056374286233374],[101.479690032373,3.056367280530745],[101.47965775103476,3.054587081405554],[101.4811751007118,3.054586951869644],[101.48109639676969,3.052720617992953],[101.47893995319771,3.052412137118654],[101.4772690250806,3.051654972343244],[101.47422346323873,3.049620189185883],[101.47360574520145,3.048719369554535],[101.47348070827233,3.047700069970969],[101.47415529635843,3.045381446577489],[101.47412662301599,3.043956569041081],[101.47070941915696,3.036997533521713],[101.47271077636145,3.030742622586069],[101.47708075524487,3.032499418262633],[101.4779626996963,3.032188943706927],[101.47923799985631,3.02690086996851],[101.48095140777671,3.023799727115502],[101.52404100444896,2.949624932115153],[101.51912762806329,2.950029903877338],[101.49484517366778,2.949738180817298],[101.47022721278165,2.950147025136439],[101.46942769635092,2.952099567135966],[101.45204465054309,2.952024124337719],[101.44515228689579,2.950550560349319],[101.44172517067726,2.950225314389599],[101.43481385875069,2.950378757329882],[101.42306651494603,2.950206901831945],[101.42167662998462,2.95001552345288],[101.42379008442116,2.952484778887335],[101.42592256633911,2.954303201060786],[101.43321483150214,2.957633643737182],[101.43608984124695,2.958456631494723],[101.43785470940742,2.960434459353953],[101.43824533097519,2.961336797604838],[101.4384623515653,2.962879610962048],[101.43824515785725,2.9639128644796],[101.43752130116107,2.965455522948637],[101.4351903520897,2.968002376679644],[101.42505645556814,2.975758863155235],[101.42090172930615,2.977344942712493],[101.41939621777499,2.977548536344],[101.41742732808858,2.977228168132637],[101.41577714632983,2.97650038265516],[101.41305582086744,2.974768190528563],[101.41079759730407,2.972686787085527],[101.4091619452378,2.9707218228691],[101.40827883540449,2.969004362667826],[101.40722275883358,2.96491454090917],[101.40354657955456,2.955585087324708],[101.40238873007951,2.954129600279589],[101.40062297397036,2.950156178275695],[101.39862563090735,2.946910461024567],[101.39279231085956,2.94193229265732],[101.38856596936759,2.937405613488852],[101.38732116074036,2.934698360730186],[101.38706060854409,2.933490394233212],[101.38677234268232,2.922531133806932],[101.38588992725276,2.918470546082435],[101.38531118977973,2.916345570084632],[101.38455848902859,2.914715441571071],[101.38127324081951,2.909068061275478],[101.37931948701109,2.906681005451078],[101.37798774341272,2.905778535529206],[101.37535334980242,2.904599329211331],[101.37245813784415,2.904584399398173],[101.37072114632623,2.905210007004163],[101.3649594742958,2.908309244490698],[101.36076112210864,2.911583334508479],[101.35835774440633,2.914115356071784],[101.35651931232161,2.916487441722991],[101.3515329767414,2.924771948281604],[101.35768921379756,2.926151221639837],[101.3583644683872,2.928349681186554],[101.36180504657027,2.934764274673144],[101.36374539394552,2.939922106261886],[101.36450479752011,2.940573760497684],[101.36415287999847,2.940910284162336],[101.3666241416501,2.94862383000104],[101.3681353049496,2.955342358191462],[101.36932802353158,2.958911223280274],[101.37086865743046,2.962103785989037],[101.37307417588417,2.964959898411824],[101.37836406092433,2.970754760594423],[101.3805048732915,2.972593973935997],[101.38124222218055,2.972377030088069],[101.38109203885587,2.97304598871735],[101.38410077772097,2.97503985075385],[101.38931232802072,2.979069726515806],[101.38976355714422,2.979156857738976],[101.39009358406172,2.979597518510757],[101.3901477618109,2.98002231923411],[101.39154572540464,2.981867094198394],[101.39381954170469,2.985948350228709],[101.3945463652236,2.989023166995662],[101.39442426348754,2.98949583394165],[101.39403349435536,2.989204609936253],[101.39386707740051,2.989509858335924],[101.39368982967545,2.992932961739505],[101.39294904024743,2.995632359881848],[101.39154251147082,2.997753602912962],[101.39181266454936,2.998249248711947],[101.39107918487812,2.999137195585366],[101.39121284250659,2.999051629839117],[101.39041259962931,2.999774917824818],[101.39012719454206,2.999716778520566],[101.38961113001409,3.000461398961225],[101.38666724250483,3.001968939664109],[101.37849841115512,3.002674928823779],[101.37393824427907,3.001887877951466],[101.3668593684393,2.999760488651576],[101.36490499150031,2.999629124325999],[101.36438375851819,2.999891254944291],[101.36098077630845,3.006517566923677],[101.35940205026066,3.012066469300168],[101.35869195143452,3.017236742418894],[101.35855642493277,3.021560677500647],[101.35678030528797,3.02175134087539],[101.3567940116611,3.027125704223199],[101.35715569537142,3.029266645559124],[101.357474097066,3.029543444118778],[101.35852161551286,3.029400910701904],[101.35821323814511,3.031137705561426],[101.35834149853952,3.031625995862412],[101.35774857599718,3.034204133191561],[101.3577625631279,3.037626795210468],[101.35817182074919,3.037862220369783],[101.35793132257268,3.042553575254078],[101.3584846377236,3.044760377743954],[101.35827777138577,3.049175465121309],[101.35853921022179,3.049883209710782],[101.35914344510373,3.050533683246615],[101.3598726258482,3.052981454486331],[101.35984291202566,3.053670878472222],[101.36044924261888,3.054275862612548],[101.36052146919087,3.054691461063736],[101.36036191025913,3.056094902723077],[101.36064979368317,3.05946664774315],[101.36056809995499,3.061792097341408],[101.36027466607007,3.062503122486508],[101.36048914668822,3.06445044046552],[101.35953537314356,3.067544105222305],[101.35948441122933,3.069626901542423],[101.3587760794877,3.070647346411724],[101.35908873137808,3.071746051630586],[101.35879953219846,3.073473267154049],[101.35827961406974,3.073949122985844],[101.35795123635451,3.074689440253428],[101.35546887439394,3.075830744785049],[101.35618006890093,3.077661035738711],[101.35609436457098,3.078059811164211],[101.35534216821135,3.078466355289184],[101.355414484349,3.079154934673851],[101.35481208891892,3.079568674092115],[101.35461658941767,3.080130480418736],[101.35368634661013,3.080372915068204],[101.35201898766768,3.082280853420015],[101.34997564443714,3.083733915761513],[101.3495492089064,3.08465679238516],[101.34886639731394,3.084871930806303],[101.34570322069987,3.087420013453974],[101.34258296689482,3.091311052885871],[101.34157294428884,3.092238241824639],[101.34143424383068,3.092788617005342],[101.34079280481367,3.093083270171899],[101.33916873545446,3.095271064286395],[101.33910451635198,3.096229135040365],[101.33797055971603,3.097040398870288],[101.33621339842179,3.099470841683103],[101.33575912263136,3.099578091519945],[101.3354831374003,3.100367152179187],[101.33422888402299,3.101370798537722],[101.33382164498438,3.102151298220924],[101.33309266708804,3.102180918703395],[101.33186405968968,3.103259237079995],[101.33160565416453,3.103890945137529],[101.33109403154852,3.104199798617747],[101.33105821770904,3.104542758126962],[101.33031802645678,3.104862842937995],[101.33067740130508,3.105018985630953],[101.32977331657007,3.105745819966923],[101.32928121219219,3.105808594476299],[101.32715434483835,3.110855301967545],[101.32640486824663,3.111175357726023],[101.32594537804562,3.111938187822094],[101.3236258254453,3.11209390985311],[101.32040143955956,3.112835157004933],[101.31974464340676,3.113183442550373],[101.31351046209141,3.127699943874681],[101.31359415445839,3.127927661344266],[101.3155826506369,3.128755855331526],[101.3154564362088,3.129353172674066],[101.31415269362569,3.128935804427166],[101.31276263946462,3.133208851150107],[101.31348466836292,3.134159526137214],[101.31325460603655,3.134497983585654],[101.31253450098575,3.134659294495726],[101.31214697902878,3.135010873234772],[101.31193848636352,3.135774402831475],[101.31133105527967,3.135953831920066],[101.31057854460629,3.13663953338325],[101.31171187274593,3.137480309374948],[101.3126334766742,3.138736176079493],[101.3124755059869,3.139029623227561],[101.31183215191795,3.139186628118593],[101.31202442206715,3.139589290597118],[101.31130456735214,3.139759643118117],[101.31082214048821,3.140269203992312],[101.30947324109331,3.144284647913332],[101.30909543208233,3.146268196540999],[101.30911398221666,3.148057876544703],[101.3087525799172,3.148811932950515],[101.30902903044735,3.14986563524858],[101.30855986790856,3.150551849665775],[101.30881658926221,3.1544031188216],[101.30804479418225,3.155735040787318],[101.3081057413981,3.156648255924655],[101.30785198694886,3.157406854290692],[101.3081429161331,3.15811273326007],[101.30750656524391,3.161049294452304],[101.30771200759189,3.161763693130168],[101.30709529489268,3.164017857515349],[101.30721981346757,3.164619274603128],[101.30688980867205,3.16484464381224],[101.30786808184669,3.165777889864106],[101.30986752169139,3.167106016054978],[101.31181347147894,3.167569158899448],[101.31270256952358,3.167364645848132],[101.31403077818915,3.168193827866177],[101.31585175061377,3.168793340268048],[101.3161303189596,3.167935562604075],[101.32518237111661,3.159106948946564],[101.32845282190686,3.162649599398534],[101.34337080286056,3.162119178823855],[101.34327025190598,3.175172775705199],[101.36939306323886,3.174979795609871],[101.36939285191973,3.186106043990225],[101.40025067914573,3.18620926022803],[101.4006030505809,3.192015243062049],[101.42774175382648,3.1919795352842],[101.47309986627776,3.160578269566447]],[[101.39177536086079,2.998371068040377],[101.39182580764947,2.998264786821913],[101.39182754511162,2.998266840785914],[101.39177536086079,2.998371068040377]]]]}}]}