{"type":"FeatureCollection","name":"sempadan_daerah_selangor","crs":{"type":"name","properties":{"name":"urn:ogc:def:crs:OGC:1.3:CRS84"}},"features":[{"type":"Feature","properties":{"web_name":"Gombak","web_code":"09","web_area":62639.65},"geometry":{"type":"Polygon","coordinates":[[[101.85140418399135,3.283932282307592],[101.8516524185415,3.282666423477847],[101.85230681582162,3.282174946818555],[101.85261879417997,3.280631732001797],[101.85245342043143,3.28005131780654],[101.8528258010824,3.27961472398358],[101.84739738727079,3.282568344680626],[101.84345717794136,3.277670301212877],[101.83847813066622,3.273367927647407],[101.83236286248268,3.267276288480641],[101.83134719553018,3.265879317687635],[101.83037362180305,3.26338105301202],[101.82972003306902,3.260138000507969],[101.82932276678655,3.246679245460382],[101.82804731548514,3.244333821217093],[101.82477693170203,3.240453083590189],[101.81638184078658,3.228762788362951],[101.81699868852127,3.227549887365749],[101.81709125465136,3.22538717654528],[101.81388593714539,3.219177900125142],[101.81217727115518,3.216706688283842],[101.81145025173872,3.216108557902276],[101.81107549446385,3.213904370069764],[101.8123679338719,3.211118525714187],[101.8121893275613,3.210349293185076],[101.81262152447518,3.208897599900056],[101.81268027331001,3.207528230311444],[101.81376856786238,3.206675782146844],[101.8122178058879,3.205085488409904],[101.81234544059669,3.203116311688048],[101.81044624365312,3.201387016734225],[101.80998527468398,3.198746126431147],[101.80829182393468,3.196274716486661],[101.80789137071002,3.194036620867283],[101.80657595878839,3.192297122981678],[101.80500804438108,3.189105950646069],[101.8036941911851,3.18739800062071],[101.80266584223243,3.184452480718678],[101.80320153994056,3.182125126040162],[101.8039989847194,3.181094149320699],[101.80436979852283,3.179359664786974],[101.8030874272244,3.178292935239809],[101.80272645382924,3.177600721065057],[101.80630567767713,3.169911465513521],[101.80870001488974,3.163206613913847],[101.81088459377942,3.155114479419607],[101.80922015093563,3.150938980956003],[101.80738588500613,3.151728423605513],[101.80268315018981,3.150373074235309],[101.80158368715645,3.148809049841359],[101.79892841965247,3.150465113809084],[101.7976720180231,3.150205092490453],[101.79130602295527,3.155514068247508],[101.78760051028429,3.159082223643644],[101.7853962101529,3.156545871942873],[101.77932414745302,3.148166277043972],[101.77327670398057,3.152198672076135],[101.77234460361376,3.152230482889291],[101.77125322611506,3.150592155746936],[101.7683527183216,3.152564951666748],[101.76647738318164,3.158961270546352],[101.76158322249702,3.159842015320514],[101.76156204137698,3.161895199463741],[101.75828103575928,3.160572231180169],[101.75510229511974,3.160794932119069],[101.75361319408512,3.161306634795473],[101.75144860981331,3.161452755879483],[101.75084638560126,3.160491158411812],[101.74946273443805,3.16044321392539],[101.74964034774756,3.160708833923819],[101.74836389318966,3.162141085810027],[101.74819043544808,3.161762858627414],[101.7464458030239,3.162243900495018],[101.74239561313566,3.162395959282192],[101.73997371716464,3.162207468171499],[101.74010421393888,3.162437850849544],[101.73968667915116,3.16268796221543],[101.73941521226634,3.164731444243404],[101.73597228286054,3.164881981542977],[101.73531845503932,3.164391477186768],[101.73531975850698,3.171768189807211],[101.73350325636692,3.172125737678414],[101.73341488221492,3.172953460071569],[101.7311889934722,3.172748641466218],[101.73123173128442,3.173812961125901],[101.73219027065711,3.174267685739228],[101.73190102115795,3.17459042843782],[101.73245486596791,3.175422581317361],[101.73342132046723,3.175423548001779],[101.73374900898206,3.176054701733455],[101.73276088648709,3.177819184272272],[101.7335185737649,3.178143555568377],[101.74044587293551,3.177519789294783],[101.7404429651699,3.176920280062241],[101.74343420004806,3.176346615849652],[101.74353624533389,3.175724246655551],[101.74642011892735,3.175846262541469],[101.74674859289982,3.175455576490374],[101.75027089796916,3.175564366083407],[101.75010195649708,3.176222993166524],[101.75197544340229,3.176758733840014],[101.75163008459663,3.177398519497811],[101.7554473164082,3.180123970230224],[101.75710389736965,3.184444089895659],[101.75565993032112,3.184750208372436],[101.75622631240768,3.185954748381783],[101.75743542771652,3.185193762135967],[101.75753922391674,3.18542417561156],[101.75800801668123,3.185129221026826],[101.75823203910201,3.185668103436971],[101.75816699462705,3.186884551717584],[101.75890964081508,3.188278959784017],[101.7577730245264,3.190515109003096],[101.75794026455569,3.19055666341152],[101.75784102098713,3.192526844508127],[101.7569196760181,3.192367039227115],[101.75649438471399,3.197093692182139],[101.75380433496373,3.200468048060705],[101.75097346883476,3.200342100102299],[101.75096322890322,3.200457701434249],[101.7509202024137,3.200661938866356],[101.75091079398368,3.200772023603056],[101.75086749252277,3.200978427293936],[101.75061017114263,3.202574507648605],[101.74744892005651,3.202916156518043],[101.74594478724579,3.209622759137138],[101.74529821146818,3.209887635710808],[101.744014795704,3.212238206058747],[101.7409535866916,3.215291103161972],[101.73922495424786,3.215545903800735],[101.73830836242232,3.215940793540381],[101.73934910824066,3.216752534256559],[101.73960070019542,3.217315560885005],[101.73974493204601,3.218316432310556],[101.73948520681712,3.218776738173701],[101.73927210597499,3.221350094489861],[101.73956564047836,3.222518346399466],[101.74025156174248,3.223682156577179],[101.7410577268659,3.223847474012647],[101.74244714244254,3.225786564610274],[101.74263991767586,3.226392285331981],[101.74237836539486,3.227033846520542],[101.74283550449803,3.227202861080098],[101.74322589087747,3.227950175288939],[101.74349778060974,3.22785234460498],[101.74393791869988,3.228131876136727],[101.74360874654708,3.229579904852248],[101.73993361931835,3.233721398546936],[101.73869019311725,3.233768524560331],[101.73936835402841,3.232052441644507],[101.73190653024844,3.231889521874207],[101.7302212406385,3.233611341534965],[101.72490773728158,3.228250109690541],[101.7238769915693,3.229300297884965],[101.72383521389862,3.227222460910182],[101.7191009349489,3.222730537628317],[101.71837320048216,3.221437569370907],[101.7183666664271,3.21825668024389],[101.71567173482484,3.218239251442446],[101.71565131814052,3.216782882185974],[101.71492385300317,3.216795326884075],[101.71490823826592,3.214592281650321],[101.71563998602802,3.214586032745323],[101.71565514124448,3.215319337685589],[101.71734626285307,3.215338189456992],[101.71482891570022,3.212850415338843],[101.71278167758042,3.214981344066534],[101.71101128507982,3.215445833823085],[101.70997617832187,3.216448670505449],[101.70856002917272,3.215155105962061],[101.70782843799707,3.216105208001465],[101.7066179016488,3.216411617314982],[101.70570275375826,3.216340535496241],[101.70552753955684,3.216702230421063],[101.70430293653904,3.216234978497206],[101.70373068331479,3.216570444281198],[101.70326411948173,3.21609485329524],[101.70244023032927,3.216677509295056],[101.70216986332909,3.218324213223276],[101.7017195823874,3.218344107468453],[101.70170942058171,3.223551424254483],[101.69680821221631,3.223454932995816],[101.6970094860221,3.228389081248079],[101.69114641072494,3.228630731056026],[101.6729886112317,3.227697414513993],[101.672962077948,3.228310565559361],[101.67222095980196,3.22810696662274],[101.67236918196167,3.231260079782893],[101.67324710244652,3.232822212269371],[101.6704999694165,3.237748603138719],[101.66851656735689,3.23964070510687],[101.6660712884685,3.24362045784195],[101.66435939639308,3.244389298109521],[101.66178377130856,3.243553580376711],[101.6609233461073,3.243563768850995],[101.66072714084547,3.241582830835761],[101.65840598245454,3.241712786071851],[101.6578701355814,3.241232441378235],[101.65658016851529,3.238627571646226],[101.65717967841817,3.238186947831415],[101.65710856679355,3.236869866651276],[101.65393233996012,3.236992526980087],[101.6538658076345,3.235193837097467],[101.6499678620894,3.234338631454427],[101.64974223639717,3.235328276739605],[101.649122414355,3.234486529208997],[101.64665977689893,3.234999045445354],[101.64618748347726,3.232685994571508],[101.6424051506064,3.232361912573119],[101.64251628958762,3.232017491720105],[101.64036821688234,3.231838795474204],[101.63869221142144,3.229873736850968],[101.63837400957341,3.228772472463289],[101.63657065781523,3.228718340582832],[101.6366690817763,3.228217738688197],[101.63609610065124,3.227806296476402],[101.63630191253075,3.22674820182355],[101.63895799892892,3.223187566570685],[101.63918541955933,3.221582663609167],[101.63647834058028,3.216155551915258],[101.63537869329946,3.216686493327907],[101.63467367929971,3.216641026788272],[101.63401646169005,3.217413071710348],[101.63392222540709,3.214115785940206],[101.63342696121654,3.213463038575135],[101.63150552046625,3.212461914254871],[101.63041006194851,3.209033969537733],[101.62908262290046,3.208348286474458],[101.62770063718,3.208271564585804],[101.62767033113207,3.208630800050936],[101.61925235614824,3.208267540273399],[101.61816440405495,3.208035589384112],[101.61744155831471,3.207663324000231],[101.61039305696625,3.200693630958244],[101.60788422231963,3.199670714234772],[101.60589851504002,3.199519059870326],[101.60385463744008,3.199982306923792],[101.60180089558925,3.201016511648336],[101.60097373863209,3.201123582331829],[101.59536837021786,3.200324393354407],[101.59464061965005,3.200398612193163],[101.58745671586654,3.202623239618004],[101.586120469,3.203262306501817],[101.5818277665361,3.205746420466018],[101.58178012144943,3.206285636724851],[101.58030293939893,3.206738664448104],[101.58056314373695,3.207590868303293],[101.5772514330032,3.208870754462646],[101.57660174542094,3.207524448422988],[101.57424848676872,3.210411980074339],[101.56840596785757,3.216651250562979],[101.56237175649156,3.224439488204629],[101.56093895783292,3.227240705928301],[101.56010228636768,3.229630387885085],[101.55164925533889,3.225829492806123],[101.54714262563343,3.218238305908776],[101.53071199621677,3.218247579423603],[101.53037818898137,3.216237491083481],[101.52966621588988,3.216501410831344],[101.52881923836131,3.217465358338056],[101.52801501205607,3.219296447925429],[101.52769946270683,3.220696111387513],[101.52695621593882,3.221134315854848],[101.52415319554781,3.221127313360186],[101.52308063940002,3.220464340888264],[101.52230142844174,3.219085214984534],[101.5221332480461,3.217664923532969],[101.52164703448116,3.216920694496281],[101.5211716553012,3.216818863405139],[101.52086661601464,3.217032582677221],[101.52066253603701,3.217959968427566],[101.51909178379341,3.217620553537843],[101.51775206630332,3.21836055487055],[101.51730952516726,3.21823855370285],[101.51678862406688,3.218504463150573],[101.51631139038744,3.219247709370089],[101.51572235857154,3.219306687374234],[101.51551363449721,3.218763767226965],[101.51457588210593,3.218027767951005],[101.51422190370303,3.218135750155686],[101.51326125805419,3.219524299055425],[101.51242942001579,3.220133965439145],[101.51136625773057,3.221824139121317],[101.5103690534634,3.221821247796655],[101.50987106355583,3.222027186123531],[101.50929534654797,3.222770791284817],[101.50865645854604,3.222943078221898],[101.50778095945397,3.222482462896616],[101.5065260899246,3.222809951444637],[101.50542349424238,3.222545255181148],[101.50512730095141,3.221732845878064],[101.50454570967968,3.221245278006792],[101.5043118921341,3.219949979740445],[101.50350979325705,3.220274020894667],[101.5022561611389,3.219920211648651],[101.50034720758973,3.222025939510572],[101.50001490537805,3.222907472620299],[101.49840389053846,3.222420608118267],[101.49800284494174,3.222550124809462],[101.49714125909246,3.224092948965081],[101.49553982054368,3.225805517385622],[101.49375779347224,3.229481216350855],[101.49206775753484,3.231991471886126],[101.49194014014999,3.233137177911226],[101.49274036091117,3.23558661494268],[101.49276848206355,3.23912277664102],[101.4927783205368,3.264204308454347],[101.49239784027156,3.274772167471014],[101.46356559601992,3.274910130955112],[101.46236084844435,3.27454695127155],[101.4623758231994,3.299333608424335],[101.43851381362654,3.299368567981275],[101.43782584698285,3.300415023221489],[101.4378137124499,3.301275291970677],[101.43732247538989,3.301682245093776],[101.43590333490476,3.30199263262065],[101.43541302426328,3.302390623182488],[101.4354362000148,3.303190936908642],[101.4350722097281,3.304115760115853],[101.43414055234946,3.304525293934189],[101.4331953951803,3.303249736252861],[101.43164339531481,3.303336987484352],[101.4304063147176,3.304279557717227],[101.44607526245093,3.333035497614429],[101.44614783211321,3.341276944076088],[101.44695408293494,3.355822620120064],[101.44408098201035,3.356154801911247],[101.44416413940046,3.396293488943206],[101.44456152581486,3.396622810932862],[101.44665012696053,3.396865605138341],[101.4464697958325,3.39778104447146],[101.44940515622476,3.399584708030869],[101.44964150580448,3.399352099914586],[101.45180189696207,3.400906273962665],[101.45237122749306,3.40062712939021],[101.45479284212365,3.400387958140754],[101.45576450296623,3.400787482001622],[101.45764582912877,3.402238164415816],[101.45917071066812,3.402433967446334],[101.45956037856335,3.402314332809376],[101.45945509707676,3.401658538498577],[101.45843852957488,3.401224912356478],[101.4585008204051,3.400508808056427],[101.45939447131565,3.399990350179829],[101.4603652779793,3.39872983240394],[101.46293058895112,3.398876283728624],[101.46300897767786,3.398487215586925],[101.46257878592942,3.397320319884752],[101.46285111451552,3.396202227272139],[101.46355485575349,3.396314044376279],[101.46503475168059,3.39760505997275],[101.46685276948992,3.395105621015669],[101.467316146761,3.395098135185472],[101.46885833320388,3.395783385233569],[101.47018819692369,3.392773195524997],[101.46887183508427,3.391279333794732],[101.47259976471884,3.387134749874098],[101.47498415592467,3.38718150314416],[101.47693678256982,3.386839880314024],[101.4789326879274,3.379404249170621],[101.4797390503691,3.375509515564187],[101.47850450960352,3.373257587255807],[101.48123494896723,3.369452181831369],[101.48407804553413,3.368820798704686],[101.4865668025845,3.367683296271655],[101.48762143813113,3.368524958561959],[101.49338411861959,3.367502989273453],[101.496280793692,3.365553219238495],[101.49633316824145,3.362680263124453],[101.49603646027617,3.361836178438632],[101.49649271842912,3.36046491550827],[101.49840534210072,3.358770250798397],[101.4990818205297,3.356747992828762],[101.50068440394094,3.354259073938554],[101.50198497633967,3.35270503185644],[101.50484473388406,3.3504547849671],[101.50670931668124,3.352564328038342],[101.50841284184648,3.353185561182999],[101.51005410491074,3.353109683989512],[101.51235169097615,3.351818449291228],[101.51239691789355,3.350047519714753],[101.5171683159459,3.350253426489543],[101.52120471117742,3.348091924015048],[101.52641560662724,3.348011166449251],[101.52866798787447,3.348707983123714],[101.5301562441136,3.348706410783755],[101.5341833514427,3.348138164311783],[101.53916075131491,3.349003257023193],[101.5408577321852,3.348095722760728],[101.54273500703314,3.348097103046515],[101.54329718936016,3.348789134875147],[101.54600606280582,3.348097709709525],[101.54850837638699,3.348078071904732],[101.55391404549218,3.346765530848022],[101.55430667364227,3.344366474364808],[101.55743244821495,3.344006643851604],[101.56067660045048,3.345107592965778],[101.56148486938054,3.342649087364348],[101.56784291053232,3.341434998532706],[101.56785207081752,3.33927065405217],[101.57039711430477,3.33941014068504],[101.5748887714644,3.339238285973248],[101.57482718947628,3.340070976091988],[101.5777664373015,3.339000312567578],[101.57899210811644,3.340226685963432],[101.58112804579643,3.340855466028953],[101.58187278919279,3.342910046343348],[101.58420200282312,3.343682956647088],[101.58391092393293,3.344603304819935],[101.5868484049291,3.344678499766145],[101.58742477684721,3.344224439374693],[101.587565730355,3.344574251474358],[101.58846882696047,3.343622479406219],[101.58886312746786,3.343852165597351],[101.59088462745046,3.342572428641404],[101.59055875877041,3.342220641986229],[101.59087186707139,3.341925782919458],[101.58773354488987,3.339910659821021],[101.58824904289916,3.337521438632182],[101.59100522485511,3.33285345569449],[101.5902761106371,3.332606335336995],[101.59080248579905,3.330747369673957],[101.59071333365075,3.327476586166377],[101.59624994596298,3.327344778759582],[101.59598364107129,3.328024376563697],[101.59722942780958,3.328920985514769],[101.59878502085117,3.327131284695675],[101.60208384745775,3.32672761691366],[101.60694548293769,3.325743133271471],[101.60775483439784,3.326185496213059],[101.60981448959683,3.326098186018103],[101.61052768199063,3.325179684860122],[101.61226953869861,3.324870369167535],[101.61380409516589,3.323741418029042],[101.61545700632662,3.322974305835513],[101.61702079477719,3.323015821350018],[101.61727624323605,3.32235747192053],[101.61810512817075,3.322922452847847],[101.61995199698872,3.32284945247727],[101.62100108409541,3.323379580049933],[101.62300877128003,3.323866375292565],[101.62521147661872,3.323519173391222],[101.62610101427794,3.323625614094839],[101.62719011437176,3.324558024820867],[101.62784275128395,3.322469658154385],[101.62819861163993,3.322331242922143],[101.63031419686449,3.323830215706923],[101.63113931021452,3.3238785938819],[101.63324062397112,3.325163857925063],[101.63343784218479,3.324565478613471],[101.63549396112904,3.323487784460988],[101.63742857026355,3.321701049512283],[101.63952133772855,3.321501994872471],[101.64042554405943,3.322494997172875],[101.64040458470569,3.323283011416973],[101.64110774102365,3.323895206573146],[101.64280776382644,3.328133028067356],[101.64414059076044,3.32878428913718],[101.6444280733821,3.329152883006429],[101.6450261665335,3.329270914824965],[101.64743105212501,3.33274794408536],[101.64827701285145,3.333493872487026],[101.64863557869124,3.335009786149485],[101.64994987416597,3.335863723068481],[101.65267382561728,3.335218565469108],[101.65349602050982,3.334332764191696],[101.65604677481718,3.333321792205343],[101.65525797815657,3.331768958915],[101.656116149071,3.331275017443334],[101.6566431365579,3.332197251004023],[101.65703663105435,3.331137951044801],[101.6575309017534,3.330758749956766],[101.65949598722246,3.330012314898039],[101.66239757033554,3.330471569569644],[101.66444869934622,3.331304569758949],[101.66864697996283,3.329151577451215],[101.66912199490574,3.328483240769068],[101.67122474167643,3.330509578419902],[101.67122988622059,3.331686848613043],[101.67174186601912,3.333611161250857],[101.67364378061727,3.334755998645746],[101.67369569675661,3.335895813066321],[101.67395964757908,3.3362985949344],[101.67606781143492,3.337221993165211],[101.67683397520892,3.338498157777122],[101.67696486845415,3.339609018478065],[101.67757441325683,3.339603668680412],[101.678129656136,3.339033794574258],[101.67901686278007,3.339855019341803],[101.67970035304732,3.339408221008256],[101.67979928226666,3.338339469751878],[101.68023119185416,3.337465914271707],[101.68034001937133,3.332751218531725],[101.68086804910791,3.332456474588655],[101.68253665542086,3.333092241573258],[101.68470605705903,3.335232228817561],[101.68521787749896,3.336124695870256],[101.68667902517441,3.337081657548138],[101.68701207684536,3.337560839393933],[101.68702052485848,3.338045687467407],[101.68612489793384,3.338611466478187],[101.68715096946974,3.339996926211004],[101.68915903594038,3.340570671114074],[101.68957724386205,3.34097241651227],[101.69026697781231,3.342527957568649],[101.69248912188178,3.343290055241421],[101.69293833289622,3.343839487584176],[101.693069477802,3.344517315019072],[101.69383441435103,3.345670827471003],[101.69376328479365,3.347914312831123],[101.69398210801579,3.348716568201992],[101.69670869671744,3.350477366207294],[101.69841856801838,3.351256270187183],[101.69952060362563,3.351379412001541],[101.70020241894335,3.351854098027101],[101.70091139191011,3.354970895667915],[101.70069685515443,3.35555292140549],[101.70116538641304,3.356635134831363],[101.70113886259477,3.357240273391186],[101.70163368354135,3.358117539535581],[101.70214067946242,3.361072942980111],[101.70526350781864,3.364579512974381],[101.70575131195466,3.370566673897103],[101.70725416820824,3.375212383163965],[101.70895533077713,3.377053303557787],[101.70995501639655,3.382311668803077],[101.71365473363335,3.388973269772361],[101.71825486536393,3.389585100929885],[101.72135191836438,3.387832328467628],[101.72485316507114,3.384676350612639],[101.72695094887429,3.381431422988969],[101.73074995277666,3.380204539679324],[101.73284746439047,3.378625696914239],[101.73793248039634,3.376079238585959],[101.73971705149377,3.374153788596777],[101.74112927258857,3.374645812199977],[101.74242019223996,3.374340259367373],[101.74328629405954,3.374640502409449],[101.74414263126067,3.374263693711797],[101.74524013189003,3.374662903677796],[101.7456387467298,3.374596147111658],[101.74664074146881,3.373285425524242],[101.74920059067846,3.372692950737159],[101.75080207014275,3.371982685974057],[101.75143732938062,3.370688782415954],[101.75218777862938,3.37050852269264],[101.75277950322673,3.37102316245299],[101.75372764385105,3.37113154079179],[101.75490663887233,3.371686189824707],[101.75775043863828,3.372034104690131],[101.75972123788956,3.373102496593912],[101.76140788657838,3.371144306615759],[101.7639427847812,3.370038375445883],[101.76528766305599,3.367710355026948],[101.76673921349217,3.366980489680979],[101.76687014390053,3.366607298090744],[101.76749289484,3.366134301005473],[101.76838581381983,3.365946678459976],[101.77159194928613,3.362700189801442],[101.77394743161263,3.361352624212113],[101.77530278240047,3.36003326982337],[101.7764526121991,3.360419779616715],[101.77810682121286,3.360096176051206],[101.77954550641543,3.358874740242541],[101.7808663877596,3.358378123514464],[101.78134933185744,3.357523324803247],[101.78077315781479,3.356132250382561],[101.78229175187599,3.352724241750762],[101.78225833311181,3.350568325529575],[101.78251748791975,3.350233806843549],[101.78140317487788,3.349498671405562],[101.78124748104274,3.347324227978478],[101.7806730319478,3.345462888054348],[101.78128510589498,3.343022830100908],[101.7812564627721,3.341506616566697],[101.78249180445978,3.340128309167366],[101.78253243679775,3.339544773569201],[101.7842114566028,3.338120833939694],[101.786298545595,3.337845718589063],[101.78676407247765,3.337619235352105],[101.78709302748139,3.336833928959708],[101.7888528231274,3.335999540418652],[101.78959963336362,3.336147719429794],[101.79127159629533,3.335612475501405],[101.79181457296755,3.335874322109619],[101.79309811499404,3.335893806867741],[101.79421662870077,3.334990440761266],[101.7957785135679,3.334174961458406],[101.79684294092229,3.3341178384062],[101.79727955540909,3.334350721248471],[101.7986511458156,3.333974135870034],[101.79855390691075,3.333703271707246],[101.79932783804075,3.332299462237723],[101.799159661404,3.330876247643134],[101.79985941900505,3.330359556773534],[101.7997784378058,3.329538123457302],[101.7994580775527,3.329382322257374],[101.79935991746832,3.32888963535641],[101.79981404623398,3.328333612848354],[101.79959060650268,3.327962675233644],[101.80021874886712,3.326587960185067],[101.80206989155585,3.325150019056321],[101.80189007518466,3.324443216567505],[101.80262628305103,3.323600693140684],[101.80272500382989,3.322908172473682],[101.80396856042609,3.321974210048622],[101.80557932039508,3.321639079042687],[101.80652002180076,3.321015973212083],[101.80684165994016,3.319667109311522],[101.80618294560811,3.317847939563874],[101.80619647486704,3.316610355673719],[101.80711877698155,3.315594529766692],[101.8086102734908,3.31461590263],[101.8089385475753,3.313987324718509],[101.80934864155367,3.313734616930913],[101.80964929152995,3.311978668965049],[101.81069824621561,3.311174184011551],[101.81130220030317,3.310162168876092],[101.81133151550902,3.309519021671701],[101.81193547203415,3.308714950570515],[101.81326715345944,3.307963512943702],[101.81377467360885,3.306215934705464],[101.81543128556505,3.304858632720536],[101.81601698403414,3.303597229872894],[101.81661869599262,3.303466515952548],[101.81806873686783,3.301853890744737],[101.81942626812514,3.30135160391904],[101.81996135903344,3.300672996631049],[101.82121803741545,3.300232213735934],[101.82320654427207,3.297386060573102],[101.82386569236569,3.295535444200972],[101.82743111638254,3.294666301038784],[101.82810853689308,3.294215576881633],[101.82810837236418,3.293652763272111],[101.82905263752427,3.292694388444401],[101.83104840747222,3.291686707002313],[101.831804439548,3.290259129873858],[101.8337108702228,3.289910966453026],[101.83440639088631,3.290306652575727],[101.8348172642692,3.289591142478255],[101.83586400736952,3.288795947984117],[101.8365640228866,3.287819781896041],[101.83841015930963,3.287281952619723],[101.84013982083627,3.287086282259654],[101.84214511794596,3.286280316283299],[101.84348702281723,3.287648736115012],[101.84556380492747,3.287465488630656],[101.84647479880148,3.287058345549725],[101.84814139974169,3.286794080035313],[101.84905374208908,3.285779135035567],[101.84906474580907,3.285380738429743],[101.85111157967086,3.284359959025277],[101.85140418399135,3.283932282307592]],[[101.75077358402481,3.20159347543659],[101.75078015809609,3.201555108810225],[101.75077368100092,3.201593560674924],[101.75077358402481,3.20159347543659]]]}},{"type":"Feature","properties":{"web_name":"Hulu Langat","web_code":"06","web_area":84241.31},"geometry":{"type":"Polygon","coordinates":[[[101.78965398946812,2.869309060747481],[101.78889885895929,2.871694261782271],[101.78786278793658,2.873496550811654],[101.78677372664231,2.875139843908284],[101.7856687229733,2.876158388755729],[101.78294700288234,2.878348722977087],[101.77048565617798,2.885058115175995],[101.76863175560652,2.886688666211748],[101.76737120197055,2.889363832951378],[101.76720880344423,2.891322464729466],[101.76649221713718,2.890526298601725],[101.7664232120426,2.897528432141216],[101.76675656917281,2.898119376418268],[101.76601321846067,2.899338222450822],[101.76660383187308,2.899694793531265],[101.76669345433655,2.900091008268591],[101.76643754288537,2.903418475563898],[101.76574885714794,2.905533778472923],[101.76388137230228,2.908395485184286],[101.7578489932244,2.913550080113783],[101.7564616347669,2.916497100236816],[101.7563219288066,2.918006569933027],[101.75681105072198,2.920801487644852],[101.75596606444395,2.921741716225197],[101.75671765990613,2.92182521739706],[101.75819538866855,2.92386957509517],[101.75800957865873,2.925222811605002],[101.7590792407603,2.925433082476097],[101.7589431794086,2.925723677080207],[101.75685365065578,2.92543560990942],[101.75694402640555,2.926193061762047],[101.75872407252938,2.926195184238238],[101.75831112999339,2.92708345406407],[101.75632268151783,2.929229522923677],[101.75549951338982,2.933641171158657],[101.75393041281424,2.93662558913691],[101.75252445419532,2.940762040252632],[101.75225959719226,2.942976902499258],[101.75225561404632,2.94742361975838],[101.75148856433431,2.951073622765644],[101.74976741932807,2.955305640248038],[101.74680992991703,2.960109421012277],[101.7445283589889,2.964379445005013],[101.74309604979214,2.968702648931202],[101.74267215183181,2.972972269765881],[101.74258086849851,2.980549342988372],[101.74134838390623,2.98406495749515],[101.7378000010548,2.990988333683404],[101.73473647739591,2.995631836680914],[101.73305173543122,2.99742104801706],[101.72766058534371,3.001613037136258],[101.72600187251284,3.003358644317404],[101.72092189460092,3.011799971805386],[101.72420483892141,3.013671361895655],[101.72387077252695,3.014986560728669],[101.7244063890055,3.016502622892244],[101.72846920792848,3.024020532235424],[101.72896046499928,3.024101614681599],[101.7297604110373,3.02658397342387],[101.72980640608088,3.028921232224813],[101.73086235444418,3.030910807654024],[101.73050582837324,3.037624258716427],[101.73050052305035,3.054862927957914],[101.74962810259045,3.054995342883219],[101.74967174572808,3.066011032428499],[101.75001147572065,3.072834188599137],[101.74995885101613,3.073132265130393],[101.74860361037263,3.073707414741452],[101.74954413138147,3.075369718374946],[101.7495535296488,3.076270041687521],[101.74771217309375,3.076289745493502],[101.74793533246338,3.078839886253771],[101.74600426195049,3.081161854682386],[101.74592911099828,3.081643378140949],[101.74622650478624,3.082243112239722],[101.74579480794195,3.083413971585344],[101.74499640191029,3.084227479061766],[101.74495780167845,3.084741287969543],[101.74520471518808,3.086255770987287],[101.75123926258297,3.09234221601333],[101.75176696493952,3.096523704273355],[101.75254608863271,3.09722687098697],[101.75060280383988,3.101384442538344],[101.75367935805923,3.103224372429271],[101.75316065606124,3.10414826268967],[101.7536251044024,3.104427368057364],[101.75179329351873,3.10753178138926],[101.74928387707355,3.109094265399266],[101.74675321704775,3.109897244034467],[101.74783233623113,3.111084021645031],[101.74571067252191,3.110225493378696],[101.74526262838208,3.110371303123714],[101.74553469520033,3.111189364782117],[101.74456243988855,3.111549439360543],[101.74391515893268,3.109701258652945],[101.74267411450997,3.110024588280505],[101.74118959116834,3.109918200019759],[101.73807336526036,3.113590681544368],[101.73856051543757,3.114870345075766],[101.73751027569052,3.115951059199813],[101.73763465598874,3.116313637198608],[101.73861132593672,3.116542166454719],[101.73833107551032,3.117339582314921],[101.73781467046504,3.117303768476038],[101.73747736602945,3.117624683987616],[101.73879868618545,3.117903025536282],[101.73934362495794,3.11875542283324],[101.73922847712038,3.119653487663245],[101.7405071428651,3.121422124198744],[101.7404078066076,3.122629828413993],[101.74091371208537,3.124136534617154],[101.73647528508454,3.133998355306561],[101.73550115341776,3.134346042917483],[101.73587466584677,3.135251720377482],[101.73499586489865,3.1356311599672],[101.73627020232149,3.138870861997236],[101.73959284730871,3.141834960470694],[101.74030101316507,3.143580031651484],[101.73888294109912,3.14456020527747],[101.74151723297089,3.148427914140323],[101.74062680495541,3.148625582589649],[101.74067834278618,3.150914006182985],[101.74681140920087,3.149581694386554],[101.74715177347278,3.15367066084403],[101.74786145968162,3.153544260897461],[101.75034940187267,3.157576898945241],[101.74874608739646,3.158324583584798],[101.75128282052104,3.160967132292575],[101.75144860981331,3.161452755879483],[101.75361319408512,3.161306634795473],[101.75510229511974,3.160794932119069],[101.75828103575928,3.160572231180169],[101.76156204137698,3.161895199463741],[101.76158322249702,3.159842015320514],[101.76647738318164,3.158961270546352],[101.7683527183216,3.152564951666748],[101.77125322611506,3.150592155746936],[101.77234460361376,3.152230482889291],[101.77327670398057,3.152198672076135],[101.77932414745302,3.148166277043972],[101.7853962101529,3.156545871942873],[101.78760051028429,3.159082223643644],[101.79130602295527,3.155514068247508],[101.7976720180231,3.150205092490453],[101.79892841965247,3.150465113809084],[101.80158368715645,3.148809049841359],[101.80268315018981,3.150373074235309],[101.80738588500613,3.151728423605513],[101.80922015093563,3.150938980956003],[101.81088459377942,3.155114479419607],[101.80870001488974,3.163206613913847],[101.80630567767713,3.169911465513521],[101.80272645382924,3.177600721065057],[101.8030874272244,3.178292935239809],[101.80436979852283,3.179359664786974],[101.8039989847194,3.181094149320699],[101.80320153994056,3.182125126040162],[101.80266584223243,3.184452480718678],[101.8036941911851,3.18739800062071],[101.80500804438108,3.189105950646069],[101.80657595878839,3.192297122981678],[101.80789137071002,3.194036620867283],[101.80829182393468,3.196274716486661],[101.80998527468398,3.198746126431147],[101.81044624365312,3.201387016734225],[101.81234544059669,3.203116311688048],[101.8122178058879,3.205085488409904],[101.81376856786238,3.206675782146844],[101.81268027331001,3.207528230311444],[101.81262152447518,3.208897599900056],[101.8121893275613,3.210349293185076],[101.8123679338719,3.211118525714187],[101.81107549446385,3.213904370069764],[101.81145025173872,3.216108557902276],[101.81217727115518,3.216706688283842],[101.81388593714539,3.219177900125142],[101.81709125465136,3.22538717654528],[101.81699868852127,3.227549887365749],[101.81638184078658,3.228762788362951],[101.82477693170203,3.240453083590189],[101.82804731548514,3.244333821217093],[101.82932276678655,3.246679245460382],[101.82972003306902,3.260138000507969],[101.83037362180305,3.26338105301202],[101.83134719553018,3.265879317687635],[101.83236286248268,3.267276288480641],[101.83847813066622,3.273367927647407],[101.84345717794136,3.277670301212877],[101.84739738727079,3.282568344680626],[101.85088226877411,3.280807829949325],[101.85274653734761,3.279550700158179],[101.8525605011506,3.2790025001985],[101.85294637532796,3.277676153390245],[101.85389547903361,3.276126227558119],[101.85598817328315,3.274864568699065],[101.85756647393335,3.274954236971174],[101.85783820774911,3.274163743381821],[101.85830463926051,3.273828817336364],[101.85992641865504,3.273419892648516],[101.85986053667486,3.27306559370188],[101.86079625160096,3.271965019094469],[101.860855661329,3.270935237401623],[101.86240824665327,3.269943237752134],[101.86354857024921,3.270202294720122],[101.8642255081074,3.269847733533825],[101.86601700312428,3.270209694229147],[101.8665546297259,3.269977338212823],[101.8677619943048,3.270066163793043],[101.86830977430053,3.270413874786637],[101.86977510058533,3.270124229334842],[101.87092894919448,3.271166273978044],[101.87112986500246,3.271612760416286],[101.8716326455258,3.271636845967465],[101.87197299396999,3.271036496602418],[101.87272131513555,3.271133870517179],[101.87400276896093,3.272181936065422],[101.87466598689036,3.272003454900258],[101.87512807652796,3.271474203537141],[101.87585227188418,3.271282455259132],[101.8762283063256,3.27090998946645],[101.87616272366945,3.270415943555781],[101.87666557902047,3.269534542443529],[101.87693129762467,3.26818862328286],[101.8800650111016,3.266019836149678],[101.8801715876697,3.265273379747939],[101.88075032996477,3.26424887021562],[101.88219262730262,3.263418051433217],[101.88322438023256,3.263740366024292],[101.88393617575706,3.262737047930062],[101.88393263146729,3.261124435655231],[101.88458471884664,3.260866031737132],[101.88584446908473,3.260539358135662],[101.8863414131275,3.260898976741984],[101.8891230550908,3.260911258263671],[101.88983389331544,3.260478011025423],[101.89192768147757,3.262293171108846],[101.89209378823756,3.26314583663881],[101.89248727918485,3.263365458208289],[101.892921584951,3.265155439787641],[101.89385416959931,3.265957580315352],[101.89487533587842,3.265588028308542],[101.89569161763598,3.266061935447858],[101.89664711164454,3.265776447121642],[101.89968580283556,3.26689810879815],[101.90050744028677,3.266923199411842],[101.90140779390782,3.265840279138685],[101.90368253729797,3.264030044369481],[101.90540994619448,3.263769605748539],[101.90640073973307,3.263992591237034],[101.9090812442267,3.262353931371557],[101.90975345848027,3.261520938555752],[101.90965291964154,3.261010087276757],[101.91044367480762,3.259918118557777],[101.91071538659104,3.258963680039736],[101.91150652431593,3.258778569332222],[101.9123773429707,3.258908024380907],[101.91354867445379,3.259766745320323],[101.91428185400353,3.259798405969781],[101.91465170567038,3.259346282809982],[101.91585625981138,3.25894830829545],[101.91625472534355,3.259218096754553],[101.91783033335189,3.259314551152283],[101.91872449939586,3.260100419016398],[101.92069300356144,3.259337098354503],[101.9226324947972,3.260166761842858],[101.92299052714782,3.259906968977131],[101.92384560030176,3.260304119770572],[101.92531955768116,3.259867549669939],[101.92605248724104,3.258914428243838],[101.9276673934712,3.257837456988429],[101.9278421715087,3.256645256127125],[101.92747068278565,3.255751074583969],[101.9277715478727,3.254638109173863],[101.92894725617656,3.253920259966387],[101.93072841481882,3.253992711322328],[101.93181097681816,3.253169483586868],[101.93328745240231,3.251544686746384],[101.93399294832751,3.25142974150264],[101.93369747072654,3.250693663578758],[101.93373781624402,3.250099492197744],[101.9332961587071,3.249445639259293],[101.93334009036269,3.248602516296099],[101.93283413870647,3.2471076337097],[101.93181903460115,3.246150777524279],[101.9315098897915,3.24546231536284],[101.93229493558333,3.243573425049302],[101.93315352741564,3.242404508401353],[101.93297909948174,3.241122340171644],[101.93395272195416,3.240178560868314],[101.93492170246475,3.23988512845384],[101.93590668632149,3.239052225415496],[101.93722138554294,3.238690384630534],[101.9378922667618,3.238292486099588],[101.93814106234431,3.237786785857282],[101.93936139782379,3.23736816918498],[101.93980723063889,3.236744743481606],[101.94044730963752,3.236397659776116],[101.9403851109043,3.235352109951173],[101.94136856737018,3.233820659732552],[101.94182465849298,3.232433916263097],[101.94174493490381,3.231736557783373],[101.94243866869135,3.230356369465945],[101.94303105899725,3.229779007524502],[101.94323748941652,3.229155903480264],[101.94406455741563,3.228998788488384],[101.94505561278419,3.227574179297919],[101.94454268289019,3.226765020837973],[101.94457886788824,3.226081700971946],[101.94609816718366,3.224868044496247],[101.94764812073393,3.222377989770938],[101.94732230200245,3.221982494355411],[101.94691916546675,3.220473876253275],[101.94682601164627,3.219119891836137],[101.94709631163485,3.218437275687089],[101.94797451806784,3.217973177774035],[101.94827193924979,3.217482789282649],[101.9482266729606,3.216793798351499],[101.94883125645087,3.216265531000817],[101.9493902286639,3.215104842916301],[101.94937801760742,3.214275004610957],[101.94864400439785,3.213416472152075],[101.94835087137211,3.212684160516775],[101.94851936343572,3.212058080924116],[101.94817308626175,3.210527192219364],[101.94992912204769,3.209422014357383],[101.95064072737132,3.20775776968485],[101.9505154926264,3.20661298326644],[101.94810014316185,3.206009610316314],[101.94750757902473,3.205312364002512],[101.94656021638322,3.20500824065942],[101.94712512260608,3.204061651791096],[101.94743537878084,3.20292589922975],[101.94745195904632,3.201980882441745],[101.94705263495263,3.200354748293839],[101.9475674025094,3.199536597812042],[101.94769570183905,3.197970474506134],[101.94801884230208,3.197599342543554],[101.9478080907731,3.197085134925893],[101.94819643471413,3.196082623136346],[101.94779598850587,3.194343083554958],[101.9468860153658,3.193246149720598],[101.94695939835225,3.192825706365082],[101.94771446220453,3.191891999697456],[101.94495183191563,3.189297375146924],[101.94438993600164,3.189274490324276],[101.94405567063532,3.188848907641687],[101.94403794774225,3.187755722554359],[101.94341725569983,3.187048125658691],[101.94202764166587,3.186232343380169],[101.9418140376964,3.185226789083977],[101.94072273393174,3.184674197224693],[101.94075792991248,3.18421194462934],[101.94220232885482,3.183260836651996],[101.94269660761236,3.18245220600925],[101.94332718148887,3.182361741530636],[101.9438862727815,3.18189957424543],[101.94393278601648,3.180985617829494],[101.94498249436816,3.180689324936936],[101.94496521165668,3.18016340801876],[101.94460709367057,3.179648537610448],[101.9449681758109,3.178418266801446],[101.94479067881873,3.177837665471121],[101.94571782652578,3.176387270657763],[101.94604751613984,3.174694334798176],[101.94587764916564,3.174255688649349],[101.94660819751672,3.173062228614712],[101.94652173304503,3.172263802134606],[101.94698585428421,3.171802372499675],[101.94687299048815,3.16971474019963],[101.94728538713899,3.169316157449352],[101.94776044311493,3.168028324908924],[101.94767735126706,3.166332448215205],[101.94820255381738,3.165866081650744],[101.94900741768186,3.165606174963322],[101.94921206758336,3.164655073026541],[101.9498925882232,3.164263953720908],[101.95030982964555,3.163485462718511],[101.95060579988636,3.161545161120709],[101.95134149008689,3.159735141955822],[101.95234159110541,3.159687898346056],[101.95366213023867,3.158798883702405],[101.95472017249281,3.158808718820134],[101.95535948958154,3.158490268185347],[101.95596204941567,3.157604772436379],[101.95609470263447,3.155802528146778],[101.95805527713608,3.152587330870038],[101.95882801435843,3.15188477176026],[101.95726592503527,3.148445485804412],[101.95707028691675,3.147403021551648],[101.95776123053022,3.146619600337755],[101.95776908079523,3.145791690699184],[101.95932805575866,3.144321065984973],[101.95969817863529,3.144459916067428],[101.96059085234951,3.144087037607678],[101.96129398281371,3.144169703977899],[101.96201288930247,3.142887092429392],[101.96321714238093,3.142733964178527],[101.9635980719659,3.141036615122762],[101.9659180821905,3.14021643403357],[101.96611699521759,3.13966116781383],[101.96580191162305,3.139097487784878],[101.96438372217759,3.138641740076148],[101.96389020730098,3.137340338697417],[101.96393539162499,3.136576665768557],[101.9635423607397,3.136282265604468],[101.96334794033376,3.134523755944913],[101.96170063885211,3.13212680599466],[101.96236857074682,3.130897448322494],[101.96193085552825,3.12907997189001],[101.96225386946317,3.128033924967918],[101.96211313945005,3.126217294310869],[101.96310323003385,3.12492007102465],[101.96310334391188,3.122790726752071],[101.96258304859865,3.122499228164429],[101.96202586471613,3.122592225877001],[101.96148601400513,3.121753481654804],[101.96143493379907,3.12088257297694],[101.96111106255174,3.120338845191658],[101.96038514182109,3.119885715313102],[101.95967163502831,3.118343801239002],[101.95899379532374,3.117743171376992],[101.95874132030826,3.116448516606306],[101.95731921725287,3.114974429240176],[101.95503384607088,3.114241056903195],[101.95419989848827,3.113365484207705],[101.95268636092453,3.112392098301565],[101.95194287674022,3.11224470737202],[101.95060351272649,3.112723347391193],[101.94920375273621,3.112116316877259],[101.94915666327746,3.109160607377655],[101.94950748373246,3.108399614597575],[101.94904425913067,3.104870012231134],[101.95020076024883,3.103395573746681],[101.95028226668374,3.101664321924824],[101.95081307471538,3.100850652724174],[101.9520248935017,3.100061378479787],[101.95277414004607,3.0999975372817],[101.953684439936,3.099127870969737],[101.95432442173473,3.099101930007747],[101.95395597547348,3.09690141868019],[101.95468463644909,3.09619617280254],[101.95567583449278,3.095681851164477],[101.95667275870848,3.093816791202604],[101.95610453285818,3.091943585935593],[101.95700593158489,3.091021802935982],[101.9568552449636,3.090310065254875],[101.95705549258307,3.088508100850539],[101.95737223368593,3.087686402199856],[101.9574322601815,3.086065786986071],[101.95886620839593,3.084140287922967],[101.95860534730082,3.081508803010096],[101.95907403190935,3.080532413691505],[101.95966035706017,3.08009807055073],[101.96032417310619,3.079080021928886],[101.96065539439579,3.078896183932563],[101.9615259012145,3.07903291929992],[101.96176993395656,3.078402991824892],[101.96162374081904,3.077823380619426],[101.96295962393827,3.076439860962703],[101.96307350694661,3.07406558997733],[101.96221686735252,3.072890059025292],[101.96204761956574,3.07209381372677],[101.96225248979971,3.07147135686356],[101.96178597887044,3.070621415885795],[101.96180437674627,3.069288506512361],[101.96138292102295,3.067206851696139],[101.96165454593007,3.066794183549565],[101.96087145618176,3.066159856944136],[101.96010497359964,3.065031027393376],[101.95991009037203,3.063212301778435],[101.95941232163158,3.062314200603622],[101.96009314788297,3.060627399455665],[101.96069172417474,3.060844892294001],[101.96273360453932,3.060744094322326],[101.9635081528456,3.058826924155905],[101.96428521788684,3.058548546681904],[101.96493636933742,3.05774182681537],[101.96658746219227,3.056849834312545],[101.96746798309732,3.056946352999504],[101.96730430951493,3.056422817349532],[101.96682674216692,3.056175878470353],[101.96692315200853,3.055002975498087],[101.96544319524946,3.053562432313139],[101.9648870252722,3.053360858100609],[101.96425243790885,3.052137019530249],[101.96460282539437,3.051413660806315],[101.96455755069543,3.050852936964211],[101.96538027718346,3.049384801528894],[101.96526175074158,3.048966179990269],[101.96584297180634,3.047508587913469],[101.96651929446804,3.04685559451318],[101.96698943268387,3.046791013619266],[101.96803937768834,3.044993806781328],[101.96793166168304,3.043729600607236],[101.96731877762882,3.042816699142485],[101.96719016493893,3.042147158122382],[101.96756694797058,3.041936033630428],[101.96803018225005,3.040919309947301],[101.96841215209824,3.036963338066076],[101.96895715939294,3.035968099139818],[101.9688513165575,3.033575711623374],[101.96837983687814,3.032725761111562],[101.96899563318988,3.030519683754813],[101.9700630144309,3.02952168440319],[101.96964814913996,3.028317570546861],[101.96922969287836,3.027821712966682],[101.96900011609762,3.026780275271272],[101.96785683715034,3.025379800668817],[101.967304632944,3.025738262500291],[101.96649588599035,3.025729669239499],[101.96597540544249,3.026064219864277],[101.9649369926543,3.026206855997008],[101.96402507196795,3.025764641333904],[101.96290950603637,3.02434879955991],[101.96165434991939,3.023910803878161],[101.96009960642525,3.025166524826338],[101.95884273505695,3.025118842204138],[101.95710071832613,3.02544537069485],[101.95588507127388,3.025101886420308],[101.95553029989894,3.025237715689974],[101.95420670001891,3.023446905917954],[101.95146360129718,3.022269262368345],[101.95121319382709,3.021489930201558],[101.94923211506385,3.019583273670019],[101.94916465117612,3.018468229942185],[101.9482962366145,3.018103781039573],[101.94746028284435,3.016456649218395],[101.9464097819192,3.016096677253857],[101.94558978655843,3.015330640092471],[101.94458756879253,3.016368871265981],[101.94356079101094,3.015834849666478],[101.94294782192446,3.016091162631307],[101.94161556127649,3.016131580064103],[101.93959134589021,3.014393598213503],[101.93932622584961,3.01290714395957],[101.93969717744916,3.01245303494259],[101.93989227010519,3.011234111122708],[101.94058278245845,3.010802916156531],[101.94072191127431,3.0100759560746],[101.9412813975316,3.00950446002353],[101.94164417547942,3.008519272997132],[101.9422131116227,3.008110921398168],[101.94280789662606,3.008067518953434],[101.94355400719697,3.007418939319083],[101.94299933152871,3.00603579903287],[101.9432288407736,3.005378004734014],[101.94281249170531,3.004739902669404],[101.94281738630522,3.003839480747081],[101.94190592819488,3.001961953884039],[101.94085441953293,3.001366555281782],[101.94053787138292,3.000402229600327],[101.94066890340126,2.999534321942281],[101.94010923469018,2.998146017691305],[101.93942878328485,2.997423962692991],[101.93809028244374,2.998056309431586],[101.93778676413403,2.997676130556205],[101.93737829951621,2.99761036155246],[101.93628329260295,2.998484568138472],[101.93556317661688,2.99829203049088],[101.93482067739681,2.998683826983802],[101.933810538414,2.998320258823869],[101.9321163621089,2.998414961238359],[101.93161002002076,2.998089985650375],[101.93142700933952,2.997007418291236],[101.93095030618505,2.99617991688852],[101.93121184382113,2.995074801880433],[101.93086344930207,2.994416491170808],[101.93139193628645,2.993454864407219],[101.93151906900097,2.991904725749745],[101.93105093673161,2.990587643095525],[101.93018303320844,2.989823129428524],[101.92951807613456,2.987763041603873],[101.92984742353211,2.986387097034345],[101.92970413186701,2.985212647725268],[101.9292955977641,2.984505438832825],[101.93019548378578,2.982473812226768],[101.92974924063583,2.978542870686822],[101.92918755737884,2.978044572988459],[101.92814553456725,2.977655045235831],[101.92721174625777,2.976636316743706],[101.9259573118531,2.976238447409504],[101.92476189066528,2.975167393633081],[101.92438470745346,2.974293681003219],[101.92387510974545,2.974049261266735],[101.92357502798987,2.973523111954649],[101.92388149352703,2.972644546278747],[101.92383303383963,2.971754972337318],[101.92338554673704,2.97005044393769],[101.92379916539134,2.968884995898669],[101.92041295628826,2.961273015458799],[101.88204492617818,2.866296653797886],[101.78965398946812,2.869309060747481]]]}},{"type":"Feature","properties":{"web_name":"Hulu Selangor","web_code":"07","web_area":175185.57},"geometry":{"type":"Polygon","coordinates":[[[101.32282388029994,3.772719221464666],[101.32288005393991,3.774512575903049],[101.32328083179193,3.774910440542022],[101.32487458583054,3.774958068176919],[101.32540559471205,3.775362184746011],[101.32476156198923,3.776854173848889],[101.32369507974006,3.777511952297918],[101.32381053297556,3.778153929642923],[101.32691140814457,3.77858839051247],[101.32706549702058,3.778826976420715],[101.32656366033008,3.780095922946926],[101.32668091924444,3.78309962785007],[101.3257898476032,3.785519847702967],[101.3258715680002,3.785981078280443],[101.32638398915435,3.786368431447448],[101.32792695658614,3.786657306583932],[101.3287971272959,3.787328747888036],[101.33000473136657,3.787617543469787],[101.33120706835946,3.788496485018288],[101.33169455244814,3.788385554775475],[101.33244484375744,3.78764496804165],[101.33319273182691,3.787756900088046],[101.33347685802802,3.788293569185246],[101.33324689548381,3.78993019505968],[101.33351284137203,3.790582413307104],[101.33408516121105,3.791058372369811],[101.33445993733194,3.79106136293651],[101.33538115308721,3.789860487698525],[101.33630630237442,3.790071641588875],[101.33691183167754,3.791120150200284],[101.33630343270399,3.792282481729417],[101.336207664706,3.792956816286526],[101.33697002134454,3.794949449901355],[101.33777914999602,3.79466772543036],[101.33895779203225,3.795116181954244],[101.33975166970215,3.794371932550155],[101.34040704893408,3.794293165882705],[101.34120777546465,3.795314107081471],[101.3423070719438,3.795266024104717],[101.34325716468868,3.796056074782592],[101.34449422365732,3.796197116951245],[101.34559771777663,3.797173472735167],[101.34646912545065,3.797239470762328],[101.34733720741036,3.796895290768239],[101.3477392074715,3.795625588717521],[101.34875983161754,3.794933531555595],[101.34913555861648,3.794348337951923],[101.34972777206487,3.794048201407201],[101.35026443326619,3.794130587279429],[101.35117659537015,3.79502332890886],[101.34973175553418,3.795306797843361],[101.34964088380048,3.795962551098413],[101.35187391328478,3.798124040208269],[101.35227826706569,3.799765705985089],[101.35270381670126,3.800518921184584],[101.35326518523647,3.800658403470637],[101.35415455984823,3.799917849826426],[101.35486281247216,3.799867890349905],[101.35542991035624,3.800602496664807],[101.3552350077418,3.801889692593873],[101.35588967273844,3.802712981993422],[101.35647448806688,3.802992759453335],[101.35661312317202,3.802569462380149],[101.35643105464504,3.801427557803783],[101.35677123989872,3.800979035536516],[101.35728540680856,3.800855530003001],[101.35795981332134,3.801301071698487],[101.35847720752226,3.802512796698795],[101.35900459439148,3.803131469344173],[101.36266190411007,3.80442690426585],[101.36376636182929,3.804149008533248],[101.36500341435591,3.802578897884853],[101.36545445686377,3.801430935993978],[101.36610084548137,3.801068632988889],[101.36699933879923,3.801502133746505],[101.36793684253306,3.803042855738021],[101.36861750943129,3.803259681491788],[101.36934531550274,3.803049165373975],[101.36964089775658,3.80073869018721],[101.36989537585373,3.800246863237647],[101.37016804974091,3.800188550160901],[101.37166101961802,3.800609056969935],[101.37228997931217,3.801325920048404],[101.37290595784599,3.801614684818737],[101.37337921784844,3.80246361574799],[101.37369958416701,3.802416881245561],[101.3739970224668,3.8005300872363],[101.37466122975943,3.79991837524617],[101.37478798912636,3.798975481958045],[101.37557462435333,3.799089154077968],[101.37604681070007,3.798714896648367],[101.37620180364001,3.797671913769155],[101.37667027371457,3.797267836457049],[101.37715471802997,3.795419047629795],[101.3789195675259,3.794869352172791],[101.37982414910532,3.795726918134735],[101.3801297882646,3.794380560320305],[101.38135121147312,3.793483222650547],[101.38057143395223,3.793059635197638],[101.38113852182569,3.792009393774709],[101.3811265886728,3.790964974432258],[101.38322959221213,3.79095942676431],[101.38338754027065,3.789637402060495],[101.38354735693358,3.789384819158321],[101.38431523371251,3.789232401190601],[101.38340760232906,3.787799475256491],[101.38401689517109,3.786972286701854],[101.38335853414726,3.785862410120156],[101.38415990314704,3.785503391803704],[101.38362115522943,3.784707185560373],[101.38372927437163,3.784460783186589],[101.38480988688909,3.78400721094386],[101.38527301715904,3.783286403041101],[101.38627403534664,3.783396751444126],[101.38613384857618,3.78264742131159],[101.38674202938478,3.781765963708271],[101.3859495645165,3.780016026059562],[101.38497420435215,3.779187943802808],[101.38515149730243,3.779024672184215],[101.38613471314488,3.779156132649813],[101.38625500608109,3.778933007850688],[101.38559839102861,3.777905981614134],[101.38647402307751,3.77656460608887],[101.38636057254924,3.77622314324862],[101.3857576971914,3.776107802948794],[101.38567070126902,3.775678780098435],[101.38691549273018,3.775313764623445],[101.38755232204343,3.774655772273249],[101.38747558312001,3.774228678500875],[101.38630405493782,3.773899251453114],[101.38612105469441,3.773575130444481],[101.38628544046149,3.773359368542396],[101.38712163667267,3.773300738335288],[101.38659451737142,3.772773944494398],[101.38713715881207,3.771909939261447],[101.38799760936213,3.77155583606533],[101.39099409421847,3.773440031853343],[101.39253859534749,3.773339051131387],[101.39292424247341,3.772099708393919],[101.39379922818937,3.771291278743247],[101.39421332761708,3.771163662880671],[101.39483016786544,3.771560079690659],[101.39492383861182,3.770648888348997],[101.39648449510611,3.770626084366285],[101.39827441323098,3.769550418363431],[101.39851657152228,3.76836130206252],[101.39994923724431,3.76605771158533],[101.40112505289176,3.7657035954716],[101.40159098123557,3.765065446182425],[101.40304416908363,3.765912697843103],[101.40449130201705,3.765191903885567],[101.40443555028544,3.764663039200594],[101.40361226664109,3.764862747966187],[101.40334745335677,3.764660001171301],[101.4033570544591,3.763186871814343],[101.4045337572146,3.762425595630586],[101.40496829121717,3.761744304866622],[101.40634915348282,3.761462643595074],[101.40630280318607,3.761105952508367],[101.4058130839096,3.760813135573252],[101.40581401665081,3.760328206191659],[101.40742216375486,3.760883235396901],[101.40769840126553,3.76078020583868],[101.40784407486659,3.759986843231655],[101.40971809429944,3.759747038876092],[101.40982372223077,3.758946687589876],[101.41043017772442,3.758751179620718],[101.41147836374945,3.758951433057956],[101.41223596460954,3.759459338449795],[101.41320994109232,3.75953248998554],[101.41346882562229,3.760525850347825],[101.41399773069772,3.760652982454351],[101.41442552076059,3.760436620725176],[101.41484736542601,3.759745271596785],[101.41532224210053,3.758069596768238],[101.4171435853499,3.758348197225539],[101.41835103857834,3.75891316759275],[101.419038114528,3.758788341672107],[101.41883069020813,3.757153199712195],[101.41909751303737,3.755251941628905],[101.42060147904041,3.751746962061843],[101.42147263705773,3.752460629392669],[101.42166573901861,3.752464254298605],[101.42207345155225,3.75170871538565],[101.4225534574093,3.751974709672764],[101.42317143487598,3.751671203162658],[101.42373163234885,3.752146463584914],[101.42462821424076,3.752279609667877],[101.42491626782036,3.752134462318869],[101.4239863811392,3.751136986191808],[101.42437577347692,3.750875913348501],[101.42614015239437,3.752442816789781],[101.42732141356541,3.753022813800365],[101.427621184168,3.753000245263168],[101.42855056477825,3.751814156663083],[101.42938815937691,3.751666769007338],[101.43157152238962,3.752283976994981],[101.43207384972662,3.752039497321453],[101.43271719928985,3.752199954276735],[101.43356455693831,3.751750432854898],[101.43480044936462,3.752850057603201],[101.43593044986147,3.753187884170404],[101.43651778785436,3.753064834021475],[101.43730671676309,3.752197992571736],[101.44004383336684,3.750671724022253],[101.44120530838809,3.751569001385094],[101.44145686151336,3.752097984679287],[101.44170999189335,3.752068221049435],[101.4419360531745,3.75064327522876],[101.44266334219913,3.750149360222955],[101.44189636594973,3.748966421212046],[101.44194197423775,3.747789122641637],[101.44303606951591,3.746574806761494],[101.44368396782616,3.74629835540527],[101.4438015175199,3.74572864691185],[101.44356099620937,3.745137765043156],[101.44482945011909,3.745284055470666],[101.4455106964889,3.744477992295232],[101.44527090799549,3.743912522762086],[101.44567083434576,3.743394784870047],[101.44567201615578,3.742865936215733],[101.44499083339586,3.743105919487675],[101.44452245044072,3.742868463791951],[101.4444154478992,3.742467332583723],[101.44504626946603,3.741857201604251],[101.44541771300678,3.741055601946029],[101.44528415738087,3.740040587713734],[101.44558723051352,3.739381685700408],[101.44632113652582,3.738543935153176],[101.4471118336126,3.738900302679804],[101.44714590595052,3.738567432388973],[101.44764645999894,3.739000015801238],[101.44923855249094,3.738843724387204],[101.44952307724327,3.737183789471599],[101.4499307292724,3.73711674697597],[101.45028686198266,3.737962722059799],[101.45048223154913,3.736052922367865],[101.45092177999769,3.734878177783569],[101.45161507631897,3.735251784980741],[101.45248825022573,3.733845781958538],[101.45336815449065,3.733368744336696],[101.45362163286372,3.73296193414965],[101.45393432316517,3.73094466049525],[101.45346297185621,3.730577784506349],[101.45338955148168,3.730076545883563],[101.45492570108892,3.729519407058995],[101.45483516982827,3.728729889214037],[101.45554215476425,3.728631031018777],[101.45545039253318,3.727602211441558],[101.45579546996701,3.726902543549322],[101.45543196098042,3.725689169545368],[101.45668178133188,3.725852699169286],[101.45670068824164,3.724487551530491],[101.45766460653876,3.723771259794032],[101.45786563173085,3.722377702534632],[101.45700537559156,3.721780745083398],[101.45700897834288,3.72134217252502],[101.45744145051087,3.721168732990959],[101.4570661937324,3.720399821451853],[101.45766700055076,3.719886631353423],[101.4581750978986,3.720568564158539],[101.45870731213175,3.719120627081158],[101.4595801038922,3.718830861604122],[101.45962086317627,3.718514255826515],[101.45895562877473,3.71774664640134],[101.45904715266857,3.717432987937271],[101.4597137389178,3.71761564263959],[101.45979735222078,3.717395928188625],[101.4595896696041,3.716613319604163],[101.45971406494863,3.715547932681236],[101.46050856042933,3.715865153350639],[101.46107666327946,3.715297605315512],[101.46186573465826,3.715004886271413],[101.46220613529044,3.714283407878279],[101.4630207000588,3.714538461540996],[101.46400847976042,3.714107379439687],[101.46454805474907,3.714675216121985],[101.46510976608401,3.714888046423885],[101.46483651341144,3.715874611681163],[101.46614877975271,3.715463334190124],[101.46751424271517,3.715741260491066],[101.46816868078497,3.71641133626596],[101.46999348408634,3.716548911685921],[101.47000718890048,3.715397567459111],[101.4702203342744,3.715083973668299],[101.47190515868579,3.714105400386861],[101.47301425412599,3.714079271844998],[101.47395767389912,3.713409745602511],[101.47538625326398,3.712898205356789],[101.47622553945233,3.712086309008445],[101.47622421687689,3.711618280014315],[101.47566295490115,3.71120889815011],[101.47651228172579,3.710313106907615],[101.47625791038148,3.709847289361401],[101.47639655018419,3.709020707167698],[101.47603848341643,3.708476716235443],[101.47666322567174,3.707715314029804],[101.4758806803174,3.707568802408061],[101.47564193715768,3.707231334474356],[101.47672811067748,3.707362652016197],[101.47680883569028,3.707058149361066],[101.47642646207694,3.706656128230268],[101.47697024870409,3.706465178814091],[101.47774140844757,3.704569301695833],[101.47851829541777,3.703922371521985],[101.47910505835158,3.702648526974037],[101.47997357646582,3.701808129218767],[101.48084281420388,3.701525827723203],[101.48281996104657,3.701841321249934],[101.48336408190453,3.701704994860405],[101.48457735461707,3.700976145958647],[101.48572558140367,3.699834352242493],[101.48772167770711,3.699606704393103],[101.48959948789177,3.698090506983914],[101.49101811260988,3.698410956066364],[101.49272135657223,3.698249226898055],[101.4925773689673,3.6993209008468],[101.49340172984998,3.699483334766078],[101.49770926743726,3.698480162959717],[101.49855892311643,3.697404297258339],[101.50015185641148,3.696383717325169],[101.5007600222324,3.694482411664474],[101.50156824179349,3.693757578312392],[101.50362677959725,3.693046600394581],[101.50554971540586,3.692063978391269],[101.5065789292173,3.691260386715352],[101.50876560117786,3.688670096598802],[101.51134508340432,3.687486907630164],[101.51142388372554,3.687050226117097],[101.51235554018322,3.687094705898502],[101.51326472253375,3.686451592008306],[101.51436896786211,3.685167935927542],[101.51506814193286,3.68346845988279],[101.51644791004404,3.682259176998764],[101.51736841819863,3.679983995520413],[101.51867767672121,3.678498342801606],[101.51962897692162,3.678048916674215],[101.52206630896258,3.678370779464912],[101.52555490791796,3.681229822878771],[101.52626573608273,3.681354768040164],[101.52696042248917,3.681082261846199],[101.52768894325506,3.681679508762652],[101.52943778303403,3.681091479724994],[101.53149591425552,3.681662697505971],[101.5322596820515,3.681654500540083],[101.53300295625539,3.681215956077774],[101.53446137237744,3.679498341394063],[101.53514396712843,3.679039285975975],[101.5358625328052,3.679010715914015],[101.53590518037488,3.679464929666718],[101.53450240975025,3.680555765471528],[101.53456458714888,3.681277754034897],[101.53563484091977,3.68218882523117],[101.53747761885981,3.683081636688527],[101.53886041465414,3.683163277196345],[101.53834930561318,3.685096940619621],[101.53908515387565,3.687457536640839],[101.53927498447253,3.687398070100909],[101.54093260988121,3.688759977019441],[101.54154362196206,3.689766804528201],[101.54171738408331,3.69086019691398],[101.54255751180092,3.692058706508822],[101.5425983763108,3.693187294882736],[101.54284791370226,3.69344239416888],[101.54467661855186,3.693908309780662],[101.54629235182244,3.696362636418355],[101.54665164279535,3.696536109749438],[101.54566508628137,3.696855435320813],[101.54581743128891,3.697926721992045],[101.54557262390699,3.699113435671003],[101.5457544337442,3.69903783166924],[101.54608519271805,3.700919622114116],[101.54681970676951,3.701253656656448],[101.54704884362465,3.701877246268993],[101.5475260355338,3.702033962054012],[101.54863413754639,3.701746690117014],[101.55061846659495,3.701911233885601],[101.55233893208342,3.703484156139988],[101.55328691136464,3.703921348684454],[101.5554524743349,3.703958247055698],[101.55782883423144,3.703363340635696],[101.56006090703413,3.703781791460136],[101.5605605419756,3.704705255644428],[101.56011866858343,3.706521666976551],[101.5601902186946,3.707450323011634],[101.56223737421962,3.708672456126328],[101.56349737570635,3.710042904824491],[101.56467962713984,3.710305470665817],[101.56475852770754,3.710046431859915],[101.56620195998174,3.711080809183477],[101.56811007889489,3.711571813474198],[101.5687330759857,3.713577443254359],[101.56972963897,3.714822656631781],[101.56966870374026,3.71711001834628],[101.57103249131707,3.718699884309787],[101.57126325245618,3.719547835279575],[101.57177047319635,3.720231831318524],[101.57271024179971,3.720620416944815],[101.5740268370086,3.720267751584618],[101.57524468577448,3.720383390365974],[101.57666348518426,3.720962086708407],[101.57786428389711,3.720514706273404],[101.57847154816538,3.720822567371916],[101.57892811210817,3.721692394619888],[101.57907536418189,3.723901036812987],[101.58027161736806,3.725631539513865],[101.58118929904721,3.726416800238161],[101.58159079291889,3.727243113603465],[101.58062412576355,3.732759875753056],[101.58066537474167,3.735915823053725],[101.58140469771268,3.738459133403391],[101.58252382060365,3.740813174629113],[101.5845908480293,3.742607937640648],[101.58896885636914,3.744938025686712],[101.59077161499636,3.746338920798865],[101.59409466834711,3.75070072657008],[101.59725453644795,3.754024569961348],[101.59915613715984,3.759633757958715],[101.59945387725107,3.76164958061965],[101.60145473675848,3.768748730199881],[101.60325554001781,3.771553944680126],[101.60565808817253,3.772341213192428],[101.61096049210478,3.772690344182939],[101.61465953674984,3.771813248096452],[101.61749230408383,3.771953090382159],[101.62648941183402,3.769745777054229],[101.62618386046158,3.768176710298004],[101.6253888989685,3.7670749993455],[101.6248208443696,3.765244242590544],[101.62481898743982,3.763724492320773],[101.62576070551559,3.763032400500175],[101.62622380182933,3.762979516268504],[101.62629125490282,3.762558818254397],[101.6271670022692,3.76281063428674],[101.62831219549652,3.761931525295562],[101.63031908047506,3.761156326575288],[101.63106190726914,3.760633121384239],[101.63412117679948,3.759878855391605],[101.63646615793625,3.757374757745779],[101.63786147071548,3.756877039586006],[101.63834213022038,3.754812168359237],[101.63798448975155,3.753825707015299],[101.63813453891247,3.753317147213218],[101.639687978619,3.752334771667594],[101.64075030336058,3.752064295435376],[101.64149961870173,3.751532793074095],[101.64180410357177,3.750823874882961],[101.64263709410214,3.750571428524975],[101.64320409397185,3.749002181553973],[101.64345798510158,3.748888821818396],[101.64337127704546,3.748215436872782],[101.64438690941326,3.746795647869709],[101.64475764107952,3.745450410644724],[101.64559662665486,3.744554244013751],[101.64629439694183,3.743296260671477],[101.64663440319745,3.741650024345915],[101.64781962935139,3.741781306422576],[101.64934826764866,3.740451131022179],[101.64998403381354,3.739004142807016],[101.65052016303277,3.738732992879497],[101.65106584466103,3.737757520543604],[101.65115764220562,3.736711427248633],[101.65232312726826,3.735711534958716],[101.65212358223084,3.735238880298542],[101.65266500850517,3.734146282109595],[101.65428725710139,3.733417449621868],[101.65403413168251,3.73128954644849],[101.6542582492803,3.730396702448188],[101.65487605236304,3.729916292655233],[101.65464955988536,3.729458267135259],[101.65511678508557,3.728269038559993],[101.65514195822692,3.727256474149848],[101.656500444674,3.726949917458268],[101.65723030904172,3.727066963648416],[101.65883192997413,3.726174313768477],[101.659967485871,3.726355879407234],[101.6610361492256,3.726123328285935],[101.66153379487338,3.725680683891515],[101.66584845915423,3.724283588813402],[101.66702084203386,3.723742893156996],[101.66748332441716,3.722813331417321],[101.66830848628842,3.722721423970502],[101.66929463594951,3.721682447946669],[101.67062030110266,3.721412845878005],[101.67097288567828,3.720808216047047],[101.67325537180767,3.720732485532359],[101.67408705923968,3.720301889419912],[101.67526523993419,3.720239355305528],[101.67672697538555,3.721200981301725],[101.67757611303855,3.720805110896449],[101.67787056760173,3.719414665339188],[101.67974258765939,3.719477361635258],[101.67993500712922,3.719257184490575],[101.6797520443524,3.7180931175987],[101.67993614268505,3.717834001216302],[101.6803567117751,3.71745563535433],[101.68070347507643,3.717459826599156],[101.68103936698458,3.717007255703365],[101.68281399317675,3.716550912129245],[101.68321072852775,3.715221868669355],[101.68356357570653,3.714824799314889],[101.68388877834616,3.714991170782636],[101.68407568925576,3.714823968933947],[101.68413301529247,3.712853079704567],[101.6837716727894,3.71211288584838],[101.68418023021022,3.710495080593517],[101.68654494790327,3.71018430975694],[101.68727320485456,3.709129512381685],[101.68779122942196,3.708994142618725],[101.68843502667515,3.708313492435028],[101.68908596619269,3.708400571992883],[101.69121440263693,3.707895756236434],[101.69288531077063,3.707930638854656],[101.6936144356514,3.708132165978723],[101.69423505165511,3.709122959752174],[101.69508901438276,3.70910854145383],[101.69582029784092,3.710287758104664],[101.69606695655857,3.710197415443227],[101.69672729473146,3.710737450280787],[101.69707482595166,3.710448258061632],[101.69727130120222,3.710628195547667],[101.6989835951187,3.710119146446508],[101.6996471538189,3.710985829994161],[101.70022229805019,3.711100008007483],[101.70139217521617,3.710815176158216],[101.70184291414456,3.711176042978496],[101.70344761376707,3.710846227574426],[101.70379372489164,3.710343303347991],[101.70441167328788,3.710126971067182],[101.70532237188533,3.710303978253824],[101.70559480015767,3.709918834890427],[101.7062632920245,3.709752948789716],[101.70702853501295,3.708797022669609],[101.70768432780646,3.70924461347481],[101.70861749717587,3.710477248763583],[101.70924113539664,3.710528204264834],[101.70915488109715,3.710732527227195],[101.71008674270223,3.712257424282327],[101.71082214802576,3.711411651104527],[101.71139105310566,3.711501684784532],[101.71198888746956,3.710019512646497],[101.71248610866006,3.710029624775333],[101.71340886471167,3.709431583508463],[101.71477421595284,3.709308357120011],[101.71504296195478,3.709583397902898],[101.71589938573808,3.709517546731322],[101.71602245933337,3.708614307568971],[101.71684214074266,3.708246935596007],[101.71716890919335,3.708426710496332],[101.7180728390206,3.708342766886652],[101.71911077462421,3.707680924306164],[101.72035876343274,3.708126817882995],[101.72115779518076,3.707814339041619],[101.72235542384554,3.708059134242415],[101.72336922750418,3.709240214117415],[101.72408627086405,3.709421734986931],[101.72471920580972,3.710322635143464],[101.72645033792172,3.711065879596842],[101.72681702645262,3.710881849477435],[101.72707894776774,3.711291381511052],[101.7273927306623,3.711168163687753],[101.72739947636768,3.711702407570706],[101.72815968245689,3.712422242510646],[101.72871011483264,3.712414816241655],[101.7291166416206,3.712932164977281],[101.73112619246568,3.711194044935126],[101.73212522145653,3.711481848927384],[101.73313954783512,3.712192179884904],[101.73297504333203,3.712056847215187],[101.73334710763976,3.712024446938327],[101.73358020169269,3.712342638813438],[101.73458305503692,3.711828500649248],[101.73503486098588,3.711958870571751],[101.73854867745138,3.710024388872768],[101.73985065734647,3.709967242711964],[101.74026976659272,3.709509599271024],[101.74009669014809,3.708815065666442],[101.74024963966907,3.708310296694689],[101.73878100099118,3.70732180542427],[101.73791614627348,3.707078207742597],[101.73772037360435,3.706103047724817],[101.7381979932138,3.705477629541789],[101.73780697418759,3.705491197514077],[101.73753082054156,3.705220221909492],[101.73798620189775,3.703639040449344],[101.73855150476831,3.703002651600467],[101.73846728515615,3.701985138181896],[101.73891505892755,3.700948126793903],[101.73880590956318,3.700633252537592],[101.73905686498021,3.700563544545295],[101.73922641811721,3.699634963770005],[101.73967284050676,3.699385136709747],[101.74026034091878,3.698299705073739],[101.740004859301,3.697671847193395],[101.74056388517216,3.696685550319932],[101.74145016274512,3.695927792317422],[101.74193040424714,3.695883270582401],[101.74256385832663,3.696423732984155],[101.74302044352214,3.695943106754806],[101.74342633080826,3.695911539315711],[101.74408773910021,3.696624203646509],[101.74488455220398,3.696202536154986],[101.74611866503011,3.694965079063118],[101.74721234184629,3.694745199192248],[101.7487705805207,3.692541589982618],[101.7490280808323,3.692621366281001],[101.74930699079096,3.692049645150713],[101.74910470087912,3.691150771894379],[101.74931528309241,3.691018712270846],[101.74955489071091,3.691372444473632],[101.74993275252852,3.691118649958236],[101.7505676319883,3.691243190103027],[101.75260101193788,3.689649902800729],[101.75389913841654,3.686947938391739],[101.7536973540513,3.686687260102941],[101.75381932553398,3.686289474466051],[101.75471041663765,3.68510681380838],[101.75563207071244,3.684655171612639],[101.75651234199343,3.684712813762593],[101.75692219653446,3.684460995648318],[101.75775704169487,3.684933404514862],[101.75830480694782,3.684831055522227],[101.75845567263356,3.683615232336787],[101.75960288247661,3.68313105919934],[101.75989021719442,3.682429430408503],[101.76050675323071,3.682283376749337],[101.76133729742527,3.682879586512601],[101.76218596008918,3.682906847741519],[101.7627194370076,3.682638079890361],[101.76351256109064,3.681312736871227],[101.76434757803543,3.681322633918497],[101.76566837508241,3.682200952330611],[101.76618892560754,3.682290606882807],[101.7680753054374,3.681455207401401],[101.76704696931253,3.678293659945797],[101.76771736444876,3.676896256267888],[101.76796439550252,3.675076101698501],[101.76821206136621,3.674367071808192],[101.76945793164464,3.673295084168894],[101.7699161460425,3.673171319198879],[101.77036949841066,3.672343394046628],[101.77097917523379,3.672061224993682],[101.77109736466564,3.671475407995735],[101.7694660803887,3.66938764754332],[101.76931085079678,3.668309285990812],[101.76831430897283,3.666838125698596],[101.76798465526944,3.665819605176305],[101.76816835553983,3.664650713792241],[101.76902255100673,3.664589322880681],[101.76977241087795,3.663727397866735],[101.77163596739057,3.662318805263517],[101.77263634964399,3.662076122589906],[101.77317499854055,3.661544183327205],[101.77363014279966,3.660522804002996],[101.77451457793921,3.659979083544497],[101.77487718241633,3.659320850965951],[101.77515336990213,3.657657677716107],[101.776353238006,3.656241401757468],[101.77733278453401,3.655763674836181],[101.77904177959388,3.652527135911713],[101.78120246272292,3.652289358941553],[101.78293695248973,3.652465363852915],[101.78307955437595,3.651702015524322],[101.78442368685788,3.650003416867819],[101.78503798511103,3.64870225398639],[101.78371634099543,3.647138595572378],[101.78332372948276,3.645782302022321],[101.78243143175551,3.645318307107736],[101.78413108588451,3.644048327266383],[101.78505505355012,3.641652950649242],[101.78500978050518,3.640505559645879],[101.78413526652982,3.638917803456688],[101.78343847206466,3.635853753648103],[101.78398653661505,3.634772736471252],[101.78345887189303,3.633661303508778],[101.78495405141469,3.632506530961692],[101.78668785715756,3.631628309762148],[101.786588722192,3.63063477523881],[101.78722167912841,3.629575170897619],[101.7886204005186,3.628158911607037],[101.78965717997308,3.628478383291718],[101.7919060596051,3.628132383198388],[101.79292996690734,3.626999668960239],[101.7934316813238,3.627348784533975],[101.79493391744003,3.62704045768351],[101.79617726946688,3.6271943453075],[101.79648707419682,3.626139457251457],[101.79654751689691,3.624247519785388],[101.79734275489713,3.623078069652819],[101.79732106704776,3.622101607474581],[101.79822816935292,3.619012993774859],[101.79774978604601,3.617982951443433],[101.79924768072014,3.616744983554501],[101.79985039003122,3.614128021167085],[101.80108389860985,3.613583716394217],[101.80237944744061,3.61381593829906],[101.80275143527804,3.613418325367707],[101.80315399060096,3.61376831481485],[101.8043728544583,3.613891111854477],[101.80468917676617,3.612989706813089],[101.80580502620579,3.612648708362543],[101.80869548042705,3.610847808517985],[101.80823221062896,3.608137690892007],[101.8075417338092,3.607820580504876],[101.80890271595356,3.60746551320902],[101.8114436688649,3.604619429200098],[101.81271774561996,3.604947908122413],[101.81477000605976,3.604159579468656],[101.81533800475924,3.602656555019879],[101.81486130055521,3.601960237183981],[101.81469790815537,3.599784327255325],[101.81429598865577,3.598603062136486],[101.81417234621588,3.596619488226007],[101.81472908907617,3.594818292191825],[101.81443204059082,3.59408430791129],[101.81352445122313,3.593614764420283],[101.81207635019416,3.593481766995668],[101.81197046227632,3.591819897061096],[101.81152514967228,3.590885162519364],[101.81107716543053,3.586759481318146],[101.80938391540276,3.585320971741428],[101.80776150995494,3.585472799456594],[101.80772588757351,3.584579451217884],[101.80823110569017,3.583385313479528],[101.80807186550818,3.580561944958963],[101.80854781468737,3.57928817236525],[101.80799878725774,3.577793368046684],[101.80694230613483,3.576722610986516],[101.80720231959076,3.574074822178026],[101.80909588442755,3.57229824679987],[101.80948357105164,3.571083289277721],[101.80966916857587,3.569327246321414],[101.80924086673124,3.569155925316325],[101.80811889092583,3.567928172775092],[101.80915206479014,3.565981129485717],[101.80835825337547,3.564754848680988],[101.80668532533453,3.560561312435259],[101.80647792696033,3.557550780652567],[101.80482379377024,3.55329252051553],[101.80593577255254,3.551728825708042],[101.80583689916898,3.549608680744268],[101.8056493693154,3.549315812670937],[101.8012950847467,3.549942507668158],[101.80078313757205,3.54942526747563],[101.79956611123636,3.546988488937544],[101.7991385598937,3.546835513716452],[101.79490950967133,3.546729755625166],[101.7942986216787,3.546815322634014],[101.79369498595723,3.547271322953894],[101.79244649684149,3.547262309790546],[101.79153810871452,3.546016696770141],[101.79049733211966,3.54544914358424],[101.78948206838673,3.545248498706543],[101.78733879740604,3.545894779695921],[101.78701437256123,3.546608269063478],[101.78618464153847,3.546356479502468],[101.78562343196874,3.545767788975791],[101.7848594448133,3.54354419818532],[101.78409270774716,3.542473897764729],[101.78069596025684,3.541338539343952],[101.78099553472451,3.539826560240175],[101.78066188212847,3.53873775785085],[101.7796139882152,3.537084378595291],[101.77799808249246,3.535890423207596],[101.77735740315138,3.534726733761555],[101.77668605595424,3.531388532108084],[101.77705050673582,3.527560023485381],[101.77561768422846,3.526274120906216],[101.77451494795099,3.52437783887493],[101.77580688833214,3.523646860151321],[101.77553115459426,3.522301794533056],[101.77441326778172,3.523149432035116],[101.773573331825,3.523308066021223],[101.77198877524523,3.520578437802691],[101.77076848837173,3.517148496088733],[101.77061570554663,3.51583154969701],[101.76906055299419,3.513412366864428],[101.76781077015835,3.513045257139231],[101.76616431930569,3.513167675564314],[101.76546372289808,3.512586479395148],[101.764914825563,3.511575859893612],[101.7648535701781,3.510748990562472],[101.76323753453453,3.508881124255623],[101.76296290502444,3.508238003170367],[101.7624448637852,3.507931909716807],[101.7622007927562,3.50689065687636],[101.76250725998139,3.506119570065444],[101.76216913371995,3.50551381333668],[101.76207163449098,3.501265871945673],[101.76313271391793,3.499253294696045],[101.76207993799295,3.496436555373207],[101.76232340841246,3.494051239031706],[101.76201142602876,3.492747804689213],[101.76231642419805,3.492237015044993],[101.7634750519433,3.492473373015228],[101.76386873147489,3.492315541169749],[101.76458528097496,3.491332894898123],[101.76558855796773,3.487588949634594],[101.76554424494935,3.486375710800966],[101.76617795257171,3.48603820191669],[101.76650483187979,3.485187336542734],[101.76638207748945,3.483740429658455],[101.76745387387628,3.480215682080569],[101.76710500962972,3.477768395974045],[101.76739670852176,3.477384934258613],[101.76774057912868,3.477456654629193],[101.76805408220615,3.476370462413953],[101.76923593207147,3.475499661699028],[101.76925500993168,3.475022940313172],[101.76968397843504,3.474768788297522],[101.7709011810879,3.472942827786972],[101.7721277008975,3.472336899208089],[101.77237200941917,3.471964661254276],[101.7726219615453,3.470766720904292],[101.77371467089222,3.469064337602847],[101.77366984507496,3.468269382216917],[101.7744597419828,3.467131512626556],[101.77456615544406,3.466592923316714],[101.77552955458323,3.465569501131995],[101.77548359795826,3.465175007788556],[101.77610859410572,3.463677150169811],[101.77646011368456,3.461238699695678],[101.77725858202582,3.460801371330501],[101.77783587199545,3.459329564716837],[101.7780017886632,3.457812126573158],[101.77778777301002,3.456841310119182],[101.77813016638953,3.453898219672696],[101.77805789538967,3.450291135680243],[101.77860219964757,3.449335301542401],[101.77929965768766,3.446721663525786],[101.78050860285829,3.445464919662036],[101.78076935636057,3.444115748584349],[101.78158617017613,3.443980381756679],[101.78324757955961,3.440973951456391],[101.78337713585407,3.438353988390825],[101.78318077109165,3.437376478628151],[101.78344013681303,3.436621323043672],[101.7842183239699,3.435812838581368],[101.78397254693397,3.434245853814903],[101.78463637735851,3.432177393222619],[101.78450170212335,3.430238215244806],[101.78559795834717,3.429238733727729],[101.78774576961118,3.428268416097689],[101.78761747199925,3.428119838663227],[101.78886067452031,3.427035790774946],[101.78903886978787,3.427242677187107],[101.7891734384736,3.426620944998809],[101.78986026088012,3.425584012889801],[101.79228791889055,3.423570623180952],[101.79166890747801,3.422166251889265],[101.79029884293627,3.421030089643464],[101.79018198446305,3.41972709685018],[101.78848055730826,3.418680353046176],[101.78801442445484,3.417390199874787],[101.78643233912453,3.417073775599544],[101.78481589100026,3.415040313421726],[101.78330096339242,3.414607030081455],[101.78227663727623,3.413054356534848],[101.78164680556495,3.412757798784904],[101.78047189054168,3.409811891602466],[101.78026709289524,3.408099703837016],[101.77913656447976,3.407873623987914],[101.77855124373086,3.406879924542503],[101.77720705887968,3.407314239874159],[101.77699791816677,3.407110628057045],[101.77602616544812,3.404607876066039],[101.77450906801235,3.402566531973516],[101.77387999272094,3.401299323861402],[101.77264297747219,3.401348330957047],[101.77212659669912,3.400653114432938],[101.77048545982893,3.400301299323222],[101.76810154551163,3.398795497506943],[101.76649445201375,3.398323740753295],[101.76408568721943,3.398766912659585],[101.76359783605615,3.397622688956727],[101.76315589691531,3.395523333513561],[101.76433635624979,3.392100852777122],[101.76532237145449,3.387775660215411],[101.76555040241715,3.384393860267779],[101.76404836392068,3.382883921623928],[101.76403675644104,3.382356021601919],[101.76306322440276,3.381104140113942],[101.76286051776908,3.379380218750275],[101.76036326444829,3.377677156474938],[101.76032984495492,3.376630318040884],[101.76000238717667,3.376383319770663],[101.76000630371442,3.374780268762878],[101.7593177793251,3.373611241668774],[101.75972123788956,3.373102496593912],[101.75775043863828,3.372034104690131],[101.75490663887233,3.371686189824707],[101.75372764385105,3.37113154079179],[101.75277950322673,3.37102316245299],[101.75218777862938,3.37050852269264],[101.75143732938062,3.370688782415954],[101.75080207014275,3.371982685974057],[101.74920059067846,3.372692950737159],[101.74664074146881,3.373285425524242],[101.7456387467298,3.374596147111658],[101.74524013189003,3.374662903677796],[101.74414263126067,3.374263693711797],[101.74328629405954,3.374640502409449],[101.74242019223996,3.374340259367373],[101.74112927258857,3.374645812199977],[101.73971705149377,3.374153788596777],[101.73793248039634,3.376079238585959],[101.73284746439047,3.378625696914239],[101.73074995277666,3.380204539679324],[101.72695094887429,3.381431422988969],[101.72485316507114,3.384676350612639],[101.72135191836438,3.387832328467628],[101.71825486536393,3.389585100929885],[101.71365473363335,3.388973269772361],[101.70995501639655,3.382311668803077],[101.70895533077713,3.377053303557787],[101.70725416820824,3.375212383163965],[101.70575131195466,3.370566673897103],[101.70526350781864,3.364579512974381],[101.70214067946242,3.361072942980111],[101.70163368354135,3.358117539535581],[101.70113886259477,3.357240273391186],[101.70116538641304,3.356635134831363],[101.70069685515443,3.35555292140549],[101.70091139191011,3.354970895667915],[101.70020241894335,3.351854098027101],[101.69952060362563,3.351379412001541],[101.69841856801838,3.351256270187183],[101.69670869671744,3.350477366207294],[101.69398210801579,3.348716568201992],[101.69376328479365,3.347914312831123],[101.69383441435103,3.345670827471003],[101.693069477802,3.344517315019072],[101.69293833289622,3.343839487584176],[101.69248912188178,3.343290055241421],[101.69026697781231,3.342527957568649],[101.68957724386205,3.34097241651227],[101.68915903594038,3.340570671114074],[101.68715096946974,3.339996926211004],[101.68612489793384,3.338611466478187],[101.68702052485848,3.338045687467407],[101.68701207684536,3.337560839393933],[101.68667902517441,3.337081657548138],[101.68521787749896,3.336124695870256],[101.68470605705903,3.335232228817561],[101.68299512729858,3.333499417383968],[101.68138222609873,3.332597740445471],[101.68048400214126,3.332500764467724],[101.68015368426383,3.335175610330721],[101.68023119185416,3.337465914271707],[101.67979928226666,3.338339469751878],[101.67970035304732,3.339408221008256],[101.67901686278007,3.339855019341803],[101.678129656136,3.339033794574258],[101.67757441325683,3.339603668680412],[101.67696486845415,3.339609018478065],[101.67683397520892,3.338498157777122],[101.67606781143492,3.337221993165211],[101.67395964757908,3.3362985949344],[101.67369569675661,3.335895813066321],[101.67364378061727,3.334755998645746],[101.67174186601912,3.333611161250857],[101.67122988622059,3.331686848613043],[101.67122474167643,3.330509578419902],[101.66912199490574,3.328483240769068],[101.66864697996283,3.329151577451215],[101.66444869934622,3.331304569758949],[101.66239757033554,3.330471569569644],[101.65949598722246,3.330012314898039],[101.6575309017534,3.330758749956766],[101.65703663105435,3.331137951044801],[101.6566431365579,3.332197251004023],[101.656116149071,3.331275017443334],[101.65525797815657,3.331768958915],[101.65604677481718,3.333321792205343],[101.65349602050982,3.334332764191696],[101.65267382561728,3.335218565469108],[101.64994987416597,3.335863723068481],[101.64863557869124,3.335009786149485],[101.64827701285145,3.333493872487026],[101.64743105212501,3.33274794408536],[101.6450261665335,3.329270914824965],[101.6444280733821,3.329152883006429],[101.64414059076044,3.32878428913718],[101.64280776382644,3.328133028067356],[101.64110774102365,3.323895206573146],[101.64040458470569,3.323283011416973],[101.64042554405943,3.322494997172875],[101.63952133772855,3.321501994872471],[101.63742857026355,3.321701049512283],[101.63549396112904,3.323487784460988],[101.63343784218479,3.324565478613471],[101.63324062397112,3.325163857925063],[101.63113931021452,3.3238785938819],[101.63031419686449,3.323830215706923],[101.62819861163993,3.322331242922143],[101.62784275128395,3.322469658154385],[101.62719011437176,3.324558024820867],[101.62610101427794,3.323625614094839],[101.62521147661872,3.323519173391222],[101.62300877128003,3.323866375292565],[101.62100108409541,3.323379580049933],[101.61995199698872,3.32284945247727],[101.61810512817075,3.322922452847847],[101.61727624323605,3.32235747192053],[101.61702079477719,3.323015821350018],[101.61545700632662,3.322974305835513],[101.61380409516589,3.323741418029042],[101.61226953869861,3.324870369167535],[101.61052768199063,3.325179684860122],[101.60981448959683,3.326098186018103],[101.60775483439784,3.326185496213059],[101.60694548293769,3.325743133271471],[101.60208384745775,3.32672761691366],[101.59878502085117,3.327131284695675],[101.59722942780958,3.328920985514769],[101.59598364107129,3.328024376563697],[101.59624994596298,3.327344778759582],[101.59071333365075,3.327476586166377],[101.59080248579905,3.330747369673957],[101.5902761106371,3.332606335336995],[101.59100522485511,3.33285345569449],[101.58824904289916,3.337521438632182],[101.58773354488987,3.339910659821021],[101.59087186707139,3.341925782919458],[101.59055875877041,3.342220641986229],[101.59088462745046,3.342572428641404],[101.58886312746786,3.343852165597351],[101.58846882696047,3.343622479406219],[101.587565730355,3.344574251474358],[101.58742477684721,3.344224439374693],[101.5868484049291,3.344678499766145],[101.58391092393293,3.344603304819935],[101.58420200282312,3.343682956647088],[101.58187278919279,3.342910046343348],[101.58112804579643,3.340855466028953],[101.57899210811644,3.340226685963432],[101.5777664373015,3.339000312567578],[101.57482718947628,3.340070976091988],[101.5748887714644,3.339238285973248],[101.57039711430477,3.33941014068504],[101.56785207081752,3.33927065405217],[101.56784291053232,3.341434998532706],[101.56148486938054,3.342649087364348],[101.56067660045048,3.345107592965778],[101.55743244821495,3.344006643851604],[101.55430667364227,3.344366474364808],[101.55391404549218,3.346765530848022],[101.54850837638699,3.348078071904732],[101.54600606280582,3.348097709709525],[101.54329718936016,3.348789134875147],[101.54273500703314,3.348097103046515],[101.5408577321852,3.348095722760728],[101.53916075131491,3.349003257023193],[101.5341833514427,3.348138164311783],[101.5301562441136,3.348706410783755],[101.52866798787447,3.348707983123714],[101.52641560662724,3.348011166449251],[101.52120471117742,3.348091924015048],[101.5171683159459,3.350253426489543],[101.51239691789355,3.350047519714753],[101.51235169097615,3.351818449291228],[101.51005410491074,3.353109683989512],[101.50841284184648,3.353185561182999],[101.50670931668124,3.352564328038342],[101.50484473388406,3.3504547849671],[101.50198497633967,3.35270503185644],[101.50068440394094,3.354259073938554],[101.4990818205297,3.356747992828762],[101.49840534210072,3.358770250798397],[101.49649271842912,3.36046491550827],[101.49603646027617,3.361836178438632],[101.49633316824145,3.362680263124453],[101.496280793692,3.365553219238495],[101.49338411861959,3.367502989273453],[101.48762143813113,3.368524958561959],[101.4865668025845,3.367683296271655],[101.48407804553413,3.368820798704686],[101.48123494896723,3.369452181831369],[101.47850450960352,3.373257587255807],[101.4797390503691,3.375509515564187],[101.4789326879274,3.379404249170621],[101.47693678256982,3.386839880314024],[101.47498415592467,3.38718150314416],[101.47259976471884,3.387134749874098],[101.46887183508427,3.391279333794732],[101.47018819692369,3.392773195524997],[101.46885833320388,3.395783385233569],[101.467316146761,3.395098135185472],[101.46685276948992,3.395105621015669],[101.46503475168059,3.39760505997275],[101.46355485575349,3.396314044376279],[101.46285111451552,3.396202227272139],[101.46257878592942,3.397320319884752],[101.46300897767786,3.398487215586925],[101.46293058895112,3.398876283728624],[101.4603652779793,3.39872983240394],[101.46041317754926,3.438647915812111],[101.46072640263526,3.449950509075677],[101.46655764155298,3.472312809331083],[101.47005884332354,3.483205751259427],[101.4170283178559,3.537915415220825],[101.40911284035272,3.546485017964236],[101.35421490614125,3.595262328353605],[101.34940417714851,3.622770795292202],[101.34624871859513,3.635916080090957],[101.34504140099438,3.64646523467645],[101.34532090653968,3.649499951717397],[101.3484020574859,3.653860009265161],[101.34985438888177,3.666812401043429],[101.35092070712673,3.669069747855886],[101.35117163650364,3.670868565100578],[101.3481181434703,3.674969022489269],[101.34765191640992,3.677115201147661],[101.34868111161306,3.681702274677198],[101.34775903397076,3.683412874096168],[101.347505750292,3.687587669495634],[101.34678375877667,3.689227439821543],[101.34302681915867,3.693529809880203],[101.34120460273414,3.695993973114894],[101.34259356000172,3.698696706580205],[101.34213110783841,3.698796868556222],[101.34208041200768,3.69981570974202],[101.3437188962324,3.701341089889266],[101.34413797235185,3.702685450521877],[101.34557775640806,3.704774135103996],[101.34577967697457,3.706039017407503],[101.34664312894435,3.706828048225746],[101.34643204940419,3.708054687980678],[101.34702810269475,3.709149484197297],[101.34633979513744,3.709724287769594],[101.3462959481789,3.710054819924196],[101.34688267606953,3.710835872631073],[101.34699765498745,3.711678634208334],[101.34605034886823,3.713121099434314],[101.34461852365327,3.712918338602672],[101.34502981313946,3.714787637031954],[101.34479971431553,3.716412709887089],[101.34384023213602,3.717452897523683],[101.34415926990289,3.718440009894554],[101.34293504785269,3.718569610303874],[101.3427777562374,3.719538273625103],[101.3419747164134,3.72035312664982],[101.34169860487152,3.721410910892282],[101.3403851029882,3.723236495689204],[101.34119219760802,3.724165879063376],[101.340610351924,3.724978062928323],[101.34046127844525,3.725683294471777],[101.3407064811092,3.726391028720031],[101.34133012851473,3.726787747703864],[101.34111385530339,3.727240232439363],[101.34040590503308,3.727176322554612],[101.33992398037174,3.72743006950015],[101.34008835565083,3.728855346515151],[101.33942160475158,3.73040257910914],[101.33927286601327,3.732842566601014],[101.33855512198673,3.733723935104066],[101.33865067877827,3.735621171590708],[101.3374150325163,3.737140014434778],[101.33834927745853,3.739910803751903],[101.33809438803769,3.741254173144327],[101.3371639385517,3.742845094566712],[101.33738900816073,3.744086091436249],[101.33701072480271,3.745239933866911],[101.33776098028733,3.746218911887883],[101.33725377316122,3.747108749017199],[101.33695073646332,3.748555007827457],[101.33365279438368,3.74977521954029],[101.33303611770562,3.750274758254085],[101.33256606205532,3.749301688370216],[101.33218994408274,3.749262309680882],[101.33131609231258,3.750575861826822],[101.33126722901807,3.752291702568165],[101.3303044871869,3.750947034148674],[101.32980170650953,3.750995630926141],[101.3285510331351,3.753019585836148],[101.32836033881898,3.754166438074879],[101.32724082714638,3.754081490012558],[101.3268676483628,3.754302077673178],[101.32626361146984,3.755089967356792],[101.32614271562691,3.755737007500216],[101.3273262162922,3.75734220106665],[101.32644814760096,3.758792347223109],[101.32703637370369,3.760509024074362],[101.32775809565929,3.761378921011497],[101.32702376976766,3.762428114988579],[101.32700568221256,3.763383106436759],[101.32611748755043,3.765215278757489],[101.32613236825327,3.765596995355796],[101.32562156984515,3.766034831246388],[101.32491011012014,3.766125679352885],[101.32436609460721,3.766618118135828],[101.32474811271516,3.767714856766496],[101.32464384898627,3.768058148166154],[101.32403108988665,3.767809822029351],[101.32309294029734,3.766955139224246],[101.32271280121914,3.766966792448073],[101.32134689080911,3.76825954006453],[101.32032103823303,3.768033918661548],[101.3196542670574,3.768146718195875],[101.3199288969734,3.770437377319095],[101.32052483225878,3.772141009568539],[101.32042968214952,3.772696793391028],[101.32091194810523,3.772826385699264],[101.32184681665485,3.772321079971902],[101.3226384685376,3.772523121593942],[101.32282388029994,3.772719221464666]]]}},{"type":"Feature","properties":{"web_name":"Klang","web_code":"01","web_area":81173.7},"geometry":{"type":"MultiPolygon","coordinates":[[[[101.24735592833296,2.898290884869545],[101.2433187570177,2.897399441111063],[101.24051342715791,2.89708280797043],[101.23515976271173,2.89531733048194],[101.227418821742,2.895442603854007],[101.22603875000394,2.895871906018502],[101.22474375553841,2.896691361318854],[101.22404061108865,2.897446386600378],[101.22145600461069,2.901274276498411],[101.21929062620599,2.905123886190814],[101.21759945563615,2.908888200604901],[101.21759257554031,2.911314306827286],[101.21793373007935,2.912571672562285],[101.22011829016002,2.91717025301935],[101.22255404028245,2.924368994978319],[101.22490289735889,2.931827450441407],[101.22549523610596,2.935684989383646],[101.22656501910235,2.938330825981983],[101.22733157072365,2.941539010440772],[101.2284007476105,2.944401471856289],[101.23007554566739,2.946442511181641],[101.23140868569335,2.947399463668351],[101.2331701712108,2.949267453092153],[101.23621608575812,2.954085176178963],[101.23965084110591,2.958557419957144],[101.24282939922864,2.962205765648562],[101.24664875100444,2.967848877173805],[101.2474219791654,2.968717578056273],[101.2498737606648,2.970327585635011],[101.2528399867532,2.972892202334265],[101.25747724767807,2.978884243057971],[101.25816503962622,2.979492749575416],[101.25915607316291,2.979538891902241],[101.26019251447457,2.978761985774508],[101.26019434098546,2.978112115156734],[101.25877846320788,2.975898516183118],[101.25859005355055,2.973937524412077],[101.25927803186879,2.968726943928521],[101.26043940991721,2.96277306210097],[101.26060595126084,2.954284570634972],[101.26160738994294,2.950604797915902],[101.26127320175215,2.946834597636667],[101.26080209895815,2.945793471262909],[101.25916957518535,2.944012539426904],[101.25883333117488,2.940978861724087],[101.25918823415613,2.936618134175287],[101.25976690040044,2.934774625994352],[101.26000274948869,2.932468862777589],[101.25985518280312,2.923704026341851],[101.25917889877239,2.919435235719899],[101.2599776738038,2.911188380428952],[101.25964706876752,2.909021232545125],[101.25884648707535,2.906378902440701],[101.25657299677623,2.900753885585655],[101.25583503455752,2.899804089679499],[101.25469273047378,2.89898854186541],[101.25321303544045,2.898442816548839],[101.24735592833296,2.898290884869545]]],[[[101.29900838888564,2.961552754565428],[101.29803955708242,2.960541484583096],[101.29652982199545,2.957126604641763],[101.29552812928118,2.955872083107289],[101.29492932242532,2.953493284026279],[101.29446212614431,2.953090049924115],[101.29408769568741,2.951724996124223],[101.29234138743395,2.949882728560707],[101.2912423988189,2.946504414442179],[101.29076467447179,2.945779608267354],[101.28951098607185,2.944788509868428],[101.28701730625203,2.940221573245647],[101.28591148194788,2.939156450713473],[101.2854076528398,2.937164339841158],[101.28490501472567,2.936502625070285],[101.28351753010789,2.935714028786506],[101.28324261482109,2.93531133283887],[101.28308430363057,2.934047692869411],[101.28216480479912,2.932686226541299],[101.28056596746526,2.929169685881281],[101.27867740684692,2.927164340326938],[101.27837744360788,2.925498382801931],[101.27725837091977,2.924031093914124],[101.27629395191208,2.921712542139011],[101.27483226481588,2.920234724562217],[101.27265543335179,2.91922380945397],[101.27209727309935,2.91799733489936],[101.27166035035961,2.91767074252679],[101.27063283634224,2.917514744354083],[101.2674117310714,2.917773110085815],[101.2646807092614,2.91872291768333],[101.26423864555368,2.920243235058356],[101.2644111106632,2.926664911561109],[101.26349286415534,2.935102708329173],[101.26367039877563,2.937993233007601],[101.2634333542147,2.939370588513556],[101.26319544721258,2.94616434979422],[101.26355999648463,2.948548220253119],[101.26596162210811,2.950880430317957],[101.26819481805147,2.952178639876644],[101.26962140559895,2.953508255590733],[101.27420524097232,2.956327008038027],[101.27758282336741,2.958908853060463],[101.2792884637029,2.960510262416464],[101.28441620052104,2.962416222774674],[101.28905451932809,2.964895037165062],[101.29079098370731,2.96731768252846],[101.29116443049814,2.96880541452752],[101.29353580933218,2.971797828068919],[101.2960283255611,2.973923279846915],[101.29707411575396,2.974540414164478],[101.29941761405551,2.975102429952564],[101.30195252210686,2.974734850083738],[101.30362168535804,2.974199767712427],[101.30390832326503,2.973810118810834],[101.30350098129803,2.972407960761558],[101.30178539126251,2.969072879911375],[101.2999047216237,2.963475043097664],[101.29900838888564,2.961552754565428]]],[[[101.2792588430342,2.961298696471742],[101.27271018395172,2.956663235279616],[101.27088541763766,2.955667627927427],[101.27047116804867,2.955738231861146],[101.27528795925551,2.962407534595095],[101.27854658333904,2.96769017082484],[101.28072792823681,2.968984021466476],[101.28159181640859,2.969106756229391],[101.28181410670373,2.968857860215916],[101.281640102789,2.967681053382032],[101.28037166228593,2.964821353003652],[101.27961848153987,2.962041361439976],[101.2792588430342,2.961298696471742]]],[[[101.30411998911083,2.980175620637036],[101.30585273671757,2.978830594146844],[101.3062882889678,2.978024776166283],[101.30442580345095,2.975355307117749],[101.30366185822975,2.975211968911591],[101.29952223910524,2.975992165511512],[101.2976705360179,2.975675085689749],[101.29614791166159,2.974957902554463],[101.29397180374694,2.973356645444361],[101.29157247852626,2.970743301783158],[101.29064551537554,2.969390608098065],[101.28934688175754,2.966218923332677],[101.28860017512335,2.965392515669814],[101.2840108040972,2.963035915053898],[101.28108317184073,2.961814661946958],[101.28016525284859,2.961724283057653],[101.28088634479299,2.964613381045991],[101.28260755560201,2.96881107766257],[101.28621715543835,2.971285251059446],[101.28984463562506,2.975310074389049],[101.29134525334067,2.975969279846162],[101.29349599454146,2.975882054412004],[101.29438038535775,2.976254041716947],[101.29655403751507,2.977359811116413],[101.300358216652,2.979804198126269],[101.30192102587081,2.980419007029607],[101.30273175036037,2.980541577403468],[101.30411998911083,2.980175620637036]]],[[[101.28319961745923,3.026443155620373],[101.28342881536716,3.024915324407175],[101.28202760665563,3.02030799059062],[101.28049116441338,3.015903370520942],[101.27861501348652,3.012580936863273],[101.27525671027303,3.009525091664824],[101.27290296848341,3.008435280135747],[101.26907163960303,3.005987347584605],[101.2663869491312,3.00286570591232],[101.26374119696278,3.000676207644247],[101.26160929152809,2.998189755910806],[101.2595267909756,2.99680250949856],[101.25429556933103,2.992541531638285],[101.25127353702644,2.989689698682525],[101.24221292962827,2.979238739695548],[101.23623735040262,2.973196777439639],[101.22912567210807,2.96417298709259],[101.22509808299738,2.959828973279416],[101.2206761855475,2.952099117682464],[101.21639653439043,2.941729630588805],[101.21520002385239,2.936310689560025],[101.21326502009079,2.93014500380098],[101.21195506123856,2.917279495440707],[101.21162246656445,2.91585698102477],[101.20907788539706,2.910975755934609],[101.20807549012942,2.908332844527806],[101.20733816698035,2.907179942403906],[101.20572675324652,2.905618366802704],[101.20404589597612,2.90480121227972],[101.20121894546742,2.904522293096904],[101.19556118664667,2.905318270001347],[101.19117953037934,2.907200983819873],[101.18969523883268,2.908279764724141],[101.18854699532837,2.909562592861884],[101.18597593819821,2.913955145955315],[101.18354203777277,2.917468082278426],[101.18326961104849,2.918550371443028],[101.1833336257267,2.919701331507362],[101.18393801441556,2.920244630542528],[101.1852170423096,2.920316043832697],[101.18778288119337,2.917751179761567],[101.18892958524255,2.917009890132825],[101.19027632626296,2.916946105435046],[101.19155360524685,2.917626737022433],[101.1926948726296,2.918780823136813],[101.19390133607737,2.920679719945162],[101.19443044900213,2.923998205397456],[101.19388619302929,2.925959722437995],[101.19280233558209,2.92825813864175],[101.18914947384258,2.934204507424082],[101.18867310766308,2.935963138878232],[101.18839658035708,2.938466975862814],[101.18832320705063,2.940565246710805],[101.1886547833263,2.942326233048616],[101.19099064914467,2.949508513457854],[101.19112101786193,2.950998146026199],[101.19071157554414,2.95289236622962],[101.18935657565578,2.955799231127788],[101.18901621208332,2.957084412454214],[101.18900585623811,2.960672132581828],[101.19099979420467,2.969681191829558],[101.19086122054745,2.971034660279008],[101.18990899089061,2.974348868582565],[101.18942572466068,2.978476772193845],[101.18806712578072,2.982602117521671],[101.18878189877057,2.99153980058531],[101.18837299393728,2.993230950985954],[101.18600689689669,2.996473322688862],[101.18216062004943,2.999305171337749],[101.17966513645013,3.000719402461288],[101.1782479735467,3.001798331623235],[101.1775047362627,3.002676162040726],[101.17736177749133,3.005518883635016],[101.17923608048324,3.009315270502547],[101.18036991147186,3.013041785740449],[101.18137539355074,3.014601713976994],[101.18675036801443,3.018679192046153],[101.19239788789955,3.021674342568745],[101.19764634660038,3.022975932755616],[101.19858571397698,3.024129494575501],[101.1997239539802,3.02636675515259],[101.19998388273714,3.029616867461814],[101.19924062943639,3.030494723413784],[101.1982965438485,3.030965819420403],[101.19695000975884,3.030894175658804],[101.19493306180719,3.029805140885196],[101.19238038157594,3.027699109619154],[101.1908332265188,3.027153006724318],[101.1880728433247,3.027009499103226],[101.18686276774918,3.02632899195316],[101.18544950317965,3.026054053196368],[101.18457275604196,3.026525330802432],[101.18403012117503,3.027877620485183],[101.18456446520973,3.029368474030893],[101.18563789542718,3.030725527064632],[101.19020671208334,3.034191406140171],[101.19376354571472,3.038331248879388],[101.19826156334022,3.043015414145669],[101.20201675167642,3.048442043251231],[101.20389239741331,3.05183230662993],[101.20509447316046,3.055288293650486],[101.20649228753413,3.060911113911798],[101.20822680782662,3.066534931982602],[101.21256955022668,3.078394424149618],[101.21450319726615,3.085034298779768],[101.21489234326641,3.091623119100876],[101.21456808176586,3.094583876953246],[101.21372108445992,3.096379571836649],[101.21339957900865,3.098388360498397],[101.21423459623497,3.100717872489658],[101.21591047895282,3.103367180425372],[101.21937240609545,3.106973711714128],[101.2236786075689,3.109736502453381],[101.22525176191891,3.111539301336301],[101.22672184077507,3.112601364069262],[101.23197329265516,3.116001554798868],[101.23365597837369,3.116323796030583],[101.23607646497204,3.116225079064002],[101.24803024209983,3.111804514618921],[101.25328676865104,3.110533489125109],[101.25598556727785,3.108781159333318],[101.26517154027545,3.099262301279594],[101.26618631235246,3.097640479484629],[101.27444510419603,3.078381755883359],[101.27512869943328,3.074450138896591],[101.27742718533511,3.067765039573914],[101.28041093865346,3.066955032522894],[101.28125717103521,3.065370786758918],[101.28221248833353,3.062411749531127],[101.2825385590533,3.058710486085477],[101.28212749294445,3.055218684802221],[101.28213700459558,3.051833857891264],[101.28304812608145,3.047415837622882],[101.28381751851181,3.045269262673438],[101.28453888449522,3.042099332738276],[101.28496435882894,3.035551952913196],[101.28461543496414,3.032941765758726],[101.28396074182835,3.030484198237595],[101.28249353323143,3.027410404285008],[101.28319961745923,3.026443155620373]]],[[[101.20483129513732,3.076340836713192],[101.20436641193717,3.074105512505757],[101.20235999867178,3.069360921725723],[101.19994404940266,3.066510605092994],[101.1955118900215,3.062300445056482],[101.18659164275452,3.050021330284134],[101.18498028599522,3.048391895405897],[101.1824927561204,3.047030649332649],[101.17980183636351,3.046142659704978],[101.17805047231899,3.046340559304904],[101.17602856812972,3.04694382004871],[101.17461110818337,3.04809042490909],[101.17386721705975,3.049171330917084],[101.17385787365454,3.052352948478484],[101.1754539010015,3.059194849769451],[101.17665704345991,3.062244688086225],[101.17772889409947,3.064143325457577],[101.1794062020698,3.06624684506214],[101.1831662682053,3.069981220886276],[101.18712997309461,3.073174632856323],[101.1900871750219,3.07514654540893],[101.19203785433234,3.07589695997582],[101.19571460412742,3.078680624035435],[101.19647122922993,3.079700998223293],[101.1970721548309,3.081462856434295],[101.19679962961644,3.082545182209914],[101.19598877391758,3.08349052735252],[101.19457382849589,3.083757131160292],[101.18932562539389,3.08225230946965],[101.18050862090406,3.080669173896484],[101.17539616238399,3.078826205393022],[101.16960953920747,3.077251983360487],[101.16073476198395,3.072486843214451],[101.15804080340033,3.072614170125878],[101.15682509078025,3.073829030985009],[101.15587471442421,3.076398575690073],[101.15539671079631,3.078631063942641],[101.15532113137056,3.081406317642026],[101.15577481780109,3.085947454967719],[101.15775230199849,3.093251739179969],[101.15891665112837,3.096458196284819],[101.16021154949024,3.098949480092502],[101.16216024767513,3.102217703305892],[101.16801341578078,3.110312073578665],[101.18293342634134,3.126235544676299],[101.18467957358557,3.127865455817144],[101.18649506697834,3.128818612252238],[101.18959229841286,3.129030921200215],[101.19168096515472,3.128698652547115],[101.19586346451706,3.126274007775905],[101.19809098316269,3.124520508269927],[101.1998528372537,3.12080243006197],[101.20047815640744,3.114237742171331],[101.20027284266514,3.110452663428007],[101.20057177558536,3.107735021375472],[101.20117280591639,3.105545070328346],[101.20321281904336,3.100232718847352],[101.20612609222567,3.094216355183494],[101.20694207773505,3.091510915636731],[101.20735381124103,3.08887198381507],[101.20736168961646,3.086164168682203],[101.20670501561561,3.080408089262548],[101.20483129513732,3.076340836713192]]],[[[101.29282792108829,3.138490219435337],[101.29261304395251,3.138985843667425],[101.2926229004521,3.140219761224529],[101.29351997486924,3.141766360283491],[101.29464425017105,3.142293469118806],[101.29526955171501,3.142337164739674],[101.29623722354422,3.142144443769848],[101.29689789085063,3.141545478637672],[101.297318731855,3.140461155652231],[101.29733646101408,3.138905430732538],[101.29717775335448,3.13840874035381],[101.29620626657689,3.13752078988239],[101.29562019232935,3.137170411532624],[101.29436579747207,3.137247306509196],[101.29282792108829,3.138490219435337]]],[[[101.2825476550239,3.107283535789381],[101.27739492112924,3.108568057580249],[101.27441067933378,3.109691117292905],[101.27263599953638,3.110649990546349],[101.27064386618494,3.112477897744844],[101.26851779933189,3.115582401697368],[101.26198140159326,3.123225505470488],[101.26050953858835,3.12534957076079],[101.25903588735021,3.128095750265814],[101.25880122306724,3.130419847471529],[101.25930795850012,3.135463789789004],[101.2586083456179,3.140897166128351],[101.2544774633512,3.161480813957653],[101.25362176595308,3.164523472116478],[101.25083339822623,3.171293263273974],[101.2505043449115,3.172438328208653],[101.25043390342695,3.17427176219731],[101.25059242980736,3.175778428657829],[101.25133758646984,3.177188575047478],[101.25396746507637,3.180208653761595],[101.25474737733137,3.180865798599648],[101.259156980192,3.183248602462727],[101.26189509523904,3.184384431693733],[101.26369574147148,3.184297168854959],[101.2647720418549,3.18384187939743],[101.26676364270386,3.182275955176422],[101.26780952439458,3.181067465984364],[101.26947836465543,3.17845279653993],[101.27291092526292,3.174206030590815],[101.27461483286231,3.170707366083283],[101.27494787456979,3.168154312451473],[101.27728140811016,3.160891925924294],[101.27764663128175,3.158469941526442],[101.27758595950206,3.156898068086201],[101.27818068872033,3.153952845903298],[101.2793947853043,3.150845685854037],[101.27995496929947,3.148587981678832],[101.27923238425241,3.139221225553712],[101.28409948172292,3.122928872689644],[101.28795021818814,3.113501877457897],[101.28869102116637,3.109543336085845],[101.28838246094521,3.108075549191562],[101.28780083023906,3.107340437984861],[101.28632304137595,3.106518947856247],[101.28442578340322,3.106597357630319],[101.2825476550239,3.107283535789381]]],[[[101.32962262498329,3.008245576976433],[101.33326195120264,3.009080670384529],[101.33485335146804,3.008569430294397],[101.33629868853122,3.007352029549107],[101.33682710905899,3.007314012613713],[101.33697559409735,3.006939314116788],[101.33763608451598,3.00126920242665],[101.33724604719534,3.000306342716868],[101.3365862288508,3.000096375395765],[101.33629095897449,2.999575174630114],[101.33550217480433,2.999595797796443],[101.33578738977609,2.998627392363674],[101.33502164956111,2.9978706262753],[101.33191686027449,2.996265063171282],[101.3311067898465,2.996176695124527],[101.33011735830884,2.995104517036491],[101.32780085677906,2.993727215046379],[101.32688060431329,2.993466279443469],[101.32607349855965,2.993600416902667],[101.32483510871127,2.992703013371486],[101.32232521086314,2.992133360218867],[101.32207752851086,2.991561715394783],[101.32152878488542,2.991204910316323],[101.31953294524746,2.990058160553636],[101.31812738445933,2.989742040187297],[101.3180569904499,2.989361389684678],[101.31644146146547,2.98838077242523],[101.31150525780053,2.986363589047322],[101.30959871152288,2.985971634174333],[101.30718025485135,2.984359093455564],[101.30601087396448,2.983930315988034],[101.30327280368175,2.98182257965408],[101.3000650937952,2.980745088126551],[101.2944766301028,2.977643186642267],[101.29247150455458,2.977256481702792],[101.28951588686687,2.975975609381452],[101.28837607148444,2.975099647407118],[101.28554058465639,2.971968111899069],[101.28418429836434,2.970896315361757],[101.28226147686435,2.96988895700775],[101.28054154405635,2.969516640331731],[101.27831816380247,2.968088701307698],[101.2749384406924,2.962622525069579],[101.26928342756638,2.955043459065665],[101.26836558983058,2.954455203826873],[101.26594721604921,2.953614281754067],[101.26413623496204,2.952528557976494],[101.26381318632275,2.952662576337326],[101.26394687230686,2.952849562173652],[101.26378378007048,2.952966808354838],[101.26332401313051,2.952976991608924],[101.26287704212882,2.952496287995696],[101.26255988120589,2.952567162949021],[101.26183641873108,2.953882281810677],[101.26141362368199,2.955305048261808],[101.26119508027095,2.958226761680395],[101.2620999625272,2.962146377840139],[101.26221287716106,2.970114482197851],[101.26243047275736,2.971508286139421],[101.26227745118553,2.971766233262634],[101.26283180150408,2.974349230277976],[101.26329685330712,2.975116923218622],[101.26313805186354,2.975738503312861],[101.2632786683272,2.976509263148403],[101.26345286869501,2.977184420975566],[101.26373839974383,2.977194800237251],[101.26367518604194,2.977673106522803],[101.26419951567443,2.979422501549061],[101.27143556974417,2.990119964095786],[101.27582012836585,2.99756882586796],[101.27659559305687,2.998536372401449],[101.27685945510865,2.999915169563398],[101.27772654842515,3.001493754462273],[101.28027368394383,3.004421436380374],[101.28280213801624,3.009118993242531],[101.28350977972059,3.009405701942601],[101.28397253391515,3.008994504532433],[101.28469778075468,3.006418397990889],[101.28516844606548,3.003171254269268],[101.28578865801697,3.001471422710658],[101.28722646735493,3.000856718016216],[101.28866312549683,3.000654510983796],[101.29014935109917,3.001071198227133],[101.29511663158209,3.003869569619386],[101.2978830913624,3.005011726043314],[101.30147247634602,3.005331168827382],[101.30424038309305,3.005957678552698],[101.30900174243628,3.009064798807974],[101.3137662708031,3.011037512957553],[101.32156190092586,3.011213910081566],[101.32510416413943,3.010037782683966],[101.32633738638967,3.009216183984375],[101.32833995413712,3.008396714328522],[101.32962262498329,3.008245576976433]]],[[[101.3063115598765,2.979913182538094],[101.30425683335673,2.981098980803655],[101.30415070113622,2.981615456160477],[101.30590765951763,2.983074974859569],[101.3093821230271,2.985325977299325],[101.31092228786895,2.985639288806754],[101.31211596551688,2.984076768229544],[101.31204351828937,2.98359568005059],[101.3102238117063,2.981584533080319],[101.30918824127754,2.980863910126554],[101.30740099726953,2.980029943446636],[101.3063115598765,2.979913182538094]]],[[[101.32262281098876,2.991313085556738],[101.32284410176787,2.991149095993644],[101.3222486857123,2.990282324630232],[101.32190176436389,2.990207993461569],[101.3211199260951,2.98928711337817],[101.32092175502612,2.989351638466803],[101.32086548114627,2.989045245430968],[101.32063666032093,2.989178589599115],[101.32031799118688,2.988752801455264],[101.31926789387437,2.988462790250578],[101.31782113795954,2.987123326911359],[101.3173261667743,2.987118123982939],[101.31634984794218,2.986307713191805],[101.31492909706407,2.98580676905275],[101.31415989018429,2.985835254710532],[101.31286370129354,2.985039263632271],[101.31174978337874,2.985805583020618],[101.31194613121457,2.986403289658412],[101.31664930541079,2.988260385983089],[101.31793118895371,2.989111380242385],[101.31899082164192,2.989221983801774],[101.32023440626689,2.990200848734763],[101.32262281098876,2.991313085556738]]],[[[101.4271925492966,3.192396380210781],[101.47348469161477,3.160355458259966],[101.47105823179487,3.158110902126678],[101.46850347204197,3.157692741813449],[101.46358408548707,3.153898925260961],[101.45810942217133,3.147103991381733],[101.45408514209011,3.137602747526035],[101.45173786151089,3.137731409489761],[101.45118982662349,3.136393930548781],[101.45143659966087,3.134349254993725],[101.45500907985586,3.134388561019586],[101.45504571326504,3.119502242052845],[101.45277279520342,3.119665522799047],[101.45290124020529,3.113757607349918],[101.45019535595985,3.113582926818706],[101.45029679335819,3.112242998385407],[101.4444937515078,3.112218711256506],[101.44461918821388,3.110206022129882],[101.44163351038046,3.11003656726518],[101.4418767586167,3.10611392496362],[101.44319750926888,3.094861464110594],[101.44369617324875,3.092789482850156],[101.46884829623266,3.092895671021731],[101.46885236546527,3.091547820595603],[101.4762675012107,3.085572324787005],[101.47658833371311,3.073957836833574],[101.48004895250612,3.074059224608539],[101.48046693213566,3.059441483296273],[101.48145940762056,3.059994865888119],[101.48179572003134,3.059578396093309],[101.48283889059054,3.060670516396978],[101.48498006381172,3.061548299064952],[101.48497736034798,3.061756731650066],[101.4889190138422,3.063005333106057],[101.48945563920961,3.06297808412224],[101.48966938669909,3.062711785674452],[101.49108890313691,3.063466844756152],[101.49073674744963,3.0563470240034],[101.49076560912773,3.051945864084539],[101.49045170384413,3.048080106469005],[101.4905282179472,3.045343256590745],[101.49240835282572,3.04529346188271],[101.49621071824386,3.046621282075634],[101.49786915353776,3.046440681049183],[101.49819861829688,3.046111385088663],[101.49806857150038,3.045418422382125],[101.49648417048547,3.043023153145361],[101.49608567069257,3.041683527541561],[101.49614700254425,3.040897680880678],[101.4970638457963,3.040240637733683],[101.50369877277663,3.039822391742475],[101.50740296874481,3.039989535705863],[101.50858331703965,3.040561397435729],[101.50982218026463,3.042561604822185],[101.51076078780598,3.042836141141255],[101.51164356533103,3.042100218655269],[101.51221142383534,3.03923719891562],[101.51571245884855,3.032379987308453],[101.51869391678953,3.029686243878547],[101.51952228314357,3.02977887937087],[101.5198645706961,3.030221140043664],[101.52093376652617,3.033078366011831],[101.52134964229353,3.035514038605954],[101.52178345109155,3.036220108234461],[101.52272753214812,3.036293185015615],[101.52325019589506,3.036025020575848],[101.52400535881549,3.033215256085485],[101.52436169975165,3.029598399282002],[101.52469021385414,3.02861248795202],[101.5250196603979,3.028618540544004],[101.52538968784397,3.029152413142605],[101.52528970989758,3.031776486774906],[101.52563996519004,3.034961201258804],[101.52601100115699,3.035484819115519],[101.52754563695616,3.03605927991766],[101.52784925999187,3.036783286618191],[101.52713897490979,3.038565906375957],[101.52605526531761,3.039849660581414],[101.52661016706075,3.041823083229073],[101.526135195956,3.042499143625956],[101.52635227672228,3.043775449124997],[101.52709234660246,3.046052400398556],[101.52769429558167,3.046380954870861],[101.52862910330028,3.046432311963394],[101.52928552320662,3.045960646955604],[101.52922791306922,3.044996536742344],[101.52850457721489,3.043891262945403],[101.5282788035141,3.041241060313799],[101.52817163139213,3.039547905307495],[101.52882248812912,3.039081937507078],[101.53145224954547,3.039377899071921],[101.53351783084369,3.039022776826541],[101.53558929171989,3.038356078823643],[101.5363507019036,3.038504930873061],[101.53838204117962,3.039681939053643],[101.53941715921498,3.039594629916009],[101.53977510113849,3.03935350255343],[101.53911027728977,3.038304674741961],[101.53898825453041,3.037535742663563],[101.53989205058315,3.036305887802989],[101.54163901154853,3.035871892354006],[101.54219645981507,3.036017626907697],[101.5431534759338,3.036816791922622],[101.54461892387619,3.035083330388709],[101.54621291146437,3.03424976729527],[101.54632189248605,3.033951030190595],[101.54609243852333,3.033661992890628],[101.54522110775636,3.033431670400004],[101.54518673688071,3.033216509284665],[101.54452805578319,3.033206621663232],[101.54437043160691,3.032889808113968],[101.54464536917527,3.032179291597816],[101.55171143993296,3.028814598414729],[101.55212291468318,3.028073317631754],[101.55113418184484,3.026375046231865],[101.55125087520187,3.025365712388868],[101.5519701518114,3.025291618026347],[101.55429989212833,3.0263985242881],[101.55848557267981,3.020759937428397],[101.5582235969444,3.020030362402077],[101.55606639689805,3.02021143084625],[101.5552260290675,3.019768666118937],[101.5541924932388,3.020171986293161],[101.55373031658264,3.022836962472726],[101.55324543719487,3.023052507826443],[101.55207094681272,3.021515769079559],[101.55085321561522,3.020689141599442],[101.5538311640433,3.018389448895357],[101.55523011135236,3.018035670077888],[101.5553025305501,3.018190330133824],[101.5570435536338,3.017372117564662],[101.55682306851178,3.016897672177719],[101.55756585854478,3.016548623981216],[101.55714781316314,3.015649743520685],[101.55731128470856,3.01537226432074],[101.55802900058136,3.015154899891983],[101.55711337818492,3.014071628481213],[101.55562928589313,3.013210236561223],[101.55364738313577,3.014141689205956],[101.55399574758054,3.014890796616917],[101.55238879848733,3.016005288719381],[101.5488419748793,3.015913624668158],[101.54880447000424,3.015563023490318],[101.54752819877278,3.01575260046405],[101.54648105281194,3.016376781815668],[101.54614903301662,3.016301308109919],[101.54506938927578,3.015001299327943],[101.54530251856987,3.014269169989983],[101.54779589948373,3.012230614501815],[101.54806680745972,3.011728467132107],[101.54709358996385,3.010154636780281],[101.54726883117951,3.009930876872893],[101.54824045105329,3.009931031018753],[101.54847354195329,3.008272870961101],[101.54809848977864,3.006026042341701],[101.54825948024556,3.005513135566726],[101.54963852744739,3.004568603728651],[101.5500215028367,3.003531224671366],[101.55269478311901,3.002474216080477],[101.55372146179961,3.001147401082093],[101.5537436654267,2.999080800445111],[101.55194960430413,2.997031649792086],[101.55104853393262,2.995627131440906],[101.55062091292285,2.994706815759622],[101.550864225348,2.993280898450391],[101.55315686418585,2.989987733611475],[101.55604911970376,2.984146346078266],[101.556914787756,2.983323110363773],[101.55731193855344,2.981394514303135],[101.55828377522003,2.979813999986644],[101.55998537829787,2.978137317455769],[101.56388190136875,2.976952602156164],[101.56465687494848,2.976955916245585],[101.56544360356276,2.976569059619384],[101.56710470451988,2.976276387337938],[101.56791251094461,2.976616131789202],[101.56933708419956,2.976790970939974],[101.569975204355,2.976649294373282],[101.5711861727658,2.977376289606389],[101.57195399551671,2.978319322652832],[101.57267385071845,2.978047505555336],[101.57375779770759,2.978025646770253],[101.56603819295607,2.972999290381001],[101.56027046459391,2.969961459429864],[101.56260015658296,2.964405582577545],[101.55012288443051,2.957836647216248],[101.55012282391668,2.964609015145671],[101.54978225070101,2.964609390501228],[101.52416122625178,2.949665461069686],[101.52396060750145,2.950001726287042],[101.47068025034442,2.949978046041735],[101.47020246377079,2.951612499272421],[101.46974361312972,2.951815246875043],[101.45232150785162,2.951779148544339],[101.44310985656216,2.949867332488867],[101.42368969527726,2.949870549103207],[101.42395399119718,2.951263278626691],[101.42829881296711,2.955476193930696],[101.43098863694455,2.95689269485042],[101.4333698416197,2.957587545594575],[101.43623120279223,2.95917001874975],[101.43767393255706,2.960309944919824],[101.43837267230707,2.961440962167468],[101.43852148950555,2.963146792824631],[101.43785755887151,2.964948621453211],[101.43676080400145,2.966360884297023],[101.43322567065537,2.969670635725074],[101.42506989185895,2.975567831168407],[101.42278047178375,2.976718435704056],[101.4202050002628,2.977293623644238],[101.41834509038512,2.977581165531549],[101.41691404689972,2.977293351424704],[101.41519726179047,2.976573929958375],[101.41190650689845,2.974272076429551],[101.4103668920226,2.972821447415445],[101.40804383674204,2.969237128227874],[101.40552179791504,2.961301101068422],[101.40249156579972,2.95498464631202],[101.40058014425252,2.950379447385486],[101.3978339306323,2.946638425403652],[101.39183326416347,2.941446732283415],[101.38937184340169,2.938662317527608],[101.38781386128531,2.936043145720423],[101.38719332295997,2.933917699258867],[101.3867348376102,2.922000613520568],[101.38630880771355,2.919233330892213],[101.38377754786028,2.913051819343804],[101.38164539632831,2.909496047621533],[101.38006699026975,2.907273634805575],[101.3782145079941,2.905737803949019],[101.37549728710866,2.904524665122667],[101.3728610427596,2.904523449769521],[101.36397593317639,2.908262550514691],[101.36057299849199,2.910106728705789],[101.35923139724495,2.910524177251063],[101.35705841806698,2.912170694739393],[101.35511852065302,2.91444944763177],[101.35367949910828,2.916881075872052],[101.35155255807624,2.922049407808577],[101.35045442354121,2.924147930261808],[101.34965826339102,2.924849269671185],[101.34569075456028,2.926207515919586],[101.34199297060785,2.927157554628828],[101.34090393751043,2.927042988874988],[101.33964526404714,2.926701417911704],[101.33861957343146,2.925938686649629],[101.33763610066472,2.924673135484542],[101.33656771424685,2.922247825581734],[101.33691432265512,2.919649471442341],[101.33859944580746,2.916184238160457],[101.34412961427262,2.910945760852027],[101.34805751288008,2.906791971782417],[101.34858854182073,2.905845684074018],[101.34938192646652,2.903910266660268],[101.350440153766,2.899335832819007],[101.35013655545697,2.898172021507723],[101.34912539008248,2.896052760683049],[101.34799165899413,2.894918578258008],[101.3465675025917,2.894068753975162],[101.34299171098371,2.893431542902544],[101.34154428721119,2.893687588344273],[101.34015138361758,2.894315405304362],[101.33759329503489,2.896423361116387],[101.33396564148181,2.901603470771082],[101.33276286814304,2.904072374758007],[101.33181674569178,2.905376813688069],[101.32611899903333,2.910603098776971],[101.32233566880493,2.913476403148134],[101.32015764042578,2.913460847715465],[101.31827848806257,2.912627897524035],[101.3150399468299,2.909538357578604],[101.30981507471623,2.90293479952118],[101.30514335329079,2.896492397332769],[101.29984783458846,2.889804147568284],[101.29756679098655,2.887454212333068],[101.28714543634861,2.881741155469774],[101.28635960184741,2.883776249608337],[101.2850253587143,2.882628845277148],[101.28407398502789,2.882281924650718],[101.28069410677405,2.881766868050683],[101.27826504075475,2.881803137718873],[101.27348969462696,2.882897951599129],[101.2725157111807,2.883642047224211],[101.27186906417232,2.884562594908335],[101.27151832866616,2.887039552212128],[101.27258892963957,2.894773382812207],[101.27296679150602,2.895803166350238],[101.2759786186516,2.899448019335599],[101.27680500914742,2.901770950426756],[101.2773739608751,2.902538106345552],[101.28070052070424,2.905141872826368],[101.27925744755358,2.905962466565968],[101.2902095292268,2.924891607805197],[101.29203619362644,2.928644006800895],[101.29508856177527,2.933574823832535],[101.29674281424961,2.937210344839508],[101.30022401912868,2.942052129695279],[101.30414476619373,2.949281022597174],[101.31208256113258,2.962523747695979],[101.31427868383055,2.965238103774968],[101.3147770171605,2.965388030720891],[101.31633054834973,2.968731733376706],[101.32115643637819,2.973752804443325],[101.32402801020096,2.975758463416031],[101.32469210408948,2.976589616633963],[101.32545111066072,2.976616511005067],[101.32536358268979,2.977295731940046],[101.32872686374914,2.979637690065598],[101.3311864290344,2.980029667564514],[101.33966846675717,2.988224475743542],[101.34482547667825,2.990474198799241],[101.34689356769098,2.991674211671133],[101.35099386986789,2.996080005203844],[101.3541502890373,3.000345402494901],[101.35523519575769,3.001407573010509],[101.3564532248531,3.001830944668062],[101.35763192991111,3.001600049186425],[101.35829863551078,3.000741137698653],[101.35921124265013,2.997596786590879],[101.35995380454277,2.996545276158143],[101.36171721342774,2.995379490026343],[101.36395803396773,2.994441723515673],[101.36576278011803,3.00031834989058],[101.36485379059552,3.000429516819036],[101.36404220809008,3.001336461229839],[101.36253596182503,3.003916271604057],[101.36125431514049,3.006764660550786],[101.3596216380331,3.008886021740828],[101.35931994231234,3.009638341705073],[101.35900022187596,3.015540235734568],[101.35759206123934,3.018281792139624],[101.35798115724975,3.022235307109638],[101.35769850166317,3.02466533795068],[101.35772411988519,3.027853784681013],[101.35828435454518,3.029778914771419],[101.35781319056065,3.035018220137351],[101.35813761921807,3.03777316203282],[101.35798937524537,3.043601231363994],[101.35832646104696,3.045669308729178],[101.35824338211224,3.048214741441426],[101.35861520601183,3.049463381384745],[101.36086092837748,3.051858594619604],[101.36087627431597,3.053217601670297],[101.36157506401894,3.055305819338241],[101.36191983291934,3.060777987387622],[101.36188601835656,3.065002544349593],[101.36140679823171,3.068167694304386],[101.36140158707924,3.070081721425665],[101.36023640307857,3.071456624110565],[101.36002404356637,3.07252790299094],[101.35935935513442,3.072937816023146],[101.3594968111976,3.073872186253569],[101.35881322610345,3.075220361513088],[101.3575151495381,3.075750800066849],[101.35693251214754,3.075754935056148],[101.3568486652595,3.076465960768528],[101.35361357976554,3.078261950159588],[101.35246862946893,3.079191879935352],[101.35108416914403,3.080671431615942],[101.34738164949168,3.085589827957365],[101.33916805339445,3.095137197793447],[101.33697228511119,3.097356147862961],[101.33487289642258,3.099144700752878],[101.33139314097883,3.100905461615317],[101.328912196254,3.102956108089684],[101.32209363364653,3.107123935229422],[101.31925391188011,3.109795597847006],[101.31715492690904,3.111416617512071],[101.31211367980308,3.11831683983401],[101.309792484223,3.122784329637553],[101.30777819066898,3.128137921698997],[101.3070271119862,3.131500665551828],[101.30612650530253,3.137592402584754],[101.30245859572267,3.152679916799057],[101.30035131973396,3.159886022524562],[101.29935484017585,3.165836305146299],[101.3094901215304,3.166682536153452],[101.31069157773862,3.167509164324394],[101.31259869376588,3.167606868034834],[101.31379029062455,3.168407673255687],[101.31570524406057,3.168994058180582],[101.31585532894724,3.168062547552116],[101.32489298977178,3.158796758189576],[101.3280346645227,3.162595606381426],[101.34321283952464,3.162101476536479],[101.3431970053161,3.174880981445042],[101.36949457793902,3.174927891399087],[101.36948379782557,3.185964848210515],[101.36976046909977,3.186125793924972],[101.40054622423382,3.186155274128968],[101.40055625852085,3.191926952835953],[101.4271925492966,3.192396380210781]]],[[[101.33627615526251,3.015595335234948],[101.33697371286439,3.009837310465279],[101.33515545216942,3.010632823314924],[101.3343858179139,3.01073382290978],[101.32900219988635,3.0100485921774],[101.3241748545317,3.012252445246612],[101.3222244165583,3.012762664375612],[101.32135276939496,3.012657113548135],[101.31729929952562,3.013213033047259],[101.31514611761473,3.012846087786542],[101.31268576918627,3.012272025048031],[101.30879159429001,3.010868933897221],[101.303517048625,3.007863499680985],[101.29628911819324,3.006451023646326],[101.29434242219189,3.00562054419484],[101.2934195051422,3.005514823945421],[101.29096207895435,3.0039094550621],[101.28840079336679,3.002767857861008],[101.28747802463272,3.002610569645455],[101.2872718640055,3.002970930547618],[101.28716195462725,3.005600337764087],[101.28638298083946,3.009052869337713],[101.28560961297367,3.010494455141008],[101.28370246131749,3.012677939682766],[101.2846186802662,3.014377970719525],[101.28715868791632,3.021343633236748],[101.28912489384571,3.025738173841854],[101.29220596714634,3.035522534724187],[101.2934099004573,3.037750941097618],[101.2947733763802,3.039014850056393],[101.29511563477925,3.041236401491071],[101.2956290232187,3.042261731144556],[101.29557474104523,3.043592322185831],[101.29603010098474,3.044157037769966],[101.29614539413677,3.046335725097054],[101.2987019549352,3.053662018073559],[101.30010250904114,3.058540187050834],[101.30056615114464,3.061317095616602],[101.30069535402949,3.063280690674076],[101.30048312176376,3.066935765463254],[101.30173633278571,3.07634929344422],[101.30139015802673,3.079733209204985],[101.30151651429868,3.082712274335161],[101.3019175434105,3.083796574962629],[101.30285731803389,3.08488239827289],[101.3039332952728,3.085427022316365],[101.3065594937523,3.08550213351773],[101.31492645250513,3.079635951165691],[101.32059265686222,3.076266937284809],[101.33010147196873,3.071419238443158],[101.33367865715265,3.06851817520726],[101.33631209526416,3.065952960838819],[101.3376648978104,3.063790370351616],[101.3380058880323,3.062234253370268],[101.33780627968342,3.061353620069612],[101.33699642657099,3.060098517891469],[101.33687120949828,3.059065608974393],[101.33765812491978,3.057473358579429],[101.33783903083669,3.056595802716967],[101.33818320138072,3.054413162097794],[101.33825201871583,3.0518023255168],[101.33798801254615,3.050007199619997],[101.33742620047084,3.049194575340359],[101.3376675031987,3.048855506243542],[101.33663384852753,3.046534285864443],[101.33691011037173,3.045597183341455],[101.33664215671514,3.044373861768865],[101.33590110585052,3.042967397963485],[101.33607618297863,3.042477416968894],[101.33581304947204,3.041232577757675],[101.33510287243779,3.03924270230209],[101.33493148533663,3.037260948395274],[101.33424146182358,3.035474218907044],[101.3344759483837,3.03501550638351],[101.33464652743548,3.033098994300067],[101.33444405496179,3.032834271297655],[101.33470962613767,3.032321813705696],[101.33474059509068,3.031442650944939],[101.33472051412907,3.030954522922075],[101.33427187409129,3.030533393671824],[101.33493174322761,3.030071636025176],[101.33544406640553,3.026151168650901],[101.33511669061156,3.02576985357102],[101.33556867214807,3.024970810412415],[101.33615056446476,3.022356211722423],[101.33569929017666,3.021594146331749],[101.33614259594749,3.021354925452154],[101.33665435220007,3.018277183185633],[101.33551629780533,3.018022823246692],[101.3352617620436,3.017114164210778],[101.33627615526251,3.015595335234948]]],[[[101.29903955106586,3.121329040382723],[101.29820125659604,3.12289835478463],[101.29830142266522,3.124344600883594],[101.29923664498071,3.125374101827312],[101.30081971755821,3.125839631704093],[101.30280053253679,3.125719519963031],[101.30357163411263,3.125341880867895],[101.30425751375145,3.124688950836152],[101.3048476007652,3.123348130295757],[101.30484952989778,3.122660517696111],[101.30413622521387,3.12147972014944],[101.30283550237696,3.120690182770983],[101.3019396169905,3.120499037021901],[101.30100156876982,3.120475418366265],[101.2998958030581,3.120786618416682],[101.29903955106586,3.121329040382723]]],[[[101.29609254178406,3.131421433062627],[101.29592417040327,3.131986764863651],[101.29621198605564,3.13347030441195],[101.2966679325363,3.134377866689455],[101.29810290285458,3.135618356730561],[101.29910256419092,3.135977454589176],[101.30033272676,3.13591808633243],[101.3013342179533,3.135627549729008],[101.30187742477727,3.135209973829705],[101.30221410336604,3.134100260551493],[101.30188325975,3.133135343305753],[101.29949102921496,3.131284413468685],[101.29778304400962,3.130755654536351],[101.29715757316364,3.130774830664665],[101.29609254178406,3.131421433062627]]]]}},{"type":"Feature","properties":{"web_name":"Kuala Langat","web_code":"02","web_area":89998.13},"geometry":{"type":"MultiPolygon","coordinates":[[[[101.38401382256554,2.775998795528428],[101.38163565587455,2.776450925087757],[101.38026552280503,2.777429575036379],[101.37810879151185,2.78037066417401],[101.37728791977266,2.782987853632539],[101.37668735728631,2.788519661216005],[101.37579963160466,2.791791514961864],[101.37527615913801,2.792739648996569],[101.37129340918244,2.796625399086389],[101.36741097822407,2.799496390812918],[101.36369262804682,2.801876666033581],[101.36316905060998,2.802857530871368],[101.36339517364395,2.803545714360213],[101.36388248409247,2.803972657541006],[101.36837562166643,2.804148317818671],[101.37739620114094,2.803844819736012],[101.38114239832129,2.803265368526797],[101.39599387659204,2.802125767503679],[101.39726440440465,2.801899906630993],[101.39817742468621,2.801411166456234],[101.39964748375799,2.799581450171821],[101.40023674470584,2.798371527235499],[101.40132104834173,2.794608998895471],[101.40191546897763,2.791401807745535],[101.4021585551167,2.78554157528221],[101.40141479598938,2.78354235524976],[101.40053799878905,2.782623281734825],[101.39897766216235,2.781604193360005],[101.38928527143734,2.777355067419703],[101.38746523619498,2.776040607667106],[101.38401382256554,2.775998795528428]]],[[[101.57569816409686,2.979732084940705],[101.5837551700784,2.962985419548747],[101.5925085291598,2.946747622784383],[101.60268674827631,2.927139048104217],[101.6250986610841,2.883090216576981],[101.63044461773273,2.87449119190055],[101.63422031895202,2.866763441208656],[101.64574869747342,2.844751511144079],[101.64796165730378,2.841129414385801],[101.66663585509899,2.822886917338486],[101.66715071930693,2.823165039195003],[101.6701378503925,2.823164531666793],[101.67262256543468,2.822270623353026],[101.67397994730618,2.82138808600607],[101.67672807546279,2.818278752829874],[101.6822571639845,2.814363622867526],[101.66774868269292,2.797016661283062],[101.6547058201544,2.782061749887446],[101.63977249205749,2.764403771582471],[101.63316789641492,2.75628542936126],[101.63300070510583,2.727597469614313],[101.596336207957,2.727591954607126],[101.5959518639112,2.686150457898545],[101.59704693510771,2.649834726539545],[101.59747380122812,2.649983903244415],[101.5982815369885,2.647348470873252],[101.59642667973891,2.646699909207293],[101.5970208006676,2.644982054516324],[101.59169667325529,2.643089334982152],[101.58415046454674,2.643437732667785],[101.58220712506991,2.644930261153253],[101.57680139481172,2.648017548471361],[101.57240678281356,2.649564710361555],[101.56658342322392,2.651184046447318],[101.56450775049346,2.651390799969039],[101.55432107274999,2.654027932155929],[101.54804800462357,2.655041160207173],[101.54536928275884,2.655896677385797],[101.53910733915669,2.658543082299112],[101.53638233371726,2.659882372710357],[101.53305415328354,2.661915816794204],[101.5298776816648,2.663390087888264],[101.51761000640941,2.668380770467422],[101.50830857125877,2.671760471888793],[101.50306925611412,2.674318359975238],[101.49448599681442,2.679151397346644],[101.48357463254473,2.682844376317998],[101.47896754700693,2.685101224310909],[101.47365162064628,2.688187988712616],[101.46771612175932,2.692482931084221],[101.45951327720338,2.701444848645872],[101.45277730619928,2.707068387587412],[101.44736447601981,2.712740584880953],[101.44488994502329,2.716046040930909],[101.43887977056173,2.725981082639476],[101.43444459280774,2.731504442853597],[101.43221474144937,2.733162165122946],[101.42552921891065,2.736532358755167],[101.42403340357444,2.739295854052035],[101.42263185094144,2.740471768641839],[101.4201031245461,2.741372578772816],[101.41307755584153,2.742428103937901],[101.41020166645565,2.743827010473774],[101.4089649706077,2.74521503408679],[101.40862754038866,2.74778490540403],[101.40875993719575,2.748934523127891],[101.40919100492226,2.750901507591945],[101.40977451183821,2.752067419418475],[101.41144019893542,2.753462967571144],[101.41280709916218,2.754086514504733],[101.41644642155126,2.754080813455434],[101.42197523224263,2.750284320465845],[101.42799795888185,2.747396381713176],[101.4363616291514,2.740552385289337],[101.43788164055321,2.740102610324513],[101.4389491663105,2.740180951754311],[101.43924866972222,2.740680748333201],[101.43880804596938,2.742464038126167],[101.43559140181425,2.747778808389893],[101.43170787443246,2.755118221304754],[101.42453779802115,2.765609673141734],[101.42201850437017,2.768672968778179],[101.42088762762208,2.769834451746156],[101.4184015642007,2.771657800528032],[101.41267930069047,2.774591780368519],[101.4073357023469,2.776468150529598],[101.40624976033821,2.777690214447454],[101.40529616089476,2.780077026469651],[101.40403010488737,2.786984545193163],[101.40307460689323,2.790097214791292],[101.4026930036592,2.792273809120438],[101.40280067396192,2.794240775763515],[101.40315036581707,2.795554266809265],[101.4035967181498,2.796728146448216],[101.4047265695383,2.798398721455808],[101.39806812292133,2.803760700127262],[101.39396987544355,2.804046234193731],[101.39067462521321,2.804687819359874],[101.38721489136147,2.804966025826219],[101.38399467815783,2.80566826975848],[101.37221416073196,2.807527348574555],[101.36950681960023,2.807641135391139],[101.36525129909761,2.807433231314298],[101.36293776701699,2.806489505081289],[101.35597797449326,2.805246056577849],[101.35209794027506,2.805235682817546],[101.34692087944863,2.806613032431335],[101.34374442456654,2.807829382393236],[101.34184671182062,2.808882817479267],[101.33958443848161,2.811296237780752],[101.3379241142982,2.81356005224165],[101.33098679729208,2.820799839003587],[101.32831893581404,2.823015536654667],[101.32619469895478,2.824400994393245],[101.32479456495146,2.824956705852185],[101.32157502792775,2.82538649784497],[101.31878922260495,2.8267096475278],[101.31605105582499,2.8270953614664],[101.31141515207919,2.828519293957541],[101.30986555726524,2.828726767252273],[101.30522238227361,2.830402987930982],[101.29619209240255,2.832906389687487],[101.29249916140674,2.834243010904518],[101.28720400280136,2.837158250088598],[101.28506130956806,2.838735388238791],[101.28303435633254,2.840950787494519],[101.28006109995971,2.84547907134364],[101.27845255577466,2.849349553839909],[101.2775280570018,2.852276824077292],[101.2772175736388,2.854095296326547],[101.27786599926205,2.857570375146722],[101.27722782630501,2.863803240887819],[101.2778470875527,2.867867615727069],[101.27854135427313,2.86928006113848],[101.27995359527273,2.871211924693924],[101.28129270903291,2.872344867940173],[101.28337059267331,2.873468673353409],[101.28436788589774,2.87608578263132],[101.28576609515628,2.878342248666164],[101.28797445005367,2.879594224858571],[101.28714543634861,2.881741155469774],[101.2980064455274,2.887764194691738],[101.30514335329079,2.896492397332769],[101.30981507471623,2.90293479952118],[101.3150399468299,2.909538357578604],[101.31827848806257,2.912627897524035],[101.32015764042578,2.913460847715465],[101.32233566880493,2.913476403148134],[101.32611899903333,2.910603098776971],[101.33181674569178,2.905376813688069],[101.33276286814304,2.904072374758007],[101.33396564148181,2.901603470771082],[101.33759329503489,2.896423361116387],[101.34015138361758,2.894315405304362],[101.34154428721119,2.893687588344273],[101.34299171098371,2.893431542902544],[101.34488048806297,2.893724151957608],[101.3465675025917,2.894068753975162],[101.34799165899413,2.894918578258008],[101.34912539008248,2.896052760683049],[101.35013655545697,2.898172021507723],[101.350440153766,2.899335832819007],[101.34938192646652,2.903910266660268],[101.34858854182073,2.905845684074018],[101.34805751288008,2.906791971782417],[101.34412961427262,2.910945760852027],[101.33859944580746,2.916184238160457],[101.33691432265512,2.919649471442341],[101.33655224291219,2.921552476319927],[101.336817599401,2.923003792567872],[101.33809434004681,2.925294989516251],[101.33964526404714,2.926701417911704],[101.34199297060785,2.927157554628828],[101.34569075456028,2.926207515919586],[101.34965826339102,2.924849269671185],[101.35045442354121,2.924147930261808],[101.35091447009533,2.923363530309034],[101.35367949910828,2.916881075872052],[101.35511852065302,2.91444944763177],[101.35705841806698,2.912170694739393],[101.35923139724495,2.910524177251063],[101.36057299849199,2.910106728705789],[101.36397593317639,2.908262550514691],[101.3728610427596,2.904523449769521],[101.37549728710866,2.904524665122667],[101.3782145079941,2.905737803949019],[101.38006699026975,2.907273634805575],[101.38377754786028,2.913051819343804],[101.38630880771355,2.919233330892213],[101.3867348376102,2.922000613520568],[101.38719332295997,2.933917699258867],[101.38781386128531,2.936043145720423],[101.38937184340169,2.938662317527608],[101.39183326416347,2.941446732283415],[101.3978339306323,2.946638425403652],[101.40058014425252,2.950379447385486],[101.40249156579972,2.95498464631202],[101.40552179791504,2.961301101068422],[101.40804383674204,2.969237128227874],[101.4103668920226,2.972821447415445],[101.41190650689845,2.974272076429551],[101.41519726179047,2.976573929958375],[101.41691404689972,2.977293351424704],[101.41834509038512,2.977581165531549],[101.42278047178375,2.976718435704056],[101.42506989185895,2.975567831168407],[101.43322567065537,2.969670635725074],[101.43676080400145,2.966360884297023],[101.43785755887151,2.964948621453211],[101.43852148950555,2.963146792824631],[101.43837267230707,2.961440962167468],[101.43767393255706,2.960309944919824],[101.43623120279223,2.95917001874975],[101.4333698416197,2.957587545594575],[101.43098863694455,2.95689269485042],[101.42829881296711,2.955476193930696],[101.42395399119718,2.951263278626691],[101.42368969527726,2.949870549103207],[101.44310985656216,2.949867332488867],[101.45232150785162,2.951779148544339],[101.46974361312972,2.951815246875043],[101.47020246377079,2.951612499272421],[101.47068025034442,2.949978046041735],[101.52396060750145,2.950001726287042],[101.52416122625178,2.949665461069686],[101.54978225070101,2.964609390501228],[101.55012282391668,2.964609015145671],[101.55012288443051,2.957836647216248],[101.56260015658296,2.964405582577545],[101.56027046459391,2.969961459429864],[101.56603819295607,2.972999290381001],[101.57455762542673,2.97854954720512],[101.57480721247519,2.979251610037408],[101.57569816409686,2.979732084940705]]]]}},{"type":"Feature","properties":{"web_name":"Kuala Selangor","web_code":"04","web_area":126487.7},"geometry":{"type":"MultiPolygon","coordinates":[[[[101.2190300827595,3.182974439763582],[101.21800262634041,3.183922421459476],[101.21792566389236,3.184600468655145],[101.21887071017714,3.183752728450151],[101.2190300827595,3.182974439763582]]],[[[101.21749165076766,3.185284637163351],[101.21683244607527,3.186057856727578],[101.21770117566214,3.18726623815562],[101.21791533947051,3.186888480358287],[101.21756059730363,3.186124610287107],[101.21769469559112,3.185443143133599],[101.21749165076766,3.185284637163351]]],[[[101.27377733878203,3.203694097392238],[101.27393076832111,3.204144342818686],[101.27422165551476,3.204341035346833],[101.27441455709337,3.203939984425949],[101.27419503519951,3.203295750476487],[101.27394749908838,3.203290248063052],[101.27377733878203,3.203694097392238]]],[[[101.27424481445603,3.205176170307483],[101.27438828547102,3.205375337659549],[101.27456372699513,3.205362155187137],[101.27446532033596,3.205122400837566],[101.27424481445603,3.205176170307483]]],[[[101.27700807909085,3.223593740345742],[101.27678300306464,3.22322463238013],[101.2761116445619,3.223179820244904],[101.27604786255458,3.223541264211156],[101.27637084104096,3.224117116049317],[101.27700807909085,3.223593740345742]]],[[[101.276245900909,3.225412274862564],[101.27599808558587,3.225779263659376],[101.27609225679035,3.225916065387889],[101.276245900909,3.225412274862564]]],[[[101.27777475887233,3.207452549541813],[101.27760578407391,3.20784590418247],[101.27773144048516,3.208020924563167],[101.2780041033339,3.207564734403252],[101.27777475887233,3.207452549541813]]],[[[101.27645552429821,3.210119096262674],[101.27704892098578,3.209876773554984],[101.27704074285282,3.209407807210914],[101.27669163997506,3.209126866979242],[101.27640763581323,3.20938683438074],[101.2767353986414,3.209639002285491],[101.27645552429821,3.210119096262674]]],[[[101.28167654792908,3.217405734948861],[101.28155099873402,3.217608740001384],[101.2821802811006,3.218136924388451],[101.28237689791906,3.218053753202926],[101.28216449952119,3.217413126655874],[101.28167654792908,3.217405734948861]]],[[[101.28262072892662,3.218108291466882],[101.28242399139421,3.218233332179607],[101.28257861108796,3.218269668094311],[101.28262072892662,3.218108291466882]]],[[[101.28288752449765,3.218455984788601],[101.28269023922162,3.218772430428498],[101.28292870110613,3.218623584004084],[101.28288752449765,3.218455984788601]]],[[[101.109239292644,3.489816322648148],[101.11194293654285,3.492235068131914],[101.11278397845491,3.492240134368478],[101.14936146768866,3.516676746854672],[101.1627107020485,3.525936981620133],[101.18115072446828,3.537713705486854],[101.35421490614125,3.595262328353605],[101.40911284035272,3.546485017964236],[101.4170283178559,3.537915415220825],[101.47005884332354,3.483205751259427],[101.46655764155298,3.472312809331083],[101.46072640263526,3.449950509075677],[101.46041317754926,3.438647915812111],[101.4603652779793,3.39872983240394],[101.45939447131565,3.399990350179829],[101.4585008204051,3.400508808056427],[101.45843852957488,3.401224912356478],[101.45945509707676,3.401658538498577],[101.45956037856335,3.402314332809376],[101.458338105141,3.402418089467645],[101.45764582912877,3.402238164415816],[101.45576450296623,3.400787482001622],[101.45479284212365,3.400387958140754],[101.45237122749306,3.40062712939021],[101.45180189696207,3.400906273962665],[101.44964150580448,3.399352099914586],[101.44940515622476,3.399584708030869],[101.4464697958325,3.39778104447146],[101.44665012696053,3.396865605138341],[101.44456152581486,3.396622810932862],[101.44416413940046,3.396293488943206],[101.44408098201035,3.356154801911247],[101.44695408293494,3.355822620120064],[101.44614783211321,3.341276944076088],[101.44607526245093,3.333035497614429],[101.4304063147176,3.304279557717227],[101.43164339531481,3.303336987484352],[101.4331953951803,3.303249736252861],[101.43414055234946,3.304525293934189],[101.4350722097281,3.304115760115853],[101.4354362000148,3.303190936908642],[101.43541302426328,3.302390623182488],[101.43590333490476,3.30199263262065],[101.43732247538989,3.301682245093776],[101.4378137124499,3.301275291970677],[101.43782584698285,3.300415023221489],[101.43851381362654,3.299368567981275],[101.4623758231994,3.299333608424335],[101.46236084844435,3.27454695127155],[101.46356559601992,3.274910130955112],[101.49239784027156,3.274772167471014],[101.4927783205368,3.264204308454347],[101.49274036091117,3.23558661494268],[101.49194014014999,3.233137177911226],[101.49206775753484,3.231991471886126],[101.49333103362645,3.229870194524323],[101.49262803415589,3.229504286242123],[101.49304801204818,3.185526643475577],[101.49196103819396,3.184695918863967],[101.49096323882621,3.185382706202135],[101.48965945306469,3.187070411044485],[101.4901354049398,3.188517302728975],[101.4886584925535,3.190696098439653],[101.488977444579,3.19182716388792],[101.48752874605651,3.192283051142168],[101.486718617756,3.191829011951449],[101.48555762000106,3.192068023867462],[101.48500421596073,3.191910105436142],[101.48390821907958,3.193112049220965],[101.48224857353075,3.191959374084102],[101.48069055736637,3.1920303260003],[101.47974666496314,3.191599338175217],[101.47597193902973,3.191634419637508],[101.46865032834074,3.194094256807614],[101.46621358569737,3.192472047370988],[101.46545454880976,3.192438016144257],[101.42719758605693,3.192413002407289],[101.40055625852085,3.191926952835953],[101.40054622423382,3.186155274128968],[101.36976046909977,3.186125793924972],[101.36948379782557,3.185964848210515],[101.36949457793902,3.174927891399087],[101.3431970053161,3.174880981445042],[101.34321283952464,3.162101476536479],[101.3280346645227,3.162595606381426],[101.32489298977178,3.158796758189576],[101.31585532894724,3.168062547552116],[101.31570524406057,3.168994058180582],[101.31379029062455,3.168407673255687],[101.31259869376588,3.167606868034834],[101.31069157773862,3.167509164324394],[101.3094901215304,3.166682536153452],[101.29935484017585,3.165836305146299],[101.2979066412043,3.173262042772941],[101.29763883302151,3.176385002350835],[101.29689514123018,3.186167496090785],[101.2964924363796,3.199243158570831],[101.29576835524225,3.202089197320136],[101.2944044394522,3.204933398248066],[101.29329896869332,3.207962089370513],[101.29303554472325,3.20952320315717],[101.29319566634489,3.212142096654671],[101.29502849415383,3.215837676857023],[101.29578349361616,3.218197972292536],[101.29537676920849,3.221933056332625],[101.29416152500193,3.226048627846005],[101.29298166747681,3.228433983654178],[101.29152810713873,3.230634798085666],[101.28834152966876,3.236857799810611],[101.28649205990119,3.238980895440869],[101.28610878366389,3.239821975886251],[101.28544062430319,3.244383179158449],[101.28303336202396,3.249750908589221],[101.28220347463993,3.252259759847385],[101.28117531208706,3.260142745326377],[101.28004198025505,3.262206649930198],[101.27184849440653,3.271722511179679],[101.26897663094593,3.27436319423144],[101.26349513722265,3.278512160121966],[101.25577822914967,3.286436699860888],[101.25043366800814,3.290601268632127],[101.24688961338624,3.293821741372036],[101.2432099388459,3.296521167069852],[101.24041353938445,3.299345692592856],[101.23337696119502,3.303750096212426],[101.23197371386145,3.304281855335049],[101.23041960161719,3.304307850108296],[101.22775411154942,3.304054901722817],[101.22460281162901,3.303218620421226],[101.21981967906295,3.303255996826871],[101.21898549853918,3.303588459378336],[101.21810257126687,3.304303584497322],[101.21742051806251,3.305240705921061],[101.21704076823326,3.306224269405331],[101.2171919998473,3.307447999653445],[101.20977699997096,3.312426999939847],[101.20915074978663,3.312650572970218],[101.1955725036717,3.30765712421419],[101.19283618363134,3.307218183894975],[101.19024018717653,3.307617052637023],[101.18678410811403,3.309042096176563],[101.18330620266552,3.311071891223026],[101.18119905535866,3.312612020822666],[101.17747111817967,3.316076550027542],[101.17357217799523,3.320658329140195],[101.17233021757552,3.323257618507068],[101.16969869650156,3.331901003489095],[101.16878416947134,3.337043131757649],[101.1683097426738,3.342753168843267],[101.16822039061833,3.347086283377018],[101.16864859852825,3.356581256707334],[101.16807799791074,3.363837569152226],[101.16524900877498,3.372189425252847],[101.16133434702303,3.38177822454442],[101.15954457933039,3.384084865561379],[101.15426404228859,3.386885996275248],[101.1527649174526,3.388810708266142],[101.14680338380762,3.399970230275035],[101.14277653420355,3.411212298533093],[101.13940445099557,3.41763297762905],[101.13721981975657,3.424378920783647],[101.1353514484312,3.427404926758492],[101.1272154182058,3.43691900058514],[101.11856604450867,3.44485415976917],[101.11501832156462,3.44885478105824],[101.11053431424838,3.454996144201176],[101.10707845903764,3.458828571934394],[101.10459847342726,3.462449716076399],[101.10096718987316,3.468731534673703],[101.09626693685158,3.475714280941767],[101.09485910120203,3.477577887261593],[101.09193902522321,3.480585070706158],[101.109239292644,3.489816322648148]]]]}},{"type":"Feature","properties":{"web_name":"Petaling","web_code":"08","web_area":49839.21},"geometry":{"type":"Polygon","coordinates":[[[101.49332946525008,3.229869220938528],[101.49375779347224,3.229481216350855],[101.49553982054368,3.225805517385622],[101.49714125909246,3.224092948965081],[101.49800284494174,3.222550124809462],[101.49840389053846,3.222420608118267],[101.50001490537805,3.222907472620299],[101.50034720758973,3.222025939510572],[101.5022561611389,3.219920211648651],[101.50350979325705,3.220274020894667],[101.5043118921341,3.219949979740445],[101.50454570967968,3.221245278006792],[101.50512730095141,3.221732845878064],[101.50542349424238,3.222545255181148],[101.5065260899246,3.222809951444637],[101.50778095945397,3.222482462896616],[101.50865645854604,3.222943078221898],[101.50929534654797,3.222770791284817],[101.50987106355583,3.222027186123531],[101.5103690534634,3.221821247796655],[101.51136625773057,3.221824139121317],[101.51242942001579,3.220133965439145],[101.51326125805419,3.219524299055425],[101.51422190370303,3.218135750155686],[101.51457588210593,3.218027767951005],[101.51551363449721,3.218763767226965],[101.51572235857154,3.219306687374234],[101.51631139038744,3.219247709370089],[101.51678862406688,3.218504463150573],[101.51730952516726,3.21823855370285],[101.51775206630332,3.21836055487055],[101.51909178379341,3.217620553537843],[101.52066253603701,3.217959968427566],[101.52086661601464,3.217032582677221],[101.5211716553012,3.216818863405139],[101.52164703448116,3.216920694496281],[101.5221332480461,3.217664923532969],[101.52230142844174,3.219085214984534],[101.52308063940002,3.220464340888264],[101.52415319554781,3.221127313360186],[101.52695621593882,3.221134315854848],[101.52769946270683,3.220696111387513],[101.52801501205607,3.219296447925429],[101.52881923836131,3.217465358338056],[101.52966621588988,3.216501410831344],[101.53048988031648,3.216228348543676],[101.53071199621677,3.218247579423603],[101.54714262563343,3.218238305908776],[101.55164925533889,3.225829492806123],[101.56010228636768,3.229630387885085],[101.56093895783292,3.227240705928301],[101.56237175649156,3.224439488204629],[101.56840596785757,3.216651250562979],[101.57424848676872,3.210411980074339],[101.57615599791079,3.207899946997436],[101.57660174542094,3.207524448422988],[101.5772514330032,3.208870754462646],[101.58056314373695,3.207590868303293],[101.58030293939893,3.206738664448104],[101.58178012144943,3.206285636724851],[101.5818277665361,3.205746420466018],[101.586120469,3.203262306501817],[101.58745671586654,3.202623239618004],[101.59464061965005,3.200398612193163],[101.59536837021786,3.200324393354407],[101.60097373863209,3.201123582331829],[101.60180089558925,3.201016511648336],[101.60385463744008,3.199982306923792],[101.60589851504002,3.199519059870326],[101.60788422231963,3.199670714234772],[101.60939895164127,3.200188975814674],[101.61111245333363,3.201239762453033],[101.61744155831471,3.207663324000231],[101.61816440405495,3.208035589384112],[101.61925235614824,3.208267540273399],[101.62767033113207,3.208630800050936],[101.62770063718,3.208271564585804],[101.62908262290046,3.208348286474458],[101.62718366650508,3.20312602161698],[101.62450781932047,3.198958886927921],[101.62411270871542,3.199273751672578],[101.62352759034802,3.198278423939979],[101.62298870994222,3.198012132486436],[101.62181591897443,3.197770701648716],[101.61977850611073,3.197866791696051],[101.61896150641856,3.197373618736632],[101.61875673349753,3.196714050384928],[101.61884016179184,3.194978649510123],[101.61845325650789,3.193893862721858],[101.61852624992642,3.193044063422542],[101.61924113739394,3.191386921570436],[101.61967436105856,3.188414066173329],[101.61903948071307,3.182333050627197],[101.61922594677571,3.179717296003199],[101.61972971169465,3.178939538533731],[101.61955429004472,3.177655296016327],[101.61894340910371,3.175892483276681],[101.61910053925375,3.174096657304889],[101.6188976188415,3.173241659663256],[101.61811651299634,3.172376759730511],[101.61777356277965,3.171039888062011],[101.61689366487452,3.170067931917888],[101.61713464724005,3.167566109796133],[101.61662076500349,3.16627122765248],[101.61653599240961,3.16409333110727],[101.61677495900527,3.163168441690008],[101.61558784754615,3.158827750547451],[101.61515710571697,3.152937719398255],[101.61584367072595,3.151366788419403],[101.61803268459917,3.149744388365436],[101.61824372781233,3.148176578764329],[101.61928173754421,3.145271937915612],[101.62124025808622,3.144036840513313],[101.62174554385209,3.143195593058856],[101.62299514705578,3.14205178983125],[101.6239968219036,3.141656434027274],[101.62659708239495,3.141550777594211],[101.62669245848465,3.140071197056367],[101.62727551349654,3.139628248926145],[101.62783244537354,3.138320308536847],[101.62971414254089,3.13701909866721],[101.62936710881098,3.132408528097723],[101.62955980458003,3.130478940134621],[101.63042374109058,3.130294246213391],[101.63088454689071,3.130489107259587],[101.63100260559999,3.131201030044952],[101.63147549126549,3.131463079274356],[101.63337776766927,3.13146285362999],[101.6339996220212,3.131898791674902],[101.63493255474042,3.131105869360097],[101.63527661118997,3.13133012655363],[101.63515651394357,3.131828748620358],[101.63536434393353,3.13217276220764],[101.63586727244545,3.132461832723925],[101.63625806759606,3.132371897814036],[101.63814059263292,3.130439289128061],[101.6400947933001,3.129663250898976],[101.64198466052913,3.129627814203077],[101.64359374112065,3.127758198060283],[101.64478932370196,3.127531582062484],[101.64659716931135,3.127685357757718],[101.64683006687376,3.127944077615812],[101.64789177574401,3.12697919891296],[101.64813033316668,3.126479800571714],[101.64810429947228,3.125381984038418],[101.64359527710451,3.120327639569052],[101.6433805274493,3.119179790487534],[101.64393880298064,3.118596300529224],[101.6473285605145,3.118572522353876],[101.64876381597887,3.117936874703155],[101.64957349555638,3.117291911771169],[101.65051650822082,3.115707980041671],[101.65242236564991,3.110396019037145],[101.65271095090182,3.11022766736866],[101.65832739026632,3.113639131498938],[101.65911691684909,3.112901114685429],[101.65761925151946,3.109591179573781],[101.65897967535186,3.109346376881413],[101.65917528629397,3.107411415421437],[101.65899197738904,3.107456848062597],[101.65992565781724,3.10354303974555],[101.66041188560503,3.099853467742379],[101.65943544610327,3.099060932682667],[101.65970940174935,3.098591560790118],[101.65962030298279,3.095621869473354],[101.65891163382729,3.095539323852346],[101.65890774613388,3.092203675337558],[101.66036028975775,3.092192078611069],[101.66035332552077,3.090744110137782],[101.66299396268687,3.088043060266493],[101.6637430630456,3.08632990012842],[101.65930398202555,3.084741400386627],[101.65990968980962,3.082696528863044],[101.66046491485103,3.082899853167028],[101.66068283424573,3.082354004639663],[101.65903540171534,3.0817061544746],[101.65927910006872,3.080709637120497],[101.65953663469018,3.080720290864984],[101.65985874024007,3.080264573266607],[101.65973856059638,3.079768602392164],[101.65938204698409,3.079921899606465],[101.65738259557351,3.078749143578702],[101.65670324837103,3.078707660508733],[101.65629357626435,3.078101373514913],[101.65473441307006,3.077530086911457],[101.65439505766675,3.07767419738477],[101.65394168420961,3.077313494772678],[101.65384560895019,3.076766155954556],[101.6516615016241,3.075591076239422],[101.6516177994637,3.075221725223064],[101.65089372372205,3.074419152353315],[101.64714357977337,3.071970221956141],[101.64588975406271,3.071491054644937],[101.64620892982929,3.070955228048951],[101.64992025266758,3.070141226990901],[101.65105596029505,3.069561164654905],[101.65057771217342,3.068414172045716],[101.65125203215221,3.067775741258706],[101.65109179272821,3.066933248491259],[101.65166010655561,3.067013451649282],[101.64655701019983,3.06164209630364],[101.6486785367223,3.062853273132008],[101.6493072882445,3.061732893450424],[101.64863963831507,3.061349784635081],[101.64970415170586,3.060027088369256],[101.64797302509936,3.058943167452902],[101.64814178233479,3.056975923143082],[101.64874378478717,3.057319881043993],[101.64965407666351,3.056879133266708],[101.65120302638668,3.057783619440149],[101.65093153307102,3.058257390075336],[101.65217082819792,3.058975504378705],[101.65314689712164,3.057236818371666],[101.65587133763856,3.05875332434115],[101.65711229767746,3.058053500451078],[101.65944868231797,3.058937144372294],[101.6593185487685,3.049463439036134],[101.65829512868032,3.049058402328239],[101.65676690520948,3.050255248029739],[101.65521316788853,3.050533927859789],[101.65427410915588,3.051161721670121],[101.65332966809854,3.050954462389032],[101.65234312486425,3.048446847297245],[101.65128693004974,3.048343430225502],[101.65142586444446,3.046997544179624],[101.65121850754026,3.045998474719571],[101.65932953840866,3.045537822190552],[101.65932700747287,3.045741600259252],[101.66868922203865,3.045354232564777],[101.66847827029746,3.040502997999368],[101.67151139653454,3.04167007675495],[101.67883304837765,3.041512479913023],[101.68605903368191,3.045125298693976],[101.68683284557287,3.045259300693721],[101.68782981182152,3.044786308745821],[101.68844705665055,3.043738081323628],[101.68938761407853,3.044279839175299],[101.6898979455767,3.043317602972163],[101.6909547032148,3.043235904010045],[101.69097315731653,3.044316189088084],[101.69284185990105,3.044244351194318],[101.69285980464637,3.04520485840908],[101.69360286140736,3.045182282747948],[101.69357658354541,3.04426425824018],[101.69494490817257,3.044220702157992],[101.69543215670714,3.044765270640004],[101.69903311757623,3.045080343837236],[101.69891517511216,3.046250136859461],[101.69924122792528,3.046303929502144],[101.6987040374151,3.04826840465636],[101.70009083339023,3.047795684491085],[101.70117407558924,3.048516228223494],[101.70625848615786,3.04904925720268],[101.70634521278419,3.045832528812091],[101.70703346095814,3.045892563197922],[101.70772509467683,3.044243771345484],[101.70798818510376,3.044311953074073],[101.70731794930381,3.045917379389254],[101.70810393265043,3.045990446329963],[101.70812621857719,3.047740804765051],[101.70922873980331,3.047945569962188],[101.70905396297324,3.048835424046189],[101.70928620994933,3.050479866864102],[101.7108224222832,3.053587738438431],[101.71254623496912,3.053161958705013],[101.71238959872977,3.052762140231506],[101.71343772602111,3.053936672383484],[101.71502571707059,3.053370184661004],[101.71443502184412,3.052048171058729],[101.71509320113312,3.051818631792498],[101.71600145813346,3.046478438991512],[101.71960658273268,3.047169964734297],[101.72116781277829,3.040248757087888],[101.7231678721416,3.040778520963335],[101.72420571026994,3.038847578765492],[101.72409991565085,3.036262976415916],[101.72220581338335,3.036238234135969],[101.72227716685596,3.033434639676384],[101.72330201586492,3.033668404620451],[101.72348507022829,3.033395976494833],[101.7240254707845,3.033623458125203],[101.72884150337615,3.037574706693641],[101.73062946207962,3.035223712239018],[101.73086235444418,3.030910807654024],[101.72980640608088,3.028921232224813],[101.7297604110373,3.02658397342387],[101.72896046499928,3.024101614681599],[101.72846920792848,3.024020532235424],[101.7244063890055,3.016502622892244],[101.72387077252695,3.014986560728669],[101.72420483892141,3.013671361895655],[101.71970384705347,3.011081932594534],[101.71761301096126,3.00838637308058],[101.71729266085792,3.007384526690862],[101.71839330744228,3.007369987172928],[101.71805573126332,3.003239108650985],[101.71843564113396,3.003218235522492],[101.71925080768335,2.996332072976997],[101.71924270001618,2.992814369142493],[101.71840572723467,2.98924156196205],[101.71736114837618,2.98812065599751],[101.7134024281324,2.987082695804913],[101.714257315639,2.983881012496943],[101.6813090558926,2.980846384186195],[101.63396443271225,2.980066991468581],[101.63350312763214,2.980358622060007],[101.58432839956971,2.980217725440825],[101.5775770557176,2.979630706670112],[101.57569779703934,2.979732845459685],[101.57480721247519,2.979251610037408],[101.57455762542673,2.97854954720512],[101.57375779770759,2.978025646770253],[101.57267385071845,2.978047505555336],[101.57195399551671,2.978319322652832],[101.5711861727658,2.977376289606389],[101.569975204355,2.976649294373282],[101.56933708419956,2.976790970939974],[101.56791251094461,2.976616131789202],[101.56710470451988,2.976276387337938],[101.56544360356276,2.976569059619384],[101.56465687494848,2.976955916245585],[101.56388190136875,2.976952602156164],[101.55998537829787,2.978137317455769],[101.55828377522003,2.979813999986644],[101.55731193855344,2.981394514303135],[101.556914787756,2.983323110363773],[101.55604911970376,2.984146346078266],[101.55315686418585,2.989987733611475],[101.55065710914062,2.993800851681841],[101.55062091292285,2.994706815759622],[101.55104853393262,2.995627131440906],[101.55194960430413,2.997031649792086],[101.5537436654267,2.999080800445111],[101.55372146179961,3.001147401082093],[101.55269478311901,3.002474216080477],[101.5500215028367,3.003531224671366],[101.54963852744739,3.004568603728651],[101.54825948024556,3.005513135566726],[101.54809848977864,3.006026042341701],[101.54847354195329,3.008272870961101],[101.54824045105329,3.009931031018753],[101.54726883117951,3.009930876872893],[101.54709358996385,3.010154636780281],[101.54806680745972,3.011728467132107],[101.54779589948373,3.012230614501815],[101.54530251856987,3.014269169989983],[101.54508083826323,3.014697963543752],[101.54524960541393,3.015239876545952],[101.54614903301662,3.016301308109919],[101.54648105281194,3.016376781815668],[101.54752819877278,3.01575260046405],[101.54880447000424,3.015563023490318],[101.5488419748793,3.015913624668158],[101.55238879848733,3.016005288719381],[101.55399574758054,3.014890796616917],[101.55364738313577,3.014141689205956],[101.55562928589313,3.013210236561223],[101.55711337818492,3.014071628481213],[101.55802900058136,3.015154899891983],[101.55731128470856,3.01537226432074],[101.55714781316314,3.015649743520685],[101.55756585854478,3.016548623981216],[101.55682306851178,3.016897672177719],[101.5570435536338,3.017372117564662],[101.5553025305501,3.018190330133824],[101.55523011135236,3.018035670077888],[101.5538311640433,3.018389448895357],[101.55085321561522,3.020689141599442],[101.55207094681272,3.021515769079559],[101.55324543719487,3.023052507826443],[101.55373031658264,3.022836962472726],[101.5541924932388,3.020171986293161],[101.5552260290675,3.019768666118937],[101.55606639689805,3.02021143084625],[101.5582235969444,3.020030362402077],[101.55839145332658,3.020988940840878],[101.55429989212833,3.0263985242881],[101.5519701518114,3.025291618026347],[101.55125087520187,3.025365712388868],[101.55113418184484,3.026375046231865],[101.55212291468318,3.028073317631754],[101.55171143993296,3.028814598414729],[101.54464536917527,3.032179291597816],[101.54437043160691,3.032889808113968],[101.54452805578319,3.033206621663232],[101.54518673688071,3.033216509284665],[101.54522110775636,3.033431670400004],[101.54598746497406,3.033600673866413],[101.54628163154571,3.033804791642091],[101.54627483611151,3.034194138611462],[101.54461892387619,3.035083330388709],[101.5431534759338,3.036816791922622],[101.54219645981507,3.036017626907697],[101.54163901154853,3.035871892354006],[101.53989205058315,3.036305887802989],[101.53898825453041,3.037535742663563],[101.53911027728977,3.038304674741961],[101.53977510113849,3.03935350255343],[101.53941715921498,3.039594629916009],[101.53838204117962,3.039681939053643],[101.5363507019036,3.038504930873061],[101.53558929171989,3.038356078823643],[101.53351783084369,3.039022776826541],[101.53145224954547,3.039377899071921],[101.52882248812912,3.039081937507078],[101.52817163139213,3.039547905307495],[101.52850457721489,3.043891262945403],[101.52922791306922,3.044996536742344],[101.52928459110397,3.045708307811089],[101.52928552320662,3.045960646955604],[101.52862910330028,3.046432311963394],[101.52769429558167,3.046380954870861],[101.52709234660246,3.046052400398556],[101.52635227672228,3.043775449124997],[101.526135195956,3.042499143625956],[101.52661016706075,3.041823083229073],[101.52605526531761,3.039849660581414],[101.52713897490979,3.038565906375957],[101.52784925999187,3.036783286618191],[101.52754563695616,3.03605927991766],[101.52601100115699,3.035484819115519],[101.52563996519004,3.034961201258804],[101.52528970989758,3.031776486774906],[101.52538968784397,3.029152413142605],[101.5250196603979,3.028618540544004],[101.52469021385414,3.02861248795202],[101.52436169975165,3.029598399282002],[101.52400535881549,3.033215256085485],[101.52325019589506,3.036025020575848],[101.52272753214812,3.036293185015615],[101.52178345109155,3.036220108234461],[101.52134964229353,3.035514038605954],[101.52093376652617,3.033078366011831],[101.5198645706961,3.030221140043664],[101.51952228314357,3.02977887937087],[101.51869391678953,3.029686243878547],[101.51571245884855,3.032379987308453],[101.51221142383534,3.03923719891562],[101.51164356533103,3.042100218655269],[101.51076078780598,3.042836141141255],[101.50982218026463,3.042561604822185],[101.50858331703965,3.040561397435729],[101.50740296874481,3.039989535705863],[101.50369877277663,3.039822391742475],[101.4970638457963,3.040240637733683],[101.49614700254425,3.040897680880678],[101.49608567069257,3.041683527541561],[101.49648417048547,3.043023153145361],[101.49806857150038,3.045418422382125],[101.49819861829688,3.046111385088663],[101.49786915353776,3.046440681049183],[101.49621071824386,3.046621282075634],[101.49240835282572,3.04529346188271],[101.4905282179472,3.045343256590745],[101.49045170384413,3.048080106469005],[101.49076560912773,3.051945864084539],[101.49073674744963,3.0563470240034],[101.49108890313691,3.063466844756152],[101.48966938669909,3.062711785674452],[101.48945563920961,3.06297808412224],[101.4889190138422,3.063005333106057],[101.48497736034798,3.061756731650066],[101.48498006381172,3.061548299064952],[101.48283889059054,3.060670516396978],[101.48179572003134,3.059578396093309],[101.48145940762056,3.059994865888119],[101.48046693213566,3.059441483296273],[101.48004895250612,3.074059224608539],[101.47658833371311,3.073957836833574],[101.4762675012107,3.085572324787005],[101.46885236546527,3.091547820595603],[101.46884829623266,3.092895671021731],[101.44369617324875,3.092789482850156],[101.44319750926888,3.094861464110594],[101.4418767586167,3.10611392496362],[101.44163351038046,3.11003656726518],[101.44461918821388,3.110206022129882],[101.4444937515078,3.112218711256506],[101.45029679335819,3.112242998385407],[101.45019535595985,3.113582926818706],[101.45290124020529,3.113757607349918],[101.45277279520342,3.119665522799047],[101.45504571326504,3.119502242052845],[101.45500907985586,3.134388561019586],[101.45143659966087,3.134349254993725],[101.45118982662349,3.136393930548781],[101.45173786151089,3.137731409489761],[101.45408514209011,3.137602747526035],[101.45810942217133,3.147103991381733],[101.46358408548707,3.153898925260961],[101.46850347204197,3.157692741813449],[101.47105823179487,3.158110902126678],[101.47348469161477,3.160355458259966],[101.4271925492966,3.192396380210781],[101.41338569876297,3.19211908256809],[101.41062469347189,3.192193360539347],[101.42719758605693,3.192413002407289],[101.46545454880976,3.192438016144257],[101.46621358569737,3.192472047370988],[101.46865032834074,3.194094256807614],[101.47597193902973,3.191634419637508],[101.47974666496314,3.191599338175217],[101.48069055736637,3.1920303260003],[101.48224857353075,3.191959374084102],[101.48390821907958,3.193112049220965],[101.48500421596073,3.191910105436142],[101.48555762000106,3.192068023867462],[101.486718617756,3.191829011951449],[101.48752874605651,3.192283051142168],[101.488977444579,3.19182716388792],[101.4886584925535,3.190696098439653],[101.4901354049398,3.188517302728975],[101.48965945306469,3.187070411044485],[101.49096323882621,3.185382706202135],[101.49196103819396,3.184695918863967],[101.49304801204818,3.185526643475577],[101.49262803415589,3.229504286242123],[101.49332946525008,3.229869220938528]]]}},{"type":"Feature","properties":{"web_name":"Sabak Bernam","web_code":"05","web_area":107810.51},"geometry":{"type":"Polygon","coordinates":[[[100.81814870318946,3.851199140692295],[100.82242545795633,3.85115040476923],[100.82374572898163,3.850282619212212],[100.82587287252252,3.849802366022044],[100.82689074392187,3.84988475917145],[100.83119183833016,3.849403810384156],[100.83663717104415,3.849339762387784],[100.84077263938735,3.849752974848087],[100.84392522091957,3.85043068519568],[100.84680138428071,3.851195592440783],[100.85164266727293,3.85334398105731],[100.85605931831186,3.854660081018937],[100.86022234187841,3.855158985138328],[100.86989281496585,3.85521286897539],[100.87797078114434,3.854399335341313],[100.88247136500736,3.854209430711255],[100.88563831628854,3.854280354520259],[100.88935197156192,3.854716834018915],[100.89692676148174,3.856454409988248],[100.90899507631015,3.861112140196841],[100.93213450141532,3.869344133115444],[100.93724261272615,3.870776709719742],[100.93980248605996,3.870914082717714],[100.94154590633066,3.870622715791449],[100.94363784859085,3.869351517176049],[100.94476257436853,3.868190456268321],[100.94525789446702,3.866847602698964],[100.94541232521063,3.864602107659269],[100.94141082221556,3.851008283491187],[100.93967757465789,3.846790081395855],[100.93862127090688,3.8429291847629],[100.93831488716413,3.839559530646337],[100.93848632484699,3.83654411591505],[100.93899061023907,3.834368738694371],[100.93972886766046,3.832806264453949],[100.94116124740829,3.831519921105967],[100.94333397945489,3.830842358448084],[100.94860997887417,3.830192331533149],[100.95329779757303,3.830139290980623],[100.95774537426051,3.829673852557466],[100.96311314826214,3.828503727077276],[100.96592729011378,3.827457377211872],[100.97106528504486,3.824548750351738],[100.97512854264927,3.821170263288145],[100.97598309510106,3.82021965093292],[100.97809973217072,3.816883739114991],[100.97879859593611,3.815058140153381],[100.97918719823114,3.812594571365033],[100.9790478622062,3.81042723351812],[100.9781880811758,3.80757577271845],[100.97714114780086,3.805945271361555],[100.97605089645943,3.804878425396481],[100.97450413751552,3.803904898029161],[100.96844946139527,3.801044549037043],[100.96448746526312,3.799535462069242],[100.96181546288422,3.798078444157396],[100.96034462519118,3.796705348741794],[100.95959152687637,3.795651525058774],[100.95893357629488,3.794077886349182],[100.95802831803421,3.790410040689399],[100.957799198008,3.786482178191011],[100.95794867960068,3.784691978042857],[100.95849536685357,3.782318595335804],[100.9591655668692,3.780895621720047],[100.96243787216967,3.776311976006808],[100.9644431409041,3.774008434023903],[100.96605178552659,3.772575867154924],[100.96945414859609,3.770372064130329],[100.97301598251242,3.76931479443847],[100.97707855580232,3.769428597142448],[100.98034764292511,3.770182348959539],[100.98286349065457,3.771326579734851],[100.98352487456643,3.771938488653699],[100.98438835263265,3.773521838026021],[100.98480522928465,3.77535784128833],[100.98470385670629,3.786603821412528],[100.98555423544128,3.79202400047816],[100.98628965412901,3.79416504169353],[100.98786681396327,3.796563719411384],[100.9909192440754,3.799522787663463],[100.99216937440089,3.800353342295512],[100.99398407179869,3.801309179226227],[100.99615943511444,3.801427387040535],[100.99793190512824,3.800928005351675],[101.00123851165036,3.799209640528748],[101.00370409845944,3.798688361003199],[101.00582659259095,3.798778930489026],[101.00736608674491,3.799387519397685],[101.01318122711234,3.803027502095849],[101.0164672525654,3.804470447335476],[101.02024737947225,3.805758850892829],[101.02342972219527,3.805889774816308],[101.0244576103304,3.805612878508214],[101.0260253833039,3.80464837655577],[101.02764211025817,3.802698992180326],[101.02917522016425,3.800191479904239],[101.03075131808087,3.79577069455099],[101.03082548508813,3.793889703340713],[101.0302602258445,3.792234555879205],[101.02870862834935,3.790109460350484],[101.02643031309385,3.787845381181799],[101.02576071422507,3.786330639875406],[101.02561824100628,3.785210648261455],[101.02586155447896,3.783818044060728],[101.02658151292955,3.782817364297939],[101.02733708740739,3.782436368924808],[101.0290062776415,3.782306011531994],[101.03030702330994,3.782544890591405],[101.03333977839681,3.784390774499844],[101.03498788476551,3.785074335852493],[101.03644162060785,3.785305039550647],[101.04084751508499,3.785339761279012],[101.04347366668617,3.786089569120802],[101.04488508020636,3.7869428537792],[101.04745886699185,3.789165876571518],[101.05076850824885,3.792772504070244],[101.05321011641836,3.794323126563627],[101.05647949707426,3.795863445340605],[101.0581619839128,3.795725716778852],[101.06002791098909,3.794327999196049],[101.06060088352145,3.793119295844039],[101.06084274905561,3.791662953511231],[101.06031037199783,3.78950251346787],[101.05844098279753,3.787570744278582],[101.05607489873869,3.785699802049432],[101.055345577788,3.784788958005086],[101.05464908856062,3.783448793869108],[101.05397589881986,3.779866805057427],[101.054100076228,3.777790773705102],[101.05442395096011,3.77677575514781],[101.05521499804632,3.77529778921444],[101.05755398948324,3.772394798276482],[101.05832355890152,3.770252662783367],[101.058570592828,3.7674514162392],[101.05839417967312,3.762983872228111],[101.05813861343579,3.761359072097031],[101.05713556724707,3.758032483613563],[101.0570199020673,3.75631960834812],[101.05767380504706,3.753762950250874],[101.0583408854669,3.753031664820331],[101.05919230841691,3.752600772029623],[101.06002350094529,3.752476246521099],[101.06112830276332,3.752702056804469],[101.06206971855974,3.753312486201881],[101.06331117084333,3.754581994263706],[101.06409422410903,3.756775726150288],[101.06422100113558,3.761260225793079],[101.06498662120269,3.762981538943083],[101.06591360917595,3.764102799132515],[101.06722281981659,3.764973685554684],[101.07438408614938,3.766278781994948],[101.07723171895967,3.767590820134653],[101.07888257776179,3.768936774655097],[101.07989756497149,3.770327017618655],[101.08201270902205,3.775529776015369],[101.08296057868691,3.777190445060907],[101.08758887471181,3.781716974426386],[101.08900535221692,3.782619556820669],[101.08987155182238,3.78287453311394],[101.09107242812003,3.782259663556639],[101.09212152977045,3.781182216181807],[101.09267825105594,3.779817593787823],[101.09235912338018,3.777791813575277],[101.09154012985707,3.776013522169136],[101.08981595018615,3.773996819919829],[101.08785716138496,3.770506300310264],[101.08748544158242,3.768512527077813],[101.08766488540702,3.766391747445066],[101.08813387893603,3.765410112408662],[101.08915449589183,3.764402712343799],[101.09286123510915,3.762277981247382],[101.09464582530478,3.760667309508235],[101.09755716067734,3.756309143659533],[101.10131833780513,3.752749200794309],[101.1020647436463,3.751232924881658],[101.1020777154594,3.750037222276551],[101.10054110491724,3.747998738705842],[101.09919027586504,3.748227225246819],[101.09783054199812,3.748804520403712],[101.09614121687964,3.750092784706371],[101.09571922852076,3.750841227133344],[101.09505795232167,3.753388108986272],[101.0936673947975,3.754927215301928],[101.08592940135247,3.757504177415904],[101.08088541334868,3.757990635293336],[101.07560323490388,3.759502513911923],[101.07450725417135,3.759227024684163],[101.07400013184501,3.75832317531178],[101.07408512198577,3.757267439405742],[101.07622370053512,3.752690415198951],[101.0778847513519,3.750364528517102],[101.0782064444929,3.749301731660657],[101.07978572834858,3.746257617492986],[101.08005286344311,3.744918184592971],[101.07880869415061,3.742156372255544],[101.07694085132863,3.740447050602256],[101.07476847300597,3.737802168990826],[101.07306475714475,3.734177139976739],[101.07288020948582,3.732670073833097],[101.07301749707513,3.731172937382277],[101.0733623869057,3.730500560397898],[101.0742999639848,3.729593206518545],[101.07577142303116,3.728830394844094],[101.07724116510728,3.728811620052243],[101.07798118189932,3.728328177246602],[101.07884491044685,3.728233650843738],[101.08009609381162,3.728808308159123],[101.08057957794318,3.729371644417713],[101.08127624483204,3.732244929225938],[101.08146413623817,3.734549474756102],[101.08217969760383,3.736446064013317],[101.08281770905865,3.740149889433319],[101.08330218908638,3.741487626059659],[101.0841004888967,3.742419679198643],[101.08508518337224,3.742883333477593],[101.08609733679317,3.74300362055879],[101.08885072719028,3.741710394764019],[101.09029554902429,3.741506234829057],[101.09192050146389,3.741731028217431],[101.0931789811809,3.742215221624518],[101.09482708595887,3.743861172105777],[101.09694043261499,3.745147793431951],[101.09784248461342,3.745127249339679],[101.09957207282025,3.743923189678852],[101.09973597417144,3.73650213836009],[101.09996553435981,3.735196827643018],[101.100792943271,3.733530554058081],[101.1023115712472,3.732493562948343],[101.10398082997402,3.732298542613333],[101.10559807364228,3.73275148484554],[101.10660372163278,3.733530567689276],[101.10716282760363,3.734311690814646],[101.10725070830247,3.736301295735418],[101.10633669319307,3.739039172244984],[101.10604692234824,3.74085643090956],[101.1062338275338,3.742757158418206],[101.10730188783988,3.745314440174106],[101.109086724223,3.746746967639574],[101.11024777111737,3.747205843144648],[101.1115453702462,3.747098509997543],[101.1123949571975,3.746385791928255],[101.11638211309322,3.741182871253576],[101.11917470327089,3.736764750175277],[101.12041410396121,3.736041202899887],[101.12206172209336,3.736223635622572],[101.12317323806049,3.73722060103134],[101.12393874797732,3.739280390972018],[101.12375265270249,3.740488337709305],[101.12249812725081,3.74356271618359],[101.12229494869608,3.745379355169517],[101.12242233978036,3.746530544287987],[101.12384426089797,3.748639594832359],[101.12541465887658,3.750334516437845],[101.1279303931677,3.754065909469301],[101.12975415586416,3.757824700062911],[101.13126720580877,3.762770388585896],[101.13190983170652,3.763687912447461],[101.13268192043634,3.763877295596233],[101.13340132962517,3.76347773136944],[101.13368280133453,3.762939202828086],[101.13472742731491,3.754478199851709],[101.13535049993608,3.752605395747605],[101.13670403039063,3.751520666849126],[101.14397028724431,3.747522964110905],[101.14474284558702,3.746942587183331],[101.14493606716077,3.746432187550464],[101.14472067464715,3.745415026451705],[101.14398209758077,3.744598981752115],[101.14026280356045,3.742802177397179],[101.13736122743283,3.739409728374715],[101.13397829517449,3.736760696652731],[101.13375163290942,3.736297148862682],[101.13382152186607,3.735686129648666],[101.13469146810591,3.734634828267377],[101.13862011975482,3.734312061728653],[101.14056503511301,3.733818626050819],[101.14853730426489,3.730420064390708],[101.15195163333834,3.728563634844593],[101.15288569519049,3.728381032061137],[101.15371581300288,3.728573885514543],[101.15438197050521,3.729272564298953],[101.15450987141409,3.730533906437704],[101.15321020013226,3.73339612798265],[101.15192514947029,3.737700234152226],[101.15067593498728,3.740200831961255],[101.15065563838006,3.74098167638157],[101.15099624059779,3.742680259696469],[101.15206671332686,3.743979855202645],[101.15357257691976,3.744941833699625],[101.15507903537383,3.7447490528185],[101.1557124816558,3.744216185657724],[101.15624720053503,3.743228554438593],[101.15640775080865,3.739491172256971],[101.15710348956344,3.736241104285159],[101.16072863787394,3.730663611620578],[101.16175516680775,3.728294018896649],[101.16182715296425,3.726180235362712],[101.16208837128626,3.72550792479746],[101.16251286555064,3.725167673090289],[101.16366690863333,3.724875837668745],[101.16420216953364,3.726448691110218],[101.16385900356416,3.73255942530393],[101.16397715971206,3.735815965296857],[101.16517641025095,3.741332812698181],[101.16527752825857,3.742672266547387],[101.1649413477844,3.744138769685291],[101.16397435049265,3.745861249071476],[101.1634460989785,3.748140067746066],[101.16390424748111,3.749077641125464],[101.16543292276816,3.749547213395137],[101.16625591597453,3.749436212818158],[101.16731374134227,3.748930001524534],[101.1671082569589,3.747883989519149],[101.16755211365412,3.74612205579434],[101.16790945735137,3.741060006516155],[101.1684122194487,3.738433664144849],[101.16933004302957,3.736068159433792],[101.17096066152499,3.733893931018676],[101.17149297055752,3.732587333012827],[101.17142028217383,3.730687247989383],[101.17051163061936,3.728830681788309],[101.17054791999763,3.728011698801323],[101.17085338223848,3.727364215978661],[101.17150850938415,3.727111401318863],[101.1733658677375,3.727969304987043],[101.17864501928419,3.729241758922194],[101.18742280416706,3.730353154391049],[101.18982770602845,3.731301902938659],[101.19081267696508,3.731347855683895],[101.19131809464906,3.731000156937118],[101.19137799944419,3.730432719921657],[101.19060308753473,3.729618969794359],[101.18646818017821,3.727917456260585],[101.18493931476658,3.726826039936505],[101.17683662683665,3.716828535197386],[101.17649383267855,3.716227385449584],[101.17644916237418,3.715356908825858],[101.1760051453862,3.714900583059998],[101.17526035355465,3.714865877844137],[101.17435699584578,3.715426076598404],[101.17385917280008,3.716119382527199],[101.17297149749501,3.71841996590717],[101.17226591075281,3.719372201677808],[101.1711673882268,3.720325849957033],[101.17053458799668,3.720139350691725],[101.17025610577564,3.71949960819926],[101.170442778968,3.719149951524879],[101.17035313215298,3.716162483139306],[101.17108923952128,3.714228402973251],[101.17180831128765,3.713443294033952],[101.17301247787532,3.712845943871995],[101.17527954341371,3.709718370091621],[101.1757637558075,3.709758154155137],[101.17658791895322,3.710371026936678],[101.17727959878381,3.711313926129488],[101.18314681621884,3.716879781806365],[101.18558652850601,3.718335520039413],[101.18910128483152,3.719238259157651],[101.1896938192263,3.720093505264064],[101.19003643393911,3.72162526069575],[101.19080928174687,3.722154350722312],[101.19276692490972,3.722310744735285],[101.19351276877362,3.721871550963995],[101.19337439261925,3.721046970239348],[101.192091454519,3.72028971444351],[101.19227676678827,3.719621389749944],[101.1938281294157,3.71805966262867],[101.1946684119928,3.717899088398033],[101.19549667408589,3.718153489425557],[101.1962213655091,3.718078497426372],[101.19680880348017,3.717817755334253],[101.19733559478101,3.717065840390425],[101.197896810584,3.717041087538874],[101.19807445467318,3.717374110200138],[101.19771109507064,3.720303202899389],[101.19648514385067,3.723314633330939],[101.1963127533468,3.725198586003454],[101.19685016070058,3.727052202727204],[101.19749566803259,3.727831347815078],[101.19979258213544,3.72717669921036],[101.20100539479306,3.727319266126428],[101.20148194530162,3.727128754000733],[101.20151879996696,3.72655490529321],[101.19918291627555,3.724379610914398],[101.19927390391916,3.723680447939327],[101.20037871892626,3.723125244822564],[101.20059278828957,3.722782102771947],[101.1999718005505,3.720526991073926],[101.20061238259534,3.720214065589901],[101.20115015096607,3.721998548705228],[101.20155811716845,3.72271101954475],[101.20195037625574,3.722812421113334],[101.20244043339018,3.722525122387937],[101.20250139332254,3.721784275847674],[101.2028146883577,3.721295218645425],[101.203904479353,3.720818887987453],[101.20393322952826,3.72011995806577],[101.20344652775061,3.719337175925953],[101.20355753310551,3.718949920539419],[101.2039895464183,3.718925569705682],[101.20456730777254,3.719460302104233],[101.20522949329262,3.719586834034771],[101.2066811899783,3.719006338669941],[101.2068394959946,3.718491063250037],[101.20650616989434,3.717194685114605],[101.20749017952313,3.715798210136919],[101.20732241898199,3.714572573431302],[101.20759458206093,3.713947990992887],[101.20885863517174,3.714173973053329],[101.20966872818462,3.713438450937286],[101.21063325272037,3.713490880886425],[101.21074436563718,3.714051041911588],[101.21007304772898,3.714627578659865],[101.2100137231203,3.715290748519396],[101.21047353174566,3.715601510056585],[101.21145069440553,3.715286515622251],[101.21277542393581,3.716687848941392],[101.213254728176,3.71626950000054],[101.21307534954286,3.71546223161335],[101.21322893238641,3.715074484403506],[101.21445179318629,3.71484798806966],[101.21467519448917,3.714065576316542],[101.21442600052362,3.713652983315159],[101.21309065617655,3.714416390674986],[101.21241419454715,3.714335001006088],[101.21219714630463,3.713938765813095],[101.21226226753215,3.713220255202041],[101.21274548771366,3.712242514249127],[101.21254378626983,3.711710872966406],[101.21275545253542,3.711050593403064],[101.21313404039736,3.710875622059041],[101.21415691708832,3.711314268767563],[101.21443275797834,3.710928314178267],[101.21392272159298,3.709443637307988],[101.21251955461902,3.708275884779164],[101.21253957033464,3.707792196685141],[101.21288672073928,3.707588306074511],[101.21580894499697,3.708244038929269],[101.21733919820933,3.709374694187863],[101.21800664569164,3.71024317275886],[101.22054919577317,3.711570447019369],[101.22143255412736,3.712632182841919],[101.22197880357558,3.71294924691746],[101.22605696570656,3.713427944390995],[101.22761054816615,3.714038663360348],[101.22885899920605,3.713248850588742],[101.23049521258125,3.714991104274406],[101.23179622512363,3.714597111189529],[101.23269906216184,3.714583222574358],[101.23676533285723,3.716296514898203],[101.23721059217262,3.716647960186654],[101.23717829270082,3.717400864326584],[101.23742937503407,3.717659080674503],[101.23825348426323,3.717132519764021],[101.23912888691211,3.717207190985108],[101.2400279274544,3.718362222102275],[101.23991517715721,3.71986793085556],[101.24028814632179,3.720271595811942],[101.24061380074602,3.720129674829131],[101.240815448931,3.719470346532932],[101.24140227717378,3.719309593598143],[101.24218425388742,3.719414206784894],[101.24351875769305,3.719140962173197],[101.2439363386144,3.719827670488033],[101.2444942318932,3.719815421726655],[101.24566344410172,3.718598319614204],[101.2464005596294,3.718550364220387],[101.24652068742253,3.71791604910014],[101.24686039986601,3.717738536853739],[101.24806972015385,3.718231745163607],[101.24984765671222,3.718171580903894],[101.25003766198547,3.717782064250778],[101.24987763493465,3.717428460921484],[101.24960823634117,3.717213848450014],[101.24899418473319,3.717236365337639],[101.24874059257516,3.716923950352069],[101.2491762141444,3.715816747529638],[101.24891629479268,3.713696813771146],[101.24856014852743,3.713213508053398],[101.24714445189878,3.712635347678007],[101.2479506727354,3.712033924476676],[101.24801995417289,3.711632885991423],[101.2469509336478,3.710443679966057],[101.24669397934538,3.709374175380536],[101.24609593473772,3.708285584736569],[101.24609930925165,3.707568719652846],[101.24671599629187,3.706536994828839],[101.24624297495107,3.705495190648028],[101.24632276366009,3.704460019778479],[101.24576852899608,3.703431421823943],[101.2463397432925,3.70229948465715],[101.24616549874008,3.702130759756752],[101.24498141781545,3.702260781650702],[101.24466009118878,3.701757202812116],[101.24474241772771,3.700927463339526],[101.24511118045156,3.700359589977235],[101.24697663294185,3.699634144314954],[101.24713652783932,3.6993701125977],[101.24692678626876,3.6990249947736],[101.2460123362073,3.698682645557894],[101.24566981132077,3.698105262118825],[101.24599307937052,3.697750853744099],[101.24684063416527,3.698572584083348],[101.24725062557704,3.698365587243131],[101.24729172402354,3.69713580955254],[101.24810489697126,3.694930634466472],[101.24825997316637,3.693844391362938],[101.2474510886094,3.692098442180251],[101.24746111162112,3.691434915700607],[101.24801752223118,3.691368804104018],[101.24872055580401,3.692688725260396],[101.24914714933826,3.692532455553352],[101.24926825750607,3.692116569607255],[101.24845169854318,3.690424600560331],[101.24757686867243,3.689980766110219],[101.24654460818341,3.688911216328175],[101.2467833553797,3.687444656861134],[101.24635875525439,3.686425714384236],[101.24645244290193,3.68569028893479],[101.24605147867014,3.685042842905807],[101.24610320178843,3.684135915735922],[101.24501145302368,3.683417215076596],[101.24624773251928,3.683097283641222],[101.24669748910158,3.682497657972883],[101.24684980751525,3.681500296849225],[101.24608771644327,3.680801330935056],[101.2462009118714,3.680213491578936],[101.24657401409381,3.680077272630307],[101.2474497033674,3.680371167583356],[101.24841863086058,3.680166197053039],[101.24865399569083,3.679765546654521],[101.24847030319079,3.679030434214866],[101.24926057860418,3.678127150387644],[101.250594677772,3.678063458927609],[101.25053653641507,3.677483288459225],[101.24939245207455,3.67698312102223],[101.24924658388461,3.676710637406329],[101.25014046420398,3.67580581148732],[101.25037178835112,3.674788826156679],[101.25170774074243,3.67423315191074],[101.25197439933496,3.673235680975389],[101.25301682762918,3.672463271632908],[101.25374620611882,3.672261676566982],[101.25397140432014,3.671728698231282],[101.25443238687438,3.671396743797489],[101.25501576288897,3.67156610425091],[101.25581368452383,3.672753514093206],[101.256308194995,3.672821155372251],[101.25701082815014,3.672332428967368],[101.25738964178947,3.672336338821001],[101.25702700454254,3.673165314000544],[101.2574602040343,3.673333011058256],[101.25847265652517,3.673038843367795],[101.25966509948431,3.671996963562983],[101.25994826921152,3.67009575636268],[101.26093858694033,3.669891979085539],[101.2616005729462,3.669442607905808],[101.26222920022666,3.670097466825905],[101.26267165274766,3.66893593291574],[101.26411108870897,3.668330360668889],[101.26451442055665,3.66856992344984],[101.26436025339511,3.669593834892107],[101.26465491669939,3.669826102698774],[101.26513999557939,3.669586967465678],[101.26535917683455,3.668883558207575],[101.26641359486658,3.669589632865054],[101.26834879722983,3.669205405872181],[101.26886296655923,3.667936683669996],[101.26914527033482,3.667761378843563],[101.26950230353495,3.668027234908554],[101.26973639154757,3.668858267244508],[101.27054238638753,3.668830358936679],[101.27085897833663,3.668616340775611],[101.27106602108903,3.667725209240694],[101.27150534258767,3.66764026711052],[101.27221368630397,3.668725292852421],[101.27295430600346,3.66911630835568],[101.27300609790555,3.669540004116298],[101.27265863810473,3.670271778200423],[101.27299105262922,3.67047207480498],[101.27348071163986,3.670133937767288],[101.27377791039468,3.669230363992932],[101.27417911759994,3.669829224740701],[101.27461324566501,3.669932149269337],[101.27576664503633,3.668923523372105],[101.27717793647017,3.66814739515],[101.27901318643164,3.667981712494538],[101.27903103393906,3.668984770161936],[101.27959198516595,3.669219121919326],[101.27984339118203,3.66891035325899],[101.27992929451082,3.667958897473963],[101.28036423359792,3.667808393215955],[101.28059688511972,3.667980137680722],[101.28046360458178,3.669153638977216],[101.280661278341,3.669517559333172],[101.2810143934994,3.669427848273778],[101.28132811792082,3.668176184645352],[101.2817478102965,3.668391201111907],[101.28210333740057,3.669169751249865],[101.2821598823336,3.669873864670956],[101.28188119129271,3.670581839296365],[101.28208539096539,3.671852293581409],[101.28132141786571,3.673012817502219],[101.28153683253967,3.673474079873109],[101.2843279985541,3.673501896475429],[101.28528457759309,3.674584732392155],[101.28630083555589,3.67503858012287],[101.28720745951092,3.674594065834969],[101.28745830853023,3.674837906297146],[101.28743989676235,3.675972374260621],[101.28776861880709,3.67623309077368],[101.28974353355838,3.675225573565154],[101.29046138122696,3.675889782635318],[101.29054413431025,3.67704098567924],[101.29195059029206,3.676271112718128],[101.29272137670425,3.676181756057079],[101.29300353859507,3.676758080847551],[101.29234222999555,3.677535281469599],[101.2925846717265,3.677831387173386],[101.29320293091546,3.677894354315994],[101.29429009028424,3.677103149465653],[101.29555387363176,3.678288449167442],[101.29594339516542,3.676853467979699],[101.29646052501475,3.676829551960651],[101.29718243842198,3.677834981589296],[101.29872700043488,3.676647904466361],[101.29847093070705,3.675414818696825],[101.30000749079926,3.674161338236903],[101.30016648614296,3.672831543162857],[101.30041507640077,3.672440031134276],[101.30133715654547,3.672072886828683],[101.30272686363067,3.672304672295142],[101.30430061690903,3.673145925503688],[101.30554595492099,3.674474719369548],[101.30743719918576,3.674579757002769],[101.3078419415719,3.676275545457934],[101.3076200023373,3.677304113155826],[101.30857210711001,3.676837168951305],[101.30914583129626,3.676880141841496],[101.30932094740008,3.6774523928081],[101.30905089152675,3.678990174082652],[101.30996977934353,3.679110337973954],[101.3103782348619,3.679660645984569],[101.31002446375739,3.680687160578734],[101.31011102525275,3.681229145242825],[101.31175818124338,3.68208030405739],[101.31150157674566,3.682404693514398],[101.31095397561168,3.682350576286469],[101.31039519495782,3.683336001887961],[101.31035948538936,3.683995254438003],[101.31094751977555,3.684701984038616],[101.31152846404201,3.684856736632053],[101.31270067546792,3.684543182225459],[101.313733552017,3.68512688242237],[101.31466829876304,3.684193410804629],[101.31511579651762,3.684105259962429],[101.31532863619843,3.684538028180562],[101.31519947999308,3.685100624620624],[101.31547226077154,3.685565574569757],[101.31718230146251,3.68550297787721],[101.31857927932741,3.687180742422747],[101.31950243303723,3.687492437078401],[101.31996361293174,3.68836257812688],[101.32134459299486,3.688733687306856],[101.32181598435349,3.690234976145674],[101.32356011573039,3.690774538144033],[101.32540332668438,3.689420193335775],[101.32584633821493,3.688615107884463],[101.32614882827608,3.688495932522069],[101.32723282874554,3.689697148465837],[101.32865364087999,3.689860112070195],[101.32893629745072,3.691056832387307],[101.3298866083703,3.691943531303866],[101.33122831038062,3.691951520574051],[101.33164733037009,3.692599372715982],[101.33212442195772,3.692812454867631],[101.33252791018752,3.692797511957103],[101.33284124293395,3.692418663279921],[101.33236540747478,3.691713833619264],[101.33256127196152,3.691121441742171],[101.3340208384617,3.69059652426264],[101.3339025619839,3.690177787573464],[101.33316032821278,3.689554307435804],[101.33316225087864,3.688895843832827],[101.33345204465783,3.688593458080046],[101.3341363944321,3.688620574005438],[101.33452113006348,3.689106554215319],[101.33471480320671,3.690177122082721],[101.33672447433412,3.690258182135039],[101.33712447832579,3.691056284842026],[101.33908042847446,3.692288513386523],[101.34120460273414,3.695993973114894],[101.34302681915867,3.693529809880203],[101.34678375877667,3.689227439821543],[101.347505750292,3.687587669495634],[101.34775903397076,3.683412874096168],[101.34868111161306,3.681702274677198],[101.34765191640992,3.677115201147661],[101.3481181434703,3.674969022489269],[101.35117163650364,3.670868565100578],[101.35092070712673,3.669069747855886],[101.34985438888177,3.666812401043429],[101.3484020574859,3.653860009265161],[101.34532090653968,3.649499951717397],[101.34504140099438,3.64646523467645],[101.34624871859513,3.635916080090957],[101.34940417714851,3.622770795292202],[101.35421490614125,3.595262328353605],[101.18115072446828,3.537713705486854],[101.1627107020485,3.525936981620133],[101.14936146768866,3.516676746854672],[101.11278397845491,3.492240134368478],[101.11194293654285,3.492235068131914],[101.109239292644,3.489816322648148],[101.09193902522321,3.480585070706158],[101.08932042948318,3.484619140115799],[101.08816892815419,3.48732573628511],[101.08605242395492,3.496368568176901],[101.0851449469968,3.498999383443738],[101.08117289613566,3.506887788512147],[101.0792274818719,3.510035864477221],[101.07391903631358,3.52118144952695],[101.07225614584877,3.526489476910007],[101.0705855273125,3.538917781052162],[101.06965035390562,3.540645049596982],[101.06867153227255,3.541729049995733],[101.06761715249363,3.542613740839652],[101.06543407055142,3.543800998149104],[101.06425638393495,3.545114030412272],[101.06332173217363,3.546672852843591],[101.06294999318078,3.548524450694246],[101.062249964082,3.557633102765429],[101.06103720259307,3.560354764869401],[101.05731532520956,3.566084769078502],[101.05519934682208,3.570043770661757],[101.05444462619934,3.572491296971501],[101.0529268370173,3.57994351418524],[101.05197082753278,3.583355067470022],[101.05094445004785,3.584974819488559],[101.04912568038723,3.586561333542518],[101.04321964057634,3.589022476677708],[101.04107990166429,3.590883532122921],[101.03879862089043,3.594076300798],[101.03688690742396,3.596106533551288],[101.03549360555225,3.598061916888767],[101.03388285203398,3.601256889640641],[101.03279564867724,3.602815156447102],[101.03054689167129,3.605364873772996],[101.02726978347934,3.610100848828875],[101.02509804740342,3.612390488747166],[101.02143995680153,3.617094534541056],[101.01723538839035,3.621122977195714],[101.01329287068732,3.624248831488485],[101.0077493785645,3.627568340485618],[101.00173430075513,3.63061058541745],[100.99646429043956,3.634160603084128],[100.98964292440228,3.641273117847575],[100.98615784310817,3.644277844078935],[100.98415358988406,3.646552588612432],[100.97959688521418,3.650947064567825],[100.97474282656142,3.657622041058595],[100.97295436839933,3.659162486122727],[100.96760751920449,3.66280385770136],[100.96579047747892,3.663777623522028],[100.96313531732596,3.664702571063426],[100.96127473231468,3.665033054072943],[100.95754072050889,3.664989591250995],[100.95167675556901,3.663820966747064],[100.9469373656191,3.663620861011545],[100.9454736862537,3.663768926810762],[100.94127763165426,3.665132518554615],[100.93923084179774,3.666426973756207],[100.93808632948033,3.666836438370003],[100.93686608451955,3.667107827882834],[100.93194364604813,3.666952923832748],[100.93052526512669,3.667223613621593],[100.92792977321128,3.668516123951047],[100.92667640038982,3.669552992207112],[100.92389030052952,3.672521512850483],[100.92058485475343,3.678012812536013],[100.91671319329245,3.681946960199549],[100.91563164931308,3.684790293850698],[100.91524355179433,3.686822591912978],[100.91494289840367,3.691104187035292],[100.91378206205468,3.696196230949786],[100.91326454990406,3.701194832796414],[100.91320476459305,3.704687740364797],[100.91276575813406,3.707652957527261],[100.91091086521486,3.713699585423197],[100.90918035580499,3.718215414396782],[100.90776527775427,3.721057563661139],[100.90463083206808,3.72520954681143],[100.90085498916228,3.728880732858132],[100.8929307965553,3.733757384159876],[100.88416888633027,3.739779368676386],[100.88060806765658,3.743211934758628],[100.87934291824139,3.744020883019509],[100.87755346435765,3.744923657330722],[100.87211617861459,3.746913939162863],[100.86445643805015,3.751001624152827],[100.8615911986309,3.753024976772032],[100.85769465054234,3.757054326807934],[100.85678747821996,3.757649189953217],[100.85378297455142,3.758643212778041],[100.85082858416992,3.758943569243892],[100.83868206871664,3.758899563687891],[100.8357543462568,3.758410423316163],[100.83382735675104,3.757805286271723],[100.82812097663584,3.755128817661523],[100.82540893019004,3.754281550195538],[100.82226386798749,3.754628944577845],[100.82099951976537,3.755198527168659],[100.81755963459365,3.758033027141412],[100.81342304644753,3.762515778804298],[100.8097676172457,3.76566046619917],[100.80723154382089,3.768809247867771],[100.8054572362344,3.77205652309568],[100.80418149433434,3.775736279471313],[100.80278988430497,3.778530379918548],[100.80018131442355,3.781942037229423],[100.79795212857245,3.785809658975902],[100.79403665183655,3.799050837064596],[100.7733176477207,3.817108547985308],[100.79574556163027,3.833237218245482],[100.806357481621,3.845232226088146],[100.8161387570035,3.850380270900829],[100.81814870318946,3.851199140692295]]]}},{"type":"Feature","properties":{"web_name":"Sepang","web_code":"10","web_area":56344.59},"geometry":{"type":"MultiPolygon","coordinates":[[[[101.67111394366408,2.543473263456334],[101.66842515226251,2.543886337084812],[101.6677984382131,2.544618378430863],[101.66792098603003,2.545729305902838],[101.66917008469743,2.546214096144362],[101.67088009412768,2.54556831045246],[101.67175665565252,2.544920651537939],[101.67217491270374,2.544230051072823],[101.67180116422038,2.543642451702214],[101.67111394366408,2.543473263456334]]],[[[101.65515411392111,2.608106802097134],[101.65435997493931,2.60913182930917],[101.65458488125168,2.61103933233094],[101.65500044798101,2.6115641797533],[101.65570835405451,2.611817266674343],[101.65718809925151,2.61169490755189],[101.6577931903382,2.61134003717167],[101.6582952265507,2.610481987773147],[101.65811075920392,2.609119429915506],[101.6577367720667,2.608636591259956],[101.65646677589224,2.608151708516969],[101.65515411392111,2.608106802097134]]],[[[101.74258086849851,2.980549342988372],[101.74267215183181,2.972972269765881],[101.74309604979214,2.968702648931202],[101.7445283589889,2.964379445005013],[101.74680992991703,2.960109421012277],[101.74976741932807,2.955305640248038],[101.75148856433431,2.951073622765644],[101.75225561404632,2.94742361975838],[101.75225959719226,2.942976902499258],[101.75252445419532,2.940762040252632],[101.75393041281424,2.93662558913691],[101.75549951338982,2.933641171158657],[101.75632268151783,2.929229522923677],[101.75831112999339,2.92708345406407],[101.75872407252938,2.926195184238238],[101.75694402640555,2.926193061762047],[101.75685365065578,2.92543560990942],[101.7589431794086,2.925723677080207],[101.7590792407603,2.925433082476097],[101.75800957865873,2.925222811605002],[101.75819538866855,2.92386957509517],[101.75671765990613,2.92182521739706],[101.75596606444395,2.921741716225197],[101.75681105072198,2.920801487644852],[101.7563219288066,2.918006569933027],[101.7564616347669,2.916497100236816],[101.7578489932244,2.913550080113783],[101.76388137230228,2.908395485184286],[101.76574885714794,2.905533778472923],[101.76643754288537,2.903418475563898],[101.76669345433655,2.900091008268591],[101.76660383187308,2.899694793531265],[101.76601321846067,2.899338222450822],[101.76675656917281,2.898119376418268],[101.7664232120426,2.897528432141216],[101.76649221713718,2.890526298601725],[101.76720880344423,2.891322464729466],[101.76737120197055,2.889363832951378],[101.76863175560652,2.886688666211748],[101.77048565617798,2.885058115175995],[101.78294700288234,2.878348722977087],[101.7856687229733,2.876158388755729],[101.78677372664231,2.875139843908284],[101.78786278793658,2.873496550811654],[101.78889885895929,2.871694261782271],[101.78965398946812,2.869309060747481],[101.75125514309377,2.870467269821487],[101.76213241980047,2.703543566091259],[101.7598089178913,2.700866579932756],[101.76061150579194,2.699675139672524],[101.76033758506681,2.699226733214327],[101.75915347160118,2.698763654478552],[101.75760264018967,2.698848861750153],[101.75613417916644,2.698296151681103],[101.75587780100433,2.697833386864207],[101.7548681391473,2.697630260320166],[101.7547915445122,2.696528373580927],[101.75397884332547,2.695172351280211],[101.75363082054915,2.693708934446402],[101.75387834127974,2.693469703980747],[101.75461101815569,2.693767714178156],[101.75536124584939,2.693415196704981],[101.75505655057331,2.691603411300947],[101.75466757054815,2.691297071170764],[101.75349130295754,2.691497585060792],[101.75305865172125,2.691353940911172],[101.75177145368181,2.688973183544031],[101.75135650385266,2.687571546466864],[101.75238969890893,2.685933935343642],[101.75278553711378,2.684734409430345],[101.7517495037735,2.681425636115058],[101.75100107080874,2.681008948230189],[101.74839687103037,2.681864043866735],[101.74769978960686,2.68187438735757],[101.7465656169233,2.681524549519785],[101.74523643831436,2.68071260733893],[101.74152797483158,2.676269452147936],[101.7400580015636,2.673479641781839],[101.73987055628312,2.671080253850309],[101.74077800066392,2.668148162911464],[101.74178234127295,2.667371033495389],[101.74413433350169,2.66637353525547],[101.74564229222814,2.664565709305709],[101.74616210167065,2.660938572745283],[101.74723754904122,2.657444443962423],[101.747498600647,2.655309044532261],[101.74732138344758,2.654680413222732],[101.74623660436347,2.653241308392992],[101.744928181371,2.652356758071623],[101.73998286062546,2.650832139371812],[101.7341041156218,2.64806709018072],[101.73217492238862,2.646769820791726],[101.7290575986359,2.64326368672115],[101.72576683938557,2.638434095720812],[101.72500349786938,2.636971997740837],[101.72475779960291,2.636038147973086],[101.72485389734787,2.635209754889003],[101.72788040258328,2.631822088822108],[101.72907775270389,2.629531758672357],[101.72988277606646,2.627049646520282],[101.73047930733013,2.622373394966312],[101.73030360946848,2.619370167957801],[101.72977625249008,2.617469301771849],[101.72912992718615,2.616642978128363],[101.72814346541753,2.616333578205806],[101.72731068354544,2.61666597924965],[101.72519836878845,2.61918506213312],[101.7238255052149,2.620110404812546],[101.72189936681679,2.620373822762715],[101.71930615692345,2.619783172528201],[101.71505067414658,2.617806901085123],[101.70899268644393,2.613686899649029],[101.70529737210369,2.610556600971722],[101.70354925177143,2.608488818273322],[101.70286003569495,2.607200207605361],[101.70254404915411,2.605107364495963],[101.70331454108721,2.60372559902068],[101.70473105550542,2.602851295566472],[101.70798147284764,2.601562239553275],[101.71061126967803,2.599985136203627],[101.71205934707635,2.598691576793685],[101.71287608653014,2.597602707065122],[101.71307199371724,2.597022953310937],[101.71235899966378,2.591523999644409],[101.7123950000883,2.585883999464484],[101.71204575612367,2.585301687700978],[101.70993136682254,2.586788955642268],[101.70186391994609,2.590188805569341],[101.7012023508374,2.590157085232192],[101.7000006755949,2.589564611321527],[101.68995525456772,2.589814371873945],[101.68848030835453,2.590400858284044],[101.68398387308123,2.590541995289448],[101.68216381071028,2.590794993397108],[101.68129081709026,2.591171100468505],[101.67848893040902,2.593402972683271],[101.67596110783029,2.594108046805304],[101.67073629341344,2.597196420288728],[101.66632159493321,2.601118350529576],[101.66525073070939,2.602552587260488],[101.66390674648888,2.605075043802956],[101.66304265563981,2.608173256520183],[101.66227231771582,2.609698908306845],[101.66240625942392,2.610319249396078],[101.66264661793039,2.610425655696071],[101.66578918119336,2.610538659739518],[101.66691630261039,2.610843676488928],[101.66732139486788,2.61125291360504],[101.66736457109528,2.612115013399696],[101.66686667463469,2.612854902810596],[101.66603836164364,2.613412565821483],[101.66295341961724,2.614418780508712],[101.65860567508749,2.615270875947722],[101.65223809856413,2.618250644136823],[101.64830771986777,2.620721777710564],[101.64486054789748,2.622301758144554],[101.64116052030975,2.622656196086648],[101.63957962939227,2.623514553831962],[101.63526186032051,2.624396839924806],[101.63070120644686,2.626276643048132],[101.62038083331747,2.628309394803395],[101.61568627854463,2.62955364898999],[101.6087839502656,2.629613152109604],[101.6036233745659,2.630795760930093],[101.59510130456957,2.635478872248149],[101.59003953987725,2.63941393215316],[101.58415046454674,2.643437732667785],[101.59169667325529,2.643089334982152],[101.5970208006676,2.644982054516324],[101.59642667973891,2.646699909207293],[101.5982815369885,2.647348470873252],[101.59747380122812,2.649983903244415],[101.59704693510771,2.649834726539545],[101.5959518639112,2.686150457898545],[101.596336207957,2.727591954607126],[101.63300070510583,2.727597469614313],[101.63316789641492,2.75628542936126],[101.63977249205749,2.764403771582471],[101.6547058201544,2.782061749887446],[101.66774868269292,2.797016661283062],[101.6822571639845,2.814363622867526],[101.67672807546279,2.818278752829874],[101.67397994730618,2.82138808600607],[101.67262256543468,2.822270623353026],[101.6701378503925,2.823164531666793],[101.66715071930693,2.823165039195003],[101.66663585509899,2.822886917338486],[101.64796165730378,2.841129414385801],[101.64574869747342,2.844751511144079],[101.63422031895202,2.866763441208656],[101.63044461773273,2.87449119190055],[101.6250986610841,2.883090216576981],[101.60268674827631,2.927139048104217],[101.5925085291598,2.946747622784383],[101.5837551700784,2.962985419548747],[101.57569678050137,2.979732159281471],[101.5775770557176,2.979630706670112],[101.58742000372544,2.980301068982064],[101.63350312763214,2.980358622060007],[101.63396443271225,2.980066991468581],[101.6813090558926,2.980846384186195],[101.714257315639,2.983881012496943],[101.7134024281324,2.987082695804913],[101.71736114837618,2.98812065599751],[101.71840572723467,2.98924156196205],[101.71924270001618,2.992814369142493],[101.71925080768335,2.996332072976997],[101.71843564113396,3.003218235522492],[101.71805573126332,3.003239108650985],[101.71839330744228,3.007369987172928],[101.71729266085792,3.007384526690862],[101.71761301096126,3.00838637308058],[101.71970384705347,3.011081932594534],[101.72092193072439,3.011799910393585],[101.72600187251284,3.003358644317404],[101.72766058534371,3.001613037136258],[101.7334939479832,2.997024340917942],[101.73643409935931,2.99324747645678],[101.74134838390623,2.98406495749515],[101.74258086849851,2.980549342988372]],[[101.70655485837611,2.980060580273816],[101.7059465228761,2.979389363240283],[101.70505597324042,2.979097146738877],[101.70475041148008,2.978385990563194],[101.70371629975249,2.97842452958982],[101.70281431026466,2.977814075350305],[101.70227209909406,2.977076698156537],[101.69785474717241,2.976079051752031],[101.69737152552284,2.976162134762452],[101.69692089598527,2.975782209279722],[101.69559563213113,2.975453300464975],[101.69432428719946,2.974810442657535],[101.6897729968867,2.971864555246474],[101.68483246382361,2.970236422335011],[101.68382412612087,2.970290286247033],[101.68284089683073,2.970752494308127],[101.68028615898264,2.971205417694828],[101.68021421128759,2.970832436318106],[101.67984829837651,2.970833495334896],[101.67992951074051,2.97125658509533],[101.6775589834281,2.971509012888472],[101.67621932882564,2.971480466148966],[101.67580680783864,2.970981896931801],[101.67396665156079,2.971257007388801],[101.67107169274436,2.970421372261845],[101.66961152872591,2.969299384197585],[101.66855796007067,2.969120670126798],[101.66788026501469,2.968703761001944],[101.66779238923593,2.968296133533451],[101.66553937104882,2.966818099607678],[101.66494289761764,2.965837455876143],[101.66319220314482,2.964388299176723],[101.66291897862605,2.963392561855103],[101.66325910254405,2.96044339098362],[101.6643470243309,2.957521567387872],[101.66828095625142,2.954668592516396],[101.6695007314486,2.954825680982716],[101.67216581692003,2.952720104578725],[101.67432959713595,2.950578245791223],[101.67481660475164,2.949940677865056],[101.67492872060535,2.949229644335843],[101.67450275139775,2.946477078938343],[101.67426193294537,2.945978535006201],[101.67379620492692,2.945692108500362],[101.6685897285828,2.945138953325035],[101.66729059527236,2.944731249517342],[101.66576196829573,2.943680439914638],[101.66486066270008,2.943637736441278],[101.66642458471529,2.94228950657298],[101.66785132497947,2.940371161926928],[101.66856560591224,2.939097151416187],[101.66893402994191,2.937694464645001],[101.66912446952936,2.936316255123865],[101.66758459216204,2.930880275670575],[101.66767141896884,2.930285122711471],[101.66836977392539,2.929035685510818],[101.66828655432437,2.927650872326844],[101.66972319859148,2.926957677761151],[101.66934990264016,2.926100820767922],[101.67011845270612,2.92592324808924],[101.66999298632727,2.925732510514901],[101.67103600452596,2.925250839920772],[101.67125997786611,2.924202162291789],[101.67256345036476,2.922395128390066],[101.67265134338597,2.921825742502274],[101.67195590339456,2.921259028584321],[101.67181138101155,2.920717935190694],[101.6725151378486,2.918980530966422],[101.6721506735899,2.918092549742117],[101.67230082078147,2.916895075910721],[101.67199831236871,2.9151082937406],[101.66976523138919,2.91509178582722],[101.66976652683631,2.914545364995207],[101.66934750159089,2.914553798672013],[101.66989835617505,2.910701770676586],[101.66972017709566,2.910032933725338],[101.66873375733032,2.909238949257806],[101.66591285402964,2.908998117244075],[101.66587175235809,2.908705582175556],[101.66496044853335,2.9078680320655],[101.66434050607522,2.908247545922742],[101.66393198909572,2.908145352794604],[101.66367359606801,2.907504012526025],[101.66346958161955,2.90560114739156],[101.66367555531353,2.905534916647716],[101.66329186165629,2.903759677868267],[101.6603542458437,2.900999000889625],[101.65994919038333,2.898782269751377],[101.6621988036406,2.890042158329411],[101.6638870444927,2.888510603658125],[101.66389425569581,2.887824134496096],[101.66299382080548,2.886432409935603],[101.66286322540554,2.884876093013333],[101.66443626677068,2.882246233540995],[101.6660414640182,2.878735579942695],[101.67146937609417,2.882871859436574],[101.67209863741596,2.879708343284649],[101.67473203468865,2.875733830985567],[101.67525744164469,2.878336424826171],[101.67512533211602,2.879243804930364],[101.67557872686476,2.879202952049645],[101.67552740056034,2.880584747416069],[101.67670061681754,2.880590665526862],[101.67866413291674,2.878582418046924],[101.67969682993468,2.879575196943424],[101.67971102312956,2.879153107849396],[101.68091278519829,2.879589860808131],[101.68082516054015,2.881106064122783],[101.68333602772191,2.881386962463186],[101.68425024114622,2.881030613195951],[101.68497498102555,2.88125312139043],[101.68540120052765,2.884255884083222],[101.68707223045402,2.884189505166898],[101.68753901541167,2.887097866192997],[101.68816512886934,2.888795315249939],[101.68844202521962,2.891260253032264],[101.69000183901423,2.892591686111934],[101.69434992091877,2.892522393331292],[101.69657143599771,2.893009472909714],[101.6976809401041,2.89357260555113],[101.69765943215575,2.898506446519526],[101.70110758050568,2.899635082111752],[101.70188523084691,2.90124367345046],[101.70162437300701,2.9053391597343],[101.69759412820048,2.906329023973627],[101.69756126176519,2.909452928009447],[101.7006284241464,2.909416311723302],[101.70060293780365,2.913067726961145],[101.70740218397684,2.912984185633348],[101.70734028029575,2.916606108574461],[101.70794051840096,2.923672443006061],[101.70771446604793,2.929291388241908],[101.71546949437605,2.929277517056677],[101.7154716521645,2.929041798925311],[101.73283619594514,2.929211053363119],[101.73261341297693,2.953270919007365],[101.73112646028201,2.955262514085822],[101.71538527230192,2.95528741464772],[101.71535726948939,2.963503197518982],[101.7137791761,2.963502035793969],[101.71285513555841,2.962112845634268],[101.71136343088898,2.961217146345713],[101.71059822811742,2.9612177721606],[101.70917738965137,2.961722160543785],[101.7088322376984,2.961559658391564],[101.70881932429026,2.963122791865936],[101.70338962934588,2.963063326806322],[101.70336398652664,2.966620085834513],[101.70205190214321,2.967723830340803],[101.69976638725298,2.968027277899281],[101.70007803882795,2.971453984718661],[101.70074981089948,2.972811065679566],[101.70312380266066,2.974952168403297],[101.70302152088236,2.975137375206505],[101.7057575937735,2.976878818682368],[101.70748822376106,2.978667903132629],[101.70803030623536,2.979646003154697],[101.70823610877387,2.980017470998437],[101.7080637101293,2.981771067014301],[101.70863580751137,2.982287208467218],[101.70798969010893,2.982868188559376],[101.70694610908781,2.982595612706683],[101.70655485837611,2.980060580273816]]]]}}]}